istasyon_adi,lat,lon,brand
ESKİŞEHİR MERKEZ PETROL VE TİCARET ANONİM ŞİRKETİ,39.797451,30.521778,Alpet
BEYDAĞI PETROL MADENCİLİK TARIM ÜRÜNLERİ SANAYİ VE TİCARET LİMİTED ŞİRKETİ,37.702188,32.57163,Alpet
SAK KAYA PETROL GIDA İNŞAAT SANAYİ TİCARET LİMİTED ŞİRKETİ,37.1531,33.2184,Alpet
ALPET İSTASYON İŞLETMELERİ ANONİM ŞİRKETİ,40.8603,29.3864,Alpet
KONYA TURİZM OTO NAKLİYAT VE PETROL ÜRÜNLERİ SANAYİ TİCARET LİMİTED ŞİRKETİ,37.8686,32.5365,Alpet
AHMET YILMAZ YILDIRIM,38.2877121,31.931993,Alpet
ÇUMRA BELEDİYESİ ALİBEYHÜYÜĞÜ UN VE YEM FABRİKASI PETROL İŞLETMESİ,37.533071,32.666368,Alpet
HEDEFBİR PETROL ÜRÜNLERİ TİCARET LİMİTED ŞİRKETİ,39.02318,31.174444,Alpet
ESPO OSMANLI DİNLENME TESİSLERİ ANONİM ŞİRKETİ,39.6271,30.8216,Alpet
ESPO PETROL - Tanker 06BY1323,39.6271,30.8216,Alpet
HAKAN PETROL TESİSLERİ SANAYİ VE TİCARET LİMİTED ŞİRKETİ,40.778889,29.685278,Alpet
İSTANBUL ENERJİ SANAYİ VE TİCARET ANONİM ŞİRKETİ,41.1132,29.0556,Alpet
MEHMET NURİ VURAL,37.7339,32.7512,Alpet
ALPET İSTASYON İŞLETMELERİ ANONİM ŞİRKETİ,40.7877,29.3657,Alpet
ERGÜNLER LOJİSTİK SANAYİ TİCARET LİMİTED ŞİRKETİ,40.7573,29.8023,Alpet
ALPET İSTASYON İŞLETMELERİ ANONİM ŞİRKETİ,40.9389,29.1362,Alpet
ÖZPET PETROL DENİZCİLİK NAKLİYAT İNŞAAT GIDA TURİZM SANAYİ VE TİCARET LİMİTED ŞİRKETİ,36.4623,34.1394,Alpet
POÇAN PETROL TİCARET LİMİTED ŞİRKETİ,38.2034,32.4033,Alpet
TUNASAN GIDA SANAYİ VE TİCARET LİMİTED ŞİRKETİ,36.655109,33.364113,Alpet
HAYDAR ÜNAL NAKLİYAT SANAYİ VE TİCARET LİMİTED ŞİRKETİ,37.83882,32.78264,Alpet
ZENGEN PARK PETROL SANAYİ VE TİCARET LİMİTED ŞİRKETİ,40.4998,30.1305,Alpet
MOĞULTAY AKARYAKIT İNŞAAT TAAHHÜT TURİZM SANAYİ VE TİCARET LİMİTED ŞİRKETİ,40.71257,29.91818,Alpet
GÜNEYSINIR BELEDİYESİ UN FABRİKASI PETROL VE OTOBÜS İŞLETMECİLİĞİ,37.2723,32.7226,Alpet
BAYRAM AYAZ-AYAZ PETROL,38.949257,31.827452,Alpet
ALTAŞ İNŞAAT HARFİYAT NAKLİYAT TURİZM SANAYİ VE TİCARET LİMİTED ŞİRKETİ,40.751305,30.030569,Alpet
RAFİ TAZE,41.87707,27.980532,Alpet
KNTVİZYON YAPI SANAYİ VE TİCARET LİMİTED ŞİRKETİ,40.731044,30.135829,Alpet
KNTVİZYON YAPI SANAYİ VE TİCARET LİMİTED ŞİRKETİ KARTEPE ŞUBESİ,40.7289,30.1439,Alpet
ŞAHİNOĞLU ZİRAİ PETROL ÜRÜNLERİ NAKLİYAT VE İNŞAAT MALZEMELERİ SANAYİ TİCARET LİMİTED ŞİRKETİ,38.893992,31.992728,Alpet
AVCILAR PETROL VE TİCARET ANONİM ŞİRKETİ,40.993816,28.709549,Alpet
ALKENTLİLER PETROL VE TİCARET ANONİM ŞİRKETİ,41.108421,28.592682,Alpet
ESENPET ENERJİ VE TİCARET ANONİM ŞİRKETİ,41.012043,28.681671,Alpet
DOKUZYOL PETROL NAKLİYAT TARIM HAYVANCILIK TİCARETİ VE TURİZM SANAYİ ANONİM ŞİRKETİ,38.2112,32.7489,Alpet
MEVLÜT BOZKURT PETROL ÜRÜNLERİ SANAYİ VE TİCARET LİMİTED ŞİRKETİ,38.590975,31.068649,Alpet
GÜRPINAR PETROL VE TİCARET ANONİM ŞİRKETİ,40.996113,28.625212,Alpet
DURUSU GRUP ENERJİ SANAYİ ANONİM ŞİRKETİ,41.158,28.455191,Alpet
SOLMAZLAR TURİZM SANAYİ VE TİCARET LİMİTED ŞİRKETİ,40.98953,28.61883,Alpet
POÇAN PETROL TİCARET LİMİTED ŞİRKETİ,38.3401,32.7801,Alpet
EZELBEY İNŞAAT MERMER TAŞIMACILIK GIDA PETROL TEMİZLİK REKLAM TEKSTİL SANAYİ VE TİCARET LİMİTED ŞİRKETİ,36.1533,33.3647,Alpet
ATAER PETROL NAKLİYE İNŞAAT MADENCİLİK MÜTEAHHİTLİK SANAYİ VE TİCARET LİMİTED ŞİRKETİ,36.6995,34.4508,Alpet
ALİZE PETROL VE KUYUMCULUK GIDA SANAYİ TİCARET LİMİTED ŞİRKETİ,38.08543,31.3916,Alpet
AKT PETROL AKARYAKIT SANAYİ VE TİCARET LİMİTED ŞİRKETİ,41.094093,28.376468,Alpet
HASCERAN LOJİSTİK PETROL ÜRÜNLERİ TARIM HAYVANCILIK SANAYİ VE TİCARET LİMİTED ŞİRKETİ,38.3095,32.8621,Alpet
HALİL TECİM / KIRELİ PETROL OFİSİ,37.921745,31.5371,Alpet
SİMPET AKARYAKIT VE SERVİS HİZMETLERİ TURİZM TAŞIMACILIK TİCARET VE SANAYİ ANONİM ŞİRKETİ,40.2533,29.1587,Alpet
BEYAZLAR ZAHİRE TARIM ORMAN ÜRÜNLERİ BAKKALİYE İNŞAAT MALZEMELERİ PETROL ÜRÜNLERİ TURİZM SANAYİ VE TİCARET LİMİTED ŞİRKETİ,40.661552,30.596737,Alpet
AKARDERE PETROL NAKLİYAT TARIM ÜRÜNLERİ LİMİTED ŞİRKETİ,38.403484,32.882271,Alpet
ENGİN TOY,40.704967,30.587435,Alpet
ABDULLAH KUZU,41.039708,30.2933,Alpet
ALİ AYAN PETROL ÜRÜNLERİ OTOMOTİV GIDA TARIM HAYVANCILIK SANAYİ VE TİCARET ANONİM ŞİRKETİ,38.248234,33.093994,Alpet
ACIGÖL ARI PETROL TESİSLERİ CANLI HAYVAN VE GIDA MADDELERİ TİCARET VE SANAYİ LİMİTED ŞİRKETİ,37.70575,33.66175,Alpet
MÜZEHER ŞEN,40.920358,30.479658,Alpet
RAN PET PETROL GIDA TAŞIMACILIK MADENCİLİK İNŞAAT SANAYİ VE TİCARET ANONİM ŞİRKETİ,36.825775,34.615158,Alpet
BULDUKOĞULLARI PETROL ULAŞTIRMA OTOMOTİV TİCARET VE SANAYİ LİMİTED ŞİRKETİ,38.729427,32.712498,Alpet
RAN PET PETROL GIDA TAŞIMACILIK MADENCİLİK İNŞAAT SANAYİ VE TİCARET ANONİM ŞİRKETİ,36.811771,34.642994,Alpet
ÖMER ÖZBAY,39.064,30.1046,Alpet
VASFİ AKKIR,41.6240877,27.5378054,Alpet
ALTINPINAR PETROL NAKLİYAT TİCARET LİMİTED ŞİRKETİ,38.4387,33.0632,Alpet
GAMSIZ PETROL SANAYİ VE TİCARET LİMİTED ŞİRKETİ,41.244167,27.884722,Alpet
RENÇBER PETROL ÜRÜNLERİ BASIN YAYIN VE TURİZM HİZMETLERİ TİCARET LİMİTED ŞİRKETİ,41.729509,27.39111,Alpet
TOLU AKARYAKIT YAPI İNŞAAT NAKLİYAT PETROL ÜRÜNLERİ SANAYİ VE TİCARET LİMİTED ŞİRKETİ,38.793743,30.318563,Alpet
SAÇAKLILAR PETROL ÜRÜNLERİ VE LPG GIDA OTOMOTİV NAKLİYE İNŞAAT TURİZM HAYVANCILIK SANAYİ VE TİCARE LİMİTED ŞİRKETİ,38.545238,30.558865,Alpet
RAN PET PETROL GIDA TAŞIMACILIK MADENCİLİK İNŞAAT SANAYİ VE TİCARET ANONİM ŞİRKETİ,36.843487,34.716343,Alpet
POPULAR PETROL İNŞAAT OTOMOTİV VE GIDA TİCARET LİMİTED ŞİRKETİ,39.611016,29.463613,Alpet
OĞUZLAR AKARYAKIT TAŞIMACILIK TİCARET VE SANAYİ LİMİTED ŞİRKETİ,38.331882,33.234161,Alpet
ÇORLUPET - KÖY POMPASI,41.161333,27.878679,Alpet
MC AKARYAKIT ÜRÜNLERİ VE ENDÜSTRİYEL YAĞLAR SANAYİ TİCARET ANONİM ŞİRKETİ,41.441738,27.583335,Alpet
GÜVENAL NAKLİYAT PETROL ÜRÜNLERİ TÜP İMALATI SANAYİ VE TİCARET ANONİM ŞİRKETİ,39.524506,29.461478,Alpet
ALİ ERMİŞ PETROL TARIM HAYVANCILIK SANAYİ VE TİCARET LİMİTED ŞİRKETİ,38.394163,33.32473,Alpet
ERENPET PETROL ÜRÜNLERİ PAZARLAMA VE DAĞITIM TİCARET LİMİTED ŞİRKETİ,37.1465,34.5802,Alpet
ÇORLUPET GIDA AKARYAKIT ÜRÜNLERİ İNŞAAT NAKLİYE SANAYİ VE TİCARET LİMİTED ŞİRKETİ,41.093296,27.81867,Alpet
ORHAN KALKAN TARIM VE PETROL ÜRÜNLERİ TİCARET SANAYİ LİMİTED ŞİRKETİ,37.893329,33.837856,Alpet
BAYRAKÇI PETROL ÜRÜNLERİ VE HER TÜRLÜ EMTİA ALIM SATIMI TİCARET LİMİTED ŞİRKETİ,37.893427,33.837842,Alpet
AKSU BELEDİYESİ AKARYAKIT İSTASYONU,37.798889,31.040348,Alpet
ENONPET PETROL VE ENERJİ ÜRÜNLERİ PAZARLAMA SANAYİ DIŞ TİCARET LİMİTED ŞİRKETİ,41.642976,27.178981,Alpet
HÜSEYİN KAYA,37.7832,31.0383,Alpet
33 AKARYAKIT TAŞIMACILIK GIDA İNŞAAT PLASTİK SANAYİ VE TİCARET LİMİTED ŞİRKETİ,36.92932524412344,34.92442521544684,Alpet
KATİPOĞLU OTOMOTİV YEDEK PARÇA BAKIM ONARIM YAKIT DÖNÜŞÜM SİSTEMLERİ GIDA İHTİYAÇ MADDELERİ TEKEL MADDELERİ DAYANIKLI TÜKETİM MALLARI PETROL EMLAK İNŞAAT NAKLİYAT İTHALAT İHRACAT İMALAT KOMİSYON TAAHHÜT TİCARET VE SANAYİ LİMİTED ŞİRKETİ,38.447029,30.26112,Alpet
AYTEKİNLER PETROL ÜRÜNLERİ SANAYİ VE TİCARET LİMİTED ŞİRKETİ,39.8521,32.0847,Alpet
KARCAN AKARYAKIT DAĞITIM LİMİTED ŞİRKETİ,40.848907,31.091825,Alpet
CY YILDIZ TARIM HAYVANCILIK GIDA TAŞIMACILIK İNŞAAT SANAYİ VE TİCARET LİMİTED ŞİRKETİ,36.732269,35.209682,Alpet
ÖZABAY DIŞ TİCARET LİMİTED ŞİRKETİ TARSUS ŞUBESİ,36.967060000000004,35.0288,Alpet
KARCAN AKARYAKIT DAĞITIM LİMİTED ŞİRKETİ,40.8485,31.1531,Alpet
AZİMLİ TİCARET PETROL ÜRÜNLERİ GIDA VE SANAYİ LİMİTED ŞİRKETİ,37.6357,34.3685,Alpet
MİRHA AKARYAKIT SANAYİ VE TİCARET LİMİTED ŞİRKETİ,37.609524,34.396992,Alpet
ODİ ENERJİ AKARYAKIT NAKLİYE OTOMOTİV İNŞAAT SANAYİ TİCARET LİMİTED ŞİRKETİ,39.7186,32.3199,Alpet
HSİVRİ PETROL ÜRÜNLERİ NAKLİYE GIDA TİCARET VE SANAYİ LİMİTED ŞİRKETİ,37.882042,30.71414,Alpet
SERKAN GÜNYOL PETROLLERİ ANONİM ŞİRKETİ,39.722053,32.341724,Alpet
Serkan Günyol Petrol Tanker-06FNC820,39.722053,32.341724,Alpet
KARCAN AKARYAKIT DAĞITIM LİMİTED ŞİRKETİ,40.7792,31.2849,Alpet
MUSA GÖNCÜ,39.046604,33.082047,Alpet
NM HAYVANCILIK TARIM GIDA TURİZM AKARYAKIT İNŞAAT SANAYİ VE TİCARET LİMİTED ŞİRKETİ,37.181696,34.9582,Alpet
ÖZHANEDAR TARIM ÜRÜNLERİ GÜBRE ZİRAİ ALET GIDA MADDELERİ PETROL ÜRÜNLERİ DAYANIKLI TÜKETİM MADDELERİ AYAKKABICILIK OTOMOTİV İNŞAAT SANAYİ TİCARET LİMİTED ŞİRKETİ,39.53824,32.61101,Alpet
ÇETİNKAYA AKARYAKIT SANAYİ TİC.A.Ş.,36.9911,35.172,Alpet
ÖRSAN AKARYAKIT NAKLİYAT İNŞAAT VE TİCARET LİMİTED ŞİRKETİ,41.3508113,27.0960413,Alpet
MİRHA AKARYAKIT SANAYİ VE TİCARET LİMİTED ŞİRKETİ,38.2134,34.0194,Alpet
ÇİLEK AKARYAKIT SANAYİ VE TİCARET ANONİM ŞİRKETİ,41.085087,31.17568,Alpet
DAĞLIOĞLU 51 AKARYAKIT LOJİSTİK OTOMOTİV TARIM İNŞAAT SANAYİ VE TİCARET LİMİTED ŞİRKETİ,37.8487,34.4126,Alpet
MURAT GÜLTEN AKARYAKIT OTOMOTİV SANAYİ VE TİCARET LİMİTED ŞİRKETİ,36.95477,35.313641,Alpet
MİS PETROL SANAYİ VE TİCARET ANONİM ŞİRKETİ,36.970318,35.316356999999996,Alpet
ŞENBAYRAK OTOMOTİV PETROL ÜRÜNLERİ SANAYİ VE TİCARET LİMİTED ŞİRKETİ,36.993702,35.298672,Alpet
ERDEMLİ AKARYAKIT OTOMOTİV GIDA SANAYİ VE TİCARET LİMİTED ŞİRKETİ,40.965836,27.372543,Alpet
HASAL ENERJİ ÜRETİMİ İZOLASYON ARITMA PETROL ÜRÜNLERİ İNŞAAT TURİZM SANAYİ VE TİCARET LİMİTED ŞİRKETİ,37.432571,34.876269,Alpet
SEYHANTEPE PETROL VE TİCARET ANONİM ŞİRKETİ,36.989273,35.3269,Alpet
SO PETROL GIDA NAKLİYAT İHRACAT İTHALAT SANAYİ VE TİCARET LİMİTED ŞİRKETİ,37.5033,34.8151,Alpet
AKSARAY TIR NAKLİYAT SANAYİ VE TİCARET LİMİTED ŞİRKETİ,38.35328,33.97205,Alpet
HÜSEYİN KAYA,37.8983,30.3752,Alpet
AVARLAR ZİRAİ ÜRÜN.İNŞ.TAŞ. TİCARET LİMİTED ŞİRKETİ,36.137577,36.232925,Alpet
SARAYÜSTÜ PETROL ÜRÜNLERİ TURİZM İNŞAAT TARIM VE HAYVANCILIK TİCARET VE SANAYİ LİMİTED ŞİRKETİ,41.685326,26.5649,Alpet
VEZİROĞLU PETROL LPG DAYANIKLI TÜKETİM MADDELERİ TURİZM İNŞAAT SANAYİ VE TİCARET ANONİM ŞİRKETİ,36.436165,35.980331,Alpet
SONGÜL DEMİREL,40.96563,31.453606,Alpet
MEHMET ÖNEMLİ,38.409706,34.010994,Alpet
SADIK OTOMOTİV AKARYAKIT EV ALETLERİ TURİZM TEKSTİL GIDA MARKET LOKANTA İŞLETMECİLİĞİ SANAYİ VE TİCARET LİMİTED ŞİRKETİ,38.0607,30.1583,Alpet
GEÇİCİLER DENİZ ÜRÜN LERİ AKARYAKIT TURİZM SA NAYİ VE TİCARET ANONİM ŞİRKETİ,40.302784,27.837198,Alpet
GEÇİCİLER PETROL TANKER 10NN066,40.302784,27.837198,Alpet
VASFİ AKKIR - KÖY POMPASI,37.84185,34.668333,Alpet
DOĞAN BUYRUK TARIM MAKİNELERİ OTOMOTİV PETROL İNŞAAT MÜHENDİSLİK VE DANIŞMANLIK HİZMETLERİ SANAYİ VE TİCARET LİMİTED ŞİRKETİ,39.7056,32.8147,Alpet
ALBAYRAK LOJİSTİK PETROL TURİZM İNŞAAT TEKSTİL SANAYİ VE TİCARET LİMİTED ŞİRKETİ,40.75564,31.781227,Alpet
ALAPLI TEKYIL PETROL ÜRÜNLERİ İNŞAAT SANAYİ VE TİCARET LİMİTED ŞİRKETİ,41.170976,31.37098,Alpet
ÖZERLER OTOMOTİV VE PETROL ÜRÜNLERİ PAZARLAMA SANAYİ VE TİCARET ANONİM ŞİRKETİ,41.17374,31.382566,Alpet
MİS PETROL SANAYİ VE TİCARET ANONİM ŞİRKETİ,36.969404,35.591609,Alpet
HÜSEYİN TEMEL,38.9341,33.6423,Alpet
İBRAHİM TUNÇ,36.91354350121757,31.142197099784827,Alpet
ŞERİFE AKBAŞ,37.516026,30.530485,Alpet
İBRAHİM TUNÇ,36.9100133224516,31.12766385208487,Alpet
ALPET İSTASYON İŞLETMELERİ ANONİM ŞİRKETİ,39.9455,32.7113,Alpet
ÖZ-CAN PETROL NAKLİYE TİCARET LİMİTED ŞİRKETİ,39.095047,33.563867,Alpet
ÖZ SÜMER TARIM HAUVANCILIK PETROL ÜRÜNLERİ İNŞAAT NAKLİYE SANAYİ VE TİCARET LİMİTED ŞİRKETİ,39.68,33.0,Alpet
TANKAR OTOMOTİV PETROL GIDA TEKSTİL HİZMET İNŞAAT SANAYİ VE TİCARET LİMİTED ŞİRKETİ,38.1531,29.7837,Alpet
ATAHASAN TAŞIMACILIK GIDA CANLI HAYVAN VE TARIM ÜRÜNLERİ SANAYİ TİCARET LİMİTED ŞİRKETİ,39.894800000000004,32.8125,Alpet
TEKTAR PETROL SANAYİ TİCARET LİMİTED ŞİRKETİ,37.988152,34.724216,Alpet
AHMET KOCABIYIK PETROL ÜRÜNLERİ NAKLİYE VE TİCARET LİMİTED ŞİRKETİ,40.050632,27.849588,Alpet
ÖZ SEÇMENLER PETROL ÇIRÇIR ULUSLARARASI NAKLİYAT EĞİTİM HİZMETLERİ TURİZM OTELCİLİK TARIM ÜRÜNLERİ HAYVANCILIK İTHALAT İHRACAT SANAYİ VE TİCARET LİMİTED ŞİRKETİ,36.366352,36.447742,Alpet
UZEL TARIM VE PETROL ÜRÜNLERİ MOTORLU TAŞITLAR GIDA SANAYİ VE TİCARET LİMİTED ŞİRKETİ,37.035587,35.797195,Alpet
DOĞU KARDEŞLER PETROL ÜRÜNLERİ YAĞLAMA YIKAMA MARKET LOKANTACILIK KANTAR YEDEK PARÇA OTO TRAKTÖR ALIM SATIM KOMİSYONU LASTİK VE TOPRAK MAHSÜLLERİ KİMYA VE NAKLİYAT LİMİTED ŞİRKETİ,37.250758,35.655121,Alpet
ŞENOL EREN,36.957770000000004,30.766831,Alpet
GEZERKAYA PETROL TARIM HAYVANCILIK İNŞAAT NAKLİYAT TİCARET SANAYİ LİMİTED ŞİRKETİ,38.2383,34.70039,Alpet
PATİR PETROL TİCARET VE SANAYİ LİMİTED ŞİRKETİ,40.101162,32.927841,Alpet
İYİGÜN PETROL ÜRÜNLERİ LİMİTED ŞİRKETİ,39.958171,33.078708,Alpet
LVN AKARYAKIT İÇ VE DIŞ TİCARET ANONİM ŞİRKETİ,39.9599,33.0893,Alpet
ALPET İSTASYON İŞLETMELERİ ANONİM ŞİRKETİ,39.6726,27.8899,Alpet
TATOĞLU YAPI AKARYAKIT LPG ÜRÜNLERİ İNŞAAT TAAHHÜT NAKLİYE MAKİNA OTOMOTİV GIDA İTHALAT İHRACAT SANAYİ VE TİCARET LİMİTED ŞİRKETİ,41.3987,31.6843,Alpet
YAVUZ GIDA VE UN SANAYİ TİCARET ANONİM ŞİRKETİ,38.552,34.5369,Alpet
UZEL TARIM VE PETROL ÜRÜNLERİ MOTORLU TAŞITLAR GIDA SANAYİ VE TİCARET LİMİTED ŞİRKETİ,37.074855,36.068526,Alpet
"ERSOY SPOR TESİSLERİ, EĞLENCE YERLERİ İŞLETMECİLİĞİ VE PETROL ÜRÜNLERİ SANAYİ VE TİCARET LİMİTED ŞİRKETİ",38.07885,29.39747,Alpet
KARACA GRUP PETROL ÜRÜNLERİ TARIM VE HAYVANCILIK GIDA SANAYİ TİCARET LİMİTED ŞİRKETİ,40.18832,33.023865,Alpet
AL-SEM OTOMOTİV PET.NAK.İNŞ.YAP.ELM.TUR.GID.TAR.HAY.İTH.İHR.TİC.LTD.ŞTİ.,38.487017,34.752651,Alpet
ATAHASAN TAŞIMACILIK GIDA CANLI HAYVAN VE TARIM ÜRÜNLERİ SANAYİ TİCARET LİMİTED ŞİRKETİ,39.9389,33.3256,Alpet
SMA KARAKAYA PETROL,37.0822,36.2287,Alpet
DOSTLAR PETROL ÜRÜNLERİ PAZARLAMA SANAYİ VE TİCARET LİMİTED ŞİRKETİ,40.8797196,26.4406355,Alpet
DOSTLAR PETROL Tanker - 22PA492,40.8797196,26.4406355,Alpet
ÇAT PETROLCÜLÜK TAŞIMACILIK NAKLİYE TURİZM TİCARET LİMİTED ŞİRKETİ,38.663333,34.668333,Alpet
CTT PETROL ANONİM ŞİRKETİ,39.8406,33.5095,Alpet
LVN AKARYAKIT İÇ VE DIŞ TİCARET ANONİM ŞİRKETİ,39.8403,33.5285,Alpet
TRANS SALDA TAŞIMACILIK PETROL SANAYİ VE TİCARET LİMİTED ŞİRKETİ,37.5095,29.7494,Alpet
ÖMEROĞLU PETROL TURİZM TİCARET VE SANAYİ LİMİTED ŞİRKETİ,41.29561,32.12908,Alpet
AKGÜNLER PETROL OTOMOTİV DEMİR ÇELİK SANAYİ VE TİCARET LİMİTED ŞİRKETİ,40.9517,32.5359,Alpet
STANOS AKARYAKIT OTOMOTİV GIDA. İNŞAAT. TİCARET LİMİTED ŞİRKETİ,37.04071,30.085195,Alpet
BAYAR PETROL ÜRÜNLERİ NAKLİYAT TURİZM TİCARET VE PAZARLAMA LİMİTED ŞİRKETİ,39.848786,27.258526,Alpet
GÜNAL KONYA,38.040441,28.936562,Alpet
GÜNAL KONYA - KÖY İSTASYONU,38.045887,28.921793,Alpet
HAMZAOĞLU GIDA TEKSTİL PETROL VE TARIM ÜRÜNLERİ SANAYİ VE TİCARET LİMİTED ŞİRKETİ,37.0427,36.6316,Alpet
KAYAOİL PETROL TİCARET ANONİM ŞİRKETİ,37.8127,29.1511,Alpet
GÜNAL KONYA,38.003319,28.934624,Alpet
HAVA HAMZAOĞLU,37.0191,36.7033,Alpet
ERTAŞ GÖYNÜK İNŞAAT SANAYİ VE TİCARET LİMİTED ŞİRKETİ,38.81874,34.930099,Alpet
HRN AKARYAKIT LOJİSTİK SANAYİ VE TİCARET LİMİTED ŞİRKETİ,38.580941,35.189155,Alpet
AZİMLİ TİCARET PETROL ÜRÜNLERİ GIDA VE SANAYİ LİMİTED ŞİRKETİ,39.0093,34.7682,Alpet
UFUK KIZILTEPE,38.188991,28.669281,Alpet
TOLU AKARYAKIT YAPI İNŞAAT NAKLİYAT PETROL ÜRÜNLERİ SANAYİ VE TİCARET LİMİTED ŞİRKETİ,38.695141,35.120705,Alpet
MAHMUT DAĞAÇIKAN,36.7142,37.1252,Alpet
BAŞKURT AKARYAKIT PETROL ÜRÜNLERİ SANAYİ VE TİCARET LİMİTED ŞİRKETİ,37.085,29.6821,Alpet
AZİMLİ TİCARET PETROL ÜRÜNLERİ GIDA VE SANAYİ LİMİTED ŞİRKETİ,38.9826,34.8905,Alpet
ALGÜL AKARYAKIT GIDA TEKSTİL KUYUMCULUK CAFETARYA SANAYİ VE TİCARET LİMİTED ŞİRKETİ,37.173649,36.73365,Alpet
TOKAT ÇİĞDEM GIDA PETROL İNŞAAT OTOMOTİV LOJİSTİK SANAYİ VE TİCARET LİMİTED ŞİRKETİ,37.0191,29.685278,Alpet
ALPET İSTASYON İŞLETMELERİ ANONİM ŞİRKETİ,41.6154,32.3239,Alpet
KİBYRA AKARYAKIT TURİZM OTOMOTİV İNŞAAT TARIM GIDA SANAYİ VE TİCARET LİMİTED ŞİRKETİ,37.1598,29.524,Alpet
BEYKONAK PETROL SANAYİ TİCARET LİMİTED ŞİRKETİ,36.34261,30.32552,Alpet
NADİR AKARYAKIT SANAYİ TİCARET LİMİTED ŞİRKETİ,37.1102,36.8785,Alpet
TOLU AKARYAKIT YAPI İNŞAAT NAKLİYAT PETROL ÜRÜNLERİ SANAYİ VE TİCARET LİMİTED ŞİRKETİ,38.80947,35.222371,Alpet
ÜÇYILDIZ ENERJİ AKARYAKIT TURİZM TİCARET SANAYİ LİMİTED ŞİRKETİ,41.689068,32.363171,Alpet
KAANHAN PETROL NAKLİYE TURİZM HAYVANCILIK VE TARIM ÜRÜNLERİ PAZARLAMA SANAYİ VE TİCARET LİMİTED ŞİRKETİ,38.218862,28.292166,Alpet
ASOİL GRUP PETROL ÜRÜNLERİ İNŞAAT İTHALAT SANAYİ VE TİCARET LİMİTED ŞİRKETİ,39.518,26.9867,Alpet
PERENLER PETROL SANAYİ VE TİCARET LİMİTED ŞİRKETİ,38.786563,27.670618,Alpet
SAĞINÇ KÖY POMPASI,37.979469,28.441532,Alpet
İSMAİL ŞAHİN,37.789233,36.434084,Alpet
ZENGİNLER PETROL ÜRÜNLERİ TEKSTİL İNŞAAT NAKLİYAT GIDA SANAYİ VE TİCARET LİMİTED ŞİRKETİ,40.12451,34.1725,Alpet
NERTA END.TEM.ÜR.VEEK.OTO.MÜ.Kİ.AK.SAN.TİC.LTD.ŞTİ.,39.44379,26.896494,Alpet
SAĞINÇ PETROL ÜRÜNLERİ TİCARET VE SANAYİ LİMİTED ŞİRKETİ,37.91423,28.395765,Alpet
TAŞDEMİR SIVI YAKIT PETROL ÜRÜNLERİ İNŞAAT SANAYİ VE TİCARET LİMİTED ŞİRKETİ,37.02005,37.352787,Alpet
SAĞINÇ PETROL ÜRÜNLERİ TİCARET VE SANAYİ LİMİTED ŞİRKETİ,37.546768,28.711876,Alpet
ÇAVUŞOĞLU LOJİSTİK PETROL AKARYAKIT SAN. TİC. LTD. ŞTİ.,37.6201,36.7746,Alpet
SAĞINÇ PETROL ÜRÜNLERİ TİCARET VE SANAYİ LİMİTED ŞİRKETİ,37.604877,28.588017,Alpet
RAN PET PETROL GIDA TAŞIMACILIK MADENCİLİK İNŞAAT SANAYİ VE TİCARET ANONİM ŞİRKETİ,37.18027778,37.27638889,Alpet
OKUYUCU PETROL ÜRÜNLERİ NAKLİYAT GIDA TEKSTİL SANAYİ VE TİCARET LİMİTED ŞİRKETİ,37.052895,37.420887,Alpet
DÖN-PET OĞULLARI PETROL ÜR. SANAYİ ve TİCARET LİMİTED ŞİRKETİ,38.258034,36.219086,Alpet
41 MEHMETÇİK PETROL OTOMOTİV NAKLİYAT İNŞAAT GIDA TURİZM SANAYİ VE TİCARET LİMİTED ŞİRKETİ,37.090992,37.400623,Alpet
BEYKONAK PETROL SANAYİ TİCARET LİMİTED ŞİRKETİ,38.66402,27.4504,Alpet
GÖKKAYA PETROL ÜRÜNLERİ OTOMOTİV TARIM VE HAYVANCILIK İNŞAAT SANİYE LİMİTED ŞİRKETİ,39.5963,34.9814,Alpet
TOLU AKARYAKIT YAPI İNŞAAT NAKLİYAT PETROL ÜRÜNLERİ SANAYİ VE TİCARET LİMİTED ŞİRKETİ,38.6462,35.9542,Alpet
ÇETİNKAYA PETROL ÜRÜNLERİ DAĞITIM PAZARLAMA GIDA İNŞAAT TURİZM TAŞIMACILIK MADENCİLİK SANAYİ VE TİCARET LİMİTED ŞİRKETİ,39.858601,26.173225,Alpet
ÇAĞLIYANLAR AKARYAKIT ÜRÜNLERİ İNŞAAT TAAHHÜT İNŞAAT MALZEMELERİ TAŞIMACILIK GIDA TARIM VE HAYVANCILIK SANAYİ TİCARET LİMİTED ŞİRKETİ,38.634296,27.392271,Alpet
KUMRU PETROL AKARYAKIT HAFRİYAT BETON LİMİTED ŞİRKETİ,39.803989,26.213209,Alpet
ALTUN PETROL TARIM ÜRÜNLERİ KATI YAKIT İNŞAAT TAAHHÜT OTOMOBİL KUYUMCULUK İMALAT PAZARLAMA SANAYİ TİCARET VE NAKLİYAT LİMİTED ŞİRKETİ,38.856956,35.788342,Alpet
HAKAN YÜCELSOY,39.829025,34.8344,Alpet
GÜROL ÇOT,36.5107,29.4362,Alpet
GÖKLER PETROL ÜRÜN. TİCARET VE SANAYİ KOLL ŞİRKETİ,41.59961,33.10423,Alpet
HÜSEYİN KURT- KURT PETROL AKARYAKIT LPG GIDA NAKLİYAT VE PETROL ÜRÜNLERİ,37.228455,37.514805,Alpet
YAZGI PETROL SANAYİ VE TİCARET LİMİTED ŞİRKETİ,40.940117,33.870096,Alpet
2A PETROL VE TİCARET LİMİTED ŞİRKETİ,41.3034,33.5444,Alpet
HAKAN YÜCELSOY,39.4959,35.37291,Alpet
NORAS PETROL VE TARIM ÜRÜNLERİ TAŞIMACILIK TURİZM SANAYİ TİCARET LİMİTED ŞİRKETİ,36.633721,29.127714,Alpet
BEYPET LOJİSTİK ULUSLARARASI NAKLİYAT PETROL ÜRÜNLERİ GIDA İNŞAAT KUYUMCULUK İÇ VE DIŞ TİCARET LİMİTED ŞİRKETİ,39.9953,34.9458,Alpet
ÖZ DOĞANLAR DİN.TES.TUR.PET.GIDA TAŞ.İHR.İTH.SU VE ORM.ÜRN. TİCARET LİMİTED ŞİRKETİ,36.415192,29.268826,Alpet
ATLER AKARYAKIT GIDA TURİZM İNŞAAT OTOMOTİV SANAYİ VE TİCARET ANONİM ŞİRKETİ,36.8255,28.7894,Alpet
HÜSEYİN ÖZARSLAN OĞULLARI PETROL TARIM NAKLİYE TURİZM GIDA HAYVANCILIK SANAYİ VE TİCARET LİMİTED ŞİRKETİ,40.157578,34.871769,Alpet
KATIRCIOĞLU PETROL TİCARET LİMİTED ŞİRKETİ,41.0177,34.0743,Alpet
ECEMPET PETROLCÜLÜK OTOMOTİV İNŞAAT TÜKETİM MALLARI LOJİSTİK SANAYİ TİCARET LİMİTED ŞİRKETİ,38.1808,27.3554,Alpet
HÜSEYİN KILIÇ - KILIÇ PETROL,37.425018,37.685936,Alpet
YAŞAR TÜRKER,39.681923,35.433842,Alpet
ONURCAN PETROL OTOMOTİV İNŞAAT TAAHHÜT GIDA SANAYİ VE TİCARET LİMİTED ŞİRKETİ,38.035484,37.172981,Alpet
ŞEKEROĞULLARI PETROL TARIM HAYVANCILIK SANAYİ TİCARET LİMİTED ŞİRKETİ,38.159517,37.073232,Alpet
GÜLERYÜZLER OTO YEDEK PARÇA VE İNŞAAT YAPI MALZEMELERİ  SANAYİ  VE TİCARET LİMİTED ŞİRKETİ,41.47785,33.768528,Alpet
HKT PETROL OTOMOTİV TAŞIMACILIK İNŞAAT EMLAK SANAYİ VE TİCARET LİMİTED ŞİRKETİ,37.725709,37.559458,Alpet
S. S. ORTALICA KÖYÜ TARIMSAL KALKINMA KOOPERATİFİ,41.0524,34.262048,Alpet
HALİL İBRAHİM KOÇ,39.691432,35.712562,Alpet
SARAY PETROL TURİZM GIDA SANAYİ VE TİCARET LİMİTED ŞİRKETİ,40.436283,34.994328,Alpet
KAMİL BOYRAZ -AKARYAKIT VE LPG İŞLETMESİ,38.23158,37.20579,Alpet
FYN GRUP SANAYİ VE TİCARET LİMİTED ŞİRKETİ,39.680332,35.761833,Alpet
YÖRÜK OĞLU PETROL SANAYİ VE TİCARET LİMİTED ŞİRKETİ,37.740414,27.431152,Alpet
SUMPET AKARYAKIT İSTASYONLARI SANAYİ VE TİCARET ANONİM ŞİRKETİ,38.343,26.7852,Alpet
SALİM KARADAĞ PETROL ÜRÜNLERİ TARIM HAYVANCILIK NAKLİYE GÜVENLİK VE TEMİZLİK HİZMETLERİ YAKACAK VE İNŞAAT MALZEMELERİ SANAYİ VE TİCARET LİMİTED ŞİRKETİ,41.6254,33.9157,Alpet
DEMİRSOY AKARYAKIT SANAYİ VE TİCARET LİMİTED ŞİRKETİ,37.82695,27.258926,Alpet
MEHMET TAŞKIRAN,39.637252,35.984333,Alpet
ERTAN PETROL ÜRÜNLERİ VE ZİRAAT SANAYİ TİCARET LİMİTED ŞİRKETİ,37.4518,27.51464,Alpet
T TAŞ PETROL TİCARET VE SANAYİ LİMİTED ŞİRKETİ,37.688,38.09339,Alpet
ASMER PETROL ÜRÜNLERİ İTHALAT İHRACAT SANAYİ VE TİCARET LİMİTED ŞİRKETİ,37.127705,38.681736,Alpet
ERDEM KILIÇ PETROL MADEN NAKLİYE SANAYİ VE TİCARET LİMİTED ŞİRKETİ,40.7859,35.0325,Alpet
ALPET İSTASYON İŞLETMELERİ ANONİM ŞİRKETİ,37.178204,27.609098,Alpet
İSMAİL ARDA,36.7214,39.2132,Alpet
MEKSEL DEVECİ,38.489444,37.480278,Alpet
AHMET ŞÜKRÜ İNCE,38.006809,37.982254,Alpet
TOROSPET PETROL ÜRÜNLERİ TAŞIMACILIK SANAYİ VE TİCARET LİMİTED ŞİRKETİ,37.7584,38.2555,Alpet
NUSRET AKARYAKIT TAŞIMACILIK İNŞAAT SANAYİ VE TİCARET LİMİTED ŞİRKETİ,40.8739,35.23023,Alpet
İLERİ OTOMOTİV PETROL İNŞAAT NAKLİYE HAYVANCILIK SANAYİ VE TİCARET LİMİTED ŞİRKETİ,40.293404,35.883175,Alpet
NAZIM BAHRİ ŞEN,41.333796,34.851242,Alpet
ŞURTEKS TEKSTİL GIDA İNŞAAT İTHALAT İHRACAT SANAYİ VE TİCARET LİMİTED ŞİRKETİ,37.1569,39.0509,Alpet
İMAMOĞLU AKARYAKIT PETROL TARIM ÜRÜNLERİ SANAYİ TİCARET LİMİTED ŞİRKETİ,36.78796,39.436607,Alpet
BİLAL ASLAN KUYUMCULUK İNŞAAT NAKLİYE YAKIT İLETİŞİM HİZMETLERİ GIDA SANAYİ VE TİCARET LİMİTED ŞİRKETİ,41.946655,34.343441,Alpet
TUFANLAR PETROL DAYANIKLI TÜKETİM MALLARI ELEKTRONİK GIDA İNŞAAT OTOMOTİV NAKLİYAT SANAYİ VE TİCARET LİMİTED ŞİRKETİ,38.35844,38.033813,Alpet
GÜLPET LOJİSTİK PETROL ÜRÜNLERİ MADENCİLİK İNŞAAT OTOMOTİV MEDİKAL İTHALAT İHRACAT SANAYİ TİCARET LİMİTED ŞİRKETİ,39.8717,36.6017,Alpet
GÜLPET LOJİSTİK PETROL ÜRÜNLERİ MADENCİLİK İNŞAAT OTOMOTİV MEDİKAL İTHALAT İHRACAT SANAYİ TİCARET LİMİTED ŞİRKETİ,39.8726,36.603,Alpet
ŞAKALAKOĞLU EĞİTİM HİZMETLERİ TURİZM İNŞAAT VE NAKLİYE TİCARET LİMİTED ŞİRKETİ,40.722309,35.7899,Alpet
ÇAKMAK TEKSTİL PETROL ÜRÜNLERİ İNŞAAT SANAYİ VE TİCARET LİMİTED ŞİRKETİ,37.580688,38.949988,Alpet
UZUNDAL PETROL NAKLİYAT İNŞAAT SANAYİ VE TİCARET LİMİTED ŞİRKETİ,37.225307,39.316257,Alpet
BAYLAR ZAHİRE HAYVANCILIK NAK.GIDA TARIM SAN.TİC.LTD.ŞTİ.,40.311988,36.284086,Alpet
BAŞER PETROL ÜRÜNLERİ UN YEM ZİRAİ ÜRÜNLER İMALAT İTHALAT İHRACAT TİCARET VE SANAYİ LİMİTED ŞİRKETİ,39.226414,37.379814,Alpet
REDPET AKARYAKIT LOJİSTİK SANAYİ VE TİCARET LİMİTED ŞİRKETİ,39.5862,37.0321,Alpet
YİĞİT-ER TURİZM PETROL ÜRÜNLERİ SOSYAL TESİSLERİ TÜKETİM MADDELERİ PAZARLAMA TİCARET ANONİM ŞİRKETİ,38.34204,38.31354,Alpet
ILICAK GROUP MİMARLIK MÜHENDİSLİK İNŞAAT OTOMOTİV SANAYİ VE TİCARET LİMİTED ŞİRKETİ,38.447723,38.226326,Alpet
HÜSAMETTİN KARAOĞLAN,41.05925,35.69231,Alpet
DİLSİZOĞLU PETROL VE ORMAN ÜRÜNLERİ TAŞIMACILIK VE SANAYİ İÇ VE DIŞ TİCARET LİMİTED ŞİRKETİ,41.88974,34.921171,Alpet
UÇAR ÇIRÇIR PRESE SANAYİ VE TİCARET LİMİTED ŞİRKETİ,36.84541,40.05308,Alpet
ATASOY PETROL- KİRAZ GÜREL,40.399033,36.537941000000004,Alpet
KARADENİZ ERPET PETROL VE AKARYAKIT MAMULLERİ SANAYİ TİCARET ANONİM ŞİRKETİ,41.196,35.7925,Alpet
ÖZ-NAK TURİZM NAKLİYAT PETROL İNŞAAT İTHALAT İHRACAT SANAYİ VE TİCARET ANONİM ŞİRKETİ,37.228645,39.778416,Alpet
AVC PETROL ÜRÜNLERİ NAKLİYE İNŞAAT SANAYİ VE TİCARET LİMİTED ŞİRKETİ,37.73472,39.31814,Alpet
GERGER AKARYAKIT TAŞIMACILIK GIDA TURİZM TİCARET SANAYİ LİMİTED ŞİRKETİ,38.02834,39.03428,Alpet
ÖZERGÜL PETROL ÜRÜNLERİ LPG TİCARET LİMİTED ŞİRKETİ,40.76104,36.312752,Alpet
AHMET ŞÜKRÜ İNCE,38.252349,38.862758,Alpet
MERİH YILMAZ-YILMAZ PETROL,41.61722,35.59628,Alpet
ALİSE PETROL ÜRÜNLERİ İNŞAAT GIDA NAKLİYAT TAŞIMACILIK TURİZM SANAYİ VE TİCARET LİMİTED ŞİRKETİ,41.034592,36.229759,Alpet
TURANLAR AKARYAKIT SANAYİ VE TİCARET LİMİTED ŞİRKETİ,41.569439,35.877266,Alpet
DEĞİRMENCİ PETROL ÜRÜNLERİ TİCARET VE SANAYİ LİMİTED ŞİRKETİ,41.530029,35.951256,Alpet
YILDIZ GIDA İNŞAAT PETROL ÜRÜNLERİ HİDROELEKTRİK TURİZM PAZARLAMA TİCARET VE SANAYİ LİMİTED ŞİRKETİ,38.852192,38.630779,Alpet
ARIKAN MADENİ YAĞ GAZ PETROL ÜRÜNLERİ İNŞAAT TAAHHÜT NAKLİYAT TİCARET VE SANAYİ LİMİTED ŞİRKETİ,37.5738,39.9205,Alpet
İBRAHİM TOKTAŞ,40.576786,36.918255,Alpet
DOĞUŞ PETROL UNLU MAMULLER LOKANTA TİCARET VE SANAYİ LİMİTED ŞİRKETİ,41.291111,36.224722,Alpet
NİKSAR YILMAZ PETROL ÜRÜNLERİ TURİZM İNŞAATGIDA NAKLİYEVE İŞLETMECİLİK TİCARET VE SANAYİ LİMİTED ŞİRKETİ,40.5906,36.9423,Alpet
KIYAK KARDEŞLER SU ÜRÜNLERİ ÜRETİM VE AKARYAKIT İTHALAT İHRACAT VE TİCARET LİMİTED ŞİRKETİ,41.293191,36.247807,Alpet
BURAK PETROL SERVİS VE TEMİZLİK HİZMETLERİ İNŞAAT TURİZM SANAYİ VE TİCARET LİMİTED ŞİRKETİ,41.26878,36.29369,Alpet
ÖZÇELİK PETROL ÜRÜNLERİ OTOMOTİV NAKLİYE VE PAZARLAMA TİCARET LİMİTED ŞİRKETİ,41.416439,36.172669,Alpet
TURTEKİN PETROL İNŞAAT GIDA NAKLİYE MADENCİLİK SANAYİ VE TİCARET LİMİTED ŞİRKETİ,38.137901,39.466304,Alpet
AKTİF PETROL SANAYİ VE TİCARET LİMİTED ŞİRKETİ,37.1888232,40.597748,Alpet
KILIÇ PETROL OTO LASTİK NAKLİYE İNŞAAT TURİZM GIDA SANAYİ VE TİCARET LİMİTED ŞİRKETİ,37.248283,40.5477,Alpet
41MEHMETÇİK PETROL OTOMOTİV NAKLİYAT İNŞAAT GIDA TURİZM SANAYİ VE TİCARET LİMİTED ŞİRKETİ,41.217789,36.63023,Alpet
OKUR PETROL ÜRÜNLERİ GIDA İNŞAAT VE TAŞIMACILIK TİCARET LİMİTED ŞİRKETİ,41.183323,36.708929,Alpet
ACZ PETROL İNŞAAT NAKLİYAT TARIM HAYVANCILIK SANAYİ VE TİCARET LİMİTED ŞİRKETİ,37.1647,40.7289,Alpet
KAR-DEMİR PETROL TURİZM NAKLİYE İNŞAAT SANAYİ ve TİCARET LİMİTED ŞİRKETİ,38.625748,39.272133,Alpet
ÇİLEK AKARYAKIT SANAYİ VE TİCARET ANONİM ŞİRKETİ,41.2078,36.6916,Alpet
GİMA PETROLNAKLİYE İNŞAAT TARIM GIDA TURİZM SANAYİ TİCARET LİMİTED ŞİRKETİ,37.8933,40.0191,Alpet
AYGÖL PETROL İNŞAAT NAKLİYAT SANAYİ TİCARET LİMİTED ŞİRKETİ,37.873916,40.070072,Alpet
GÖZELİ PETROL TESİS. İNŞ. VE TİCARET LİMİTED ŞİRKETİ,37.90694,40.06358,Alpet
ERGANİ PETROL NAKLİYE İNŞAAT GIDA ORGANİZASYON LİMİTED ŞİRKETİ,38.2684,39.7534,Alpet
AR AS AKARYAKIT GIDA NAKLİYE İNŞAAT TURİZM SANAYİ VE TİCARET LİMİTED ŞİRKETİ,41.2197,36.8893,Alpet
İLHAN PETROL ÜRÜNLERİ TİCARET LİMİTED ŞİRKETİ,41.018818,37.100239,Alpet
BÖLGE KARDEŞLER PETROL ÜRÜNLERİ LPG GIDA TARIM HAYVANCILIK OTOMOTİV NAKLİYE TURİZM TEMİZLİK PAZARLAMA SANAYİ İTHALAT VE İHRACAT LİMİTED ŞİRKETİ,40.821727,37.348245,Alpet
CNR PETROL NAKLİYAT KUYUMCULUK TEKEL MADDELERİ SANAYİ VE TİCARET LİMİTED ŞİRKETİ,41.209949,36.993412,Alpet
BARIŞ AYD PETROL OTOMOTİV NAKLİYAT SANAYİ VE TİCARET LİMİTED ŞİRKETİ,37.0916,41.2002,Alpet
IŞIKTEPE AKARYAKIT NAKLİYE VE TURİZM TİCARET LİMİTED ŞİRKETİ,40.816907,37.5359,Alpet
VERİM PETROL ÜRÜNLERİ TİCARET LİMİTED ŞİRKETİ,40.976737,37.42733,Alpet
YEĞİN PETROL SANAYİ VE TİCARET LİMİTED ŞİRKETİ,41.0765,37.436588,Alpet
BMT ÇİMENTO MAKİNA İHRACAT SANAYİ VE TİCARET LİMİTED ŞİRKETİ,38.7015,39.8264,Alpet
YILMAZOĞLU PETROL OTOMOTİV İNŞAAT TAAHHÜT TARIM HAYVANCILIK NAKLİYE GIDA TURİZM SANAYİ VE TİCARET LİMİTED ŞİRKETİ,39.3568,39.2342,Alpet
İYİGÜN PETROL ÜRÜNLERİ LİMİTED ŞİRKETİ,39.958189,38.696065,Alpet
METİNERLER DAYANIKLITÜKETİM MALLARI SANAYİ VE TİCARET LİMİTED ŞİRKETİ,40.298264,38.431072,Alpet
KABADÜZ PETROL NAKLİYAT GIDA TARIM İNŞAAT OTOMOTİV TEMİZLİK TEKSTİL SANAYİ VE TİCARET LİMİTED ŞİRKETİ,40.857222,37.88751,Alpet
AZİZ YILDIZ,37.410358,41.354682,Alpet
OKÇULAR TAŞIMACILIK İNŞAAT GIDA ELEKTRİK KUYUMCULUK PETROL İTHALAT İHRACAT SANAYİ VE TİCARET LİMİTED ŞİRKETİ,38.397797,40.415134,Alpet
CEMİL EKİNCİ,37.575497,41.395119,Alpet
OK-AY PETROL KUYUMCULUK SANAYİ VE TİCARET LİMİTED ŞİRKETİ,37.87041,41.16524,Alpet
TEKİNLER GRUP AKARYAKIT TAŞIMACILIK SANAYİ VE TİCARET LİMİTED ŞİRKETİ,37.842,41.19868,Alpet
DEM-PA PETROL NAKLİYAT PAZARLAMA İNŞAAT GIDA SANAYİ VE TİCARET LİMİTED ŞİRKETİ,37.87931,41.2679,Alpet
OSMAN AY,37.552658,41.694805,Alpet
ÖZ BARUT İNŞAAT GIDA TEKSTİL TEMİZLİK AKARYAKIT MADENCİLİK NAKLİYE TİCARET VE SANAYİ LİMİTED ŞİRKETİ,38.855679,40.539284,Alpet
ÖNDERHAN İNŞAAT PETROL ÜRÜNLERİ PASTA MAMÜLLERİ GIDA TEKSTİL METAL HAYVANCILIK MADENCİLİK İTHALAT İHRACAT TİCARET VE SANAYİ LİMİTED ŞİRKETİ,38.906597,40.550919,Alpet
SEL VED PETROL İNŞ. NAK. GIDA. SAN. VE TİC. LTD. ŞTİ,37.319527,42.18652,Alpet
ŞAHİNOĞULLARI PETROL İNŞAAT OTOMOTİV SANAYİ VE TİCARET LİMİTED ŞİRKETİ,37.330475,42.21899,Alpet
MÜSLİM KÖKSAL COŞKUN-KÖKSAL PETROL,40.151415,39.431852,Alpet
KOÇ-SOĞUK ÇEŞME YAKIT HAYVANCILIK NAKLİYE İNŞAAT GIDA TEMİZLİK TARIM TİCARET VE SANAYİ LİMİTED ŞİRKETİ,38.98074,40.676563,Alpet
OVA PETROLCÜLÜK İNŞAAT NAKLİYAT OTOMOTİV SANAYİ İÇ VE DIŞ TİCARET LİMİTED ŞİRKETİ,37.248283,42.453693,Alpet
GÜLYAZI PETROL GIDA İNŞAAT HAYVANCILIK İTHALAT İHRACAT SANAYİ VE TİCARET ANONİM ŞİRKETİ,38.1629,41.5699,Alpet
MURATHANOĞULLARI HAZIR BETON SANAYİ TİCARET LİMİTED ŞİRKETİ,40.1796,39.6567,Alpet
TİREBOLU KAR-PET PETROL ÜRÜNLERİ NAKLİYE İNŞAAT GIDA TEMİZLİK VE TARIM ÜRÜNLERİ TİCARET LİMİTEŞİRKETİD,41.006058,38.839653,Alpet
KOÇ-SOĞUK ÇEŞME YAKIT HAYVANCILIK NAKLİYE İNŞAAT GIDA TEMİZLİK TARIM TİCARET VE SANAYİ LİMİTED ŞİRKETİ,39.058382,40.78964,Alpet
ARSLAN PETROL ÜRÜNLERİ HAYVANCILIK TARIM ÜRÜNLERİ GIDA İNŞAAT NAKLİYE SANAYİ VE TİCARET LİMİTED ŞİRKETİ,37.935993,41.958252,Alpet
BAĞSIZ GRUP YAKIT İNŞAAT HAYVANCILIK GIDA NAKLİYE ENERJİ MADENCİLİK İTHALAT İHRACAT SANAYİ VE LİMİTED ŞİRKETİ,38.954674,40.997883,Alpet
EROL IŞIK PETROL ÜRÜNLERİ İNŞAAT GIDA SANAYİ DIŞ TİCARET LİMİTED ŞİRKETİ,38.903988,41.302982,Alpet
EYUP KARDEŞ,40.348056,39.921944,Alpet
MASUM ÜRÜN,38.69518,41.68053,Alpet
KOÇHAN PETROL İNŞAAT HAFRİYAT NAKLİYAT TEMİZLİK HİZMETLERİ VE TİCARET LİMİTED ŞİRKETİ,40.83729012404894,39.63531754629542,Alpet
EYÜP KARDEŞ - KARDEŞ PETROL,40.3889568,40.14397,Alpet
RAMİZ DEMİRER PETROL MADENCİLİK İNŞAAT NAKLİYE GIDA TİCARET LİMİTED ŞİRKETİ,40.178246,40.367001,Alpet
RAHMİOĞULLARI PETROL TAŞIMACILIK İNŞAAT VE SANAYİ TİCARET LİMİTED ŞİRKETİ,38.486091,42.175838,Alpet
PİROĞLU EĞİTİM PETROL TİCARET LİMİTED ŞİRKETİ,38.465338,42.316705,Alpet
SUCİOĞLU İNŞAAT TAAHHÜT HAFRİYAT NAKLİYAT MADENCİLİK PETROL ÜRÜNLERİ TİCARET VE SANAYİ LİMİTED ŞİRKETİ,40.069106,40.933808,Alpet
ÖZDEMİR AY AKARYAKIT SANAYİ TİCARET ANONİM ŞİRKETİ,39.977107,41.026336,Alpet
NURETTİN HANLIGİL-MOTORLU TAŞITLAR YAKITI PERAKENDE SATIŞ KÖMÜR TOPTAN SATIŞI,37.57289,43.738827,Alpet
CANSÜT SÜT ÜRÜNLERİ HAYVANCILIK GIDA PETROLCÜLÜK TİCARET İTHALAT İHRACAT LİMİTED ŞİRKETİ,39.094643,42.251579,Alpet
ORHAN ERSOY,39.351985,42.112662,Alpet
ZENGİN KÖMÜR İŞLETMECİLİĞİ NAKLİYAT TUR. SAN. TİC. LTD. ŞTİ. RİZE ŞUBESİ ,41.00014,40.5477,Alpet
SAVAŞ GÜLER-ALYAP İNŞAAT PETROL,39.494139,42.272473,Alpet
ÖZERAYLAR NAKLİYAT VE PETROL ÜRÜNLERİ SANAYİ VE TİCARET LİMİTED ŞİRKETİ,38.457783,43.335648,Alpet
BAHATTİN ALAGEYİK,38.86753,42.96767,Alpet
BARAN CAN ŞAKA,39.695369,42.141948,Alpet
EYYUP DEMİRADAM,38.508043,43.375092,Alpet
BEGA BİLİŞİM GÜVENLİK ELEKTRONİK AKARYAKIT İNŞAAT SANAYİ VE TİCARET LİMİTED ŞİRKETİ,39.236659,42.855798,Alpet
NEVZAT DEMİR,39.571082,42.522626,Alpet
ZÜLKÜF DEMİR,38.5888,43.5148,Alpet
ESKİÇIRAK DIŞ TİCARET VE GIDA SANAYİ LİMİTED ŞİRKETİ,41.180027,40.94663,Alpet
ESKİÇIRAK PETROL TURİZM İNŞAAT GIDA SANAYİ VE TİCARET LİMİTED ŞİRKETİ,41.1709,40.9759,Alpet
AS PETROL ÜRÜNLERİ VE TAŞIMACILIK TİCARET VE SANAYİ LİMİTED ŞİRKETİ,39.003878,43.419448,Alpet
CAN-KA PETROL GIDA İNŞAAT NAKLİYE TURİZM BESİCİLİK OTOMOTİV ELEKTRİK MEDİKAL TEMİZLİK İŞLERİ İTHALAT İHRACAT LİMİTED ŞİRKETİ,39.687892,43.028903,Alpet
ASTAŞ PETROLCÜLÜK NAKLİYE LOJİSTİK İNŞ.İTH.İHRC.SAN.VE TİC.LTD.ŞTİ,38.98972,43.763709,Alpet
CAN-KA PETROL GIDA İNŞAAT NAKLİYE TURİZM BESİCİLİK OTOMOTİV ELEKTRİK MEDİKAL TEMİZLİK İŞLERİ İTHALAT İHRACAT LİMİTED ŞİRKETİ,39.709024,43.060535,Alpet
ACARBAY TURİZM İNŞAAT GIDA SANAYİ TİCARET PAZARLAMA LİMİTED ŞİRKETİ,39.719859,43.059769,Alpet
CAN-KA PETROL GIDA İNŞAAT NAKLİYE TURİZM BESİCİLİK OTOMOTİV ELEKTRİK MEDİKAL TEMİZLİK İŞLERİ İTHALAT İHRACAT LİMİTED ŞİRKETİ,39.73275,43.055532,Alpet
KAYHAN GÖKÇE,40.670425,42.239192,Alpet
FU PETROL YAPI İNŞAAT TEMİZLİK SANAYİ VE TİCARET LİMİTED ŞİRKETİ,39.591364,43.612848,Alpet
TEKİN YURDALAN,40.466389,42.777778,Alpet
ÜNAL KARAKOYUN,40.783088,42.599203,Alpet
ÖZ-AY PETROL İNŞAAT SANAYİ MÜHENDİSLİK TURİZM İÇ VE DIŞ TİCARET LİMİTED ŞİRKETİ,41.253563,42.353032,Alpet
BAYAZIT PETROL NAKLİYAT GIDA İTHALAT İHRACAT İNŞAAT SANAYİ TİCARET LİMİTED ŞİRKETİ,39.553758,44.061935,Alpet
DOĞAN CAN GÜNDOĞDU,41.098892,42.672206,Alpet
AKTAŞLAR PETROL ÜRÜNLERİ SANAYİ TİCARET LİMİTED ŞİRKETİ,41.1259,42.6834,Alpet
KARS ADA LOJİSTİK PETROLCÜLÜK İNŞAAT SANAYİ VE TİCARET LİMİTED ŞİRKETİ,40.675722,43.16675,Alpet
ALD İNŞAAT MALZEMELERİ MÜTEAHHİTLİK TAŞIMACILIK HAZIR BETON SANAYİ VE TİCARET LİMİTED ŞİRKETİ,39.860934,44.064086,Alpet
ADA KARDEŞLER OTOMOTİV İÇ VE DIŞ TİCARET LİMİTED ŞİRKETİ,39.9334,44.017,Alpet
İSMAİL DEMİREL OTOMOTİV VE PETROL TİCARET LİMİTED ŞİRKETİ,39.932976,44.056791,Alpet
ERDAL AKSEL,41.508788,42.735113,Alpet
ÜLKÜM PETROL SANAYI VE TİCARET LİMİTED ŞİRKETİ,39.873526,44.516004,Alpet
As-Ya Petrol Ür. Yemekçilik Otomoti Personel Taş.San.Ve Tic.Ltd.Şti.,36.931053,35.354591,Aytemiz
Öz Ulusal Petrol Nak.Tur.ve Tarım Ü Tic.Ltd.Şti.,37.01107,35.377133,Aytemiz
Melis Gül (2) Petrol Ürünleri Turiz Taş.İnş.Oto.Gida San.Ve Tic.Ltd.Şt,37.026468,35.401303,Aytemiz
Kan Akaryakıt Petrol Ürünleri Otomo İnşaat Gıda Sanayi Ve Ticaret Ltd.,37.029884,35.81742,Aytemiz
Serhat Zirai Ürünler Ticari Limited Şirketi,37.017123,35.798464,Aytemiz
Sabuncu Akaryakıt 2 (Yüreğir) Tar.Ü Tur.Taş.İnş.Oto.Gıda San.Tic.Ltd.Ş,36.983565,35.393473,Aytemiz
Sabuncu Akaryakıt 1 (Sarıçam) Tar.Ü Tur.Taş.İnş.Oto.Gıda San.Tic.Ltd.Ş,36.982172,35.437145,Aytemiz
Sabuncu Akaryakıt 3 (Seyhan) Tar.Ür Tur.Taş.İnş.Oto.Gıda San.Tic.Ltd.Ş,36.990846,35.158902,Aytemiz
Asyagül ( 2 Yüreğir )Petrol Ürn.Hay Tar.Ürn.Tur.İnş.Taş.Oto.San.Tic.Lt,37.070366,35.409658,Aytemiz
Demir Petrol Ticaret Ve Sanayi Limi Ş.T.İ,37.428231,34.875146,Aytemiz
Sabuncu Akaryakıt 4 Tarım Ürünleri Tal.İnş.Oto.Gıda.San.Tic.Ltd.Şti,37.435921,35.793434,Aytemiz
Cudeoğlu Petrol Nak. İnş.Day.Tük.Ma Tar.Ve San. Tic.Ltd.Şti,37.81282,35.90929,Aytemiz
Halil Petrol ve Turizm Ticaret ve S Limited Şirketi,36.980191,35.33831,Aytemiz
Alişeroğlu Akdeniz Petrol ve Petrol Nak.Gıd.İnş.Tur.A.Ş,37.037562,35.927212,Aytemiz
Kevesa Petrol Ürünleri Sanayi Ve Ticaret Limited Şirketi,36.979817,35.451201,Aytemiz
GGG Petrolleri-7 Sanayi Ve Tic Anonim Şirketi,37.047132,35.767751,Aytemiz
Kristal Gaz-İş-4 Oto. ve Taş. Tic. Ve San. Limited Şirketi,37.099279,35.796217,Aytemiz
Atayoğlu Petrol Ürünleri Tekstil Gı İnş.Tur.Oto.San. Ve Tic.Ltd.Şti.,37.77932,38.291465,Aytemiz
Galip Öztürk,37.685998,37.874808,Aytemiz
Mutlu Nakliyat Turizm San. Ve Ticaret Limited Şirketi,37.688124,38.037799,Aytemiz
İhsan Kurt,37.637616,37.504828,Aytemiz
Sağlık Enerji-2 Tic. ve San. A.Ş.,37.763527,38.287128,Aytemiz
Darbaş Enerji Gıda Hay. Nak. San. ve Tic. Ltd. Şti.,37.754928,38.234209,Aytemiz
Bera Akar.Taş.Loj.İnş. Enerji Üretim Kuyum.VeTic.Paz.Ltd.Şti,37.745212,38.250435,Aytemiz
TG Akaryakıt Enerji İnş.Taş. Gıda Taah. San. Ve Tic.Ltd.Şti,37.774176,38.271625,Aytemiz
GGG Otomotiv-7 Taşımacılık San Ve Ticaret Anonim Şirketi,37.735417,37.566429,Aytemiz
Hisar (3 Sultandağı) Taş.Akar.Tesis İşlt.Ve Oto San.Tic.Ltd.Şti.,38.509429,31.259818,Aytemiz
Dalyanpet Petrol Ürünleri Otel.İnş.San.Tic.Ltd.Şti.,38.302204,30.192199,Aytemiz
Şuhut Bel Petrol Ve Pet.Ürn.Taş.Tem Gıd.Hayv.Et Ve Et Ürn.Taah.San.Ve,38.531941,30.549355,Aytemiz
Özturunç Petrol Ve Akaryakıt Ür. San. Tic. Ltd. Şti,38.766068,30.541196,Aytemiz
Sedef Akaryakıt Ürünleri San Ve Ticaret Limited Şirketi,38.591636,30.947046,Aytemiz
Kokkokoğlu Petrol Ürü. San. Ve Ticaret Limited Şirketi,38.4601,30.2611,Aytemiz
Özel Park Benzin İst.Gıd.Tur. İnş.Oto.San.Tic.Lt,39.015895,30.269367,Aytemiz
Çakıcıoğlu Akr.Nak.Mermer Tav. Oto.Ve.İnş.Taah.San.Tic.Ltd.Şt,38.7549,30.5593,Aytemiz
Yüntaş Akar. 1 Gıd. İç. Tur. Mer Elekt. Nak. San Tic A.Ş.,38.76549,30.53004,Aytemiz
Yüntaş Akar. 2 Gıd. İç. Tur. Mer Elekt. Nak. San Tic A.Ş.,38.7703,30.5429,Aytemiz
Abdullahoğulları (2 Merkez ) Gıda Pet.Ltd.Şti.,39.716325,43.050345,Aytemiz
Buras Pet. İnş.Gıda Tek.Nak.Turizm Ve Tic.Ltd.Şti.,39.719417,43.018698,Aytemiz
MSA Petrol İnşaat Enerji Gıda Turiz San.Tic.Ltd.Şti,39.712411,43.101616,Aytemiz
Fevzi Budak,39.632814,43.388915,Aytemiz
Aslandağ Petrol Enrj. İnş. Mad Lojistik Limited Şirketi,39.798363,42.667237,Aytemiz
Şanlı Halı Katı Yakıt Tarım Petrol San.ve Tic.A.Ş,38.2492,33.5331,Aytemiz
Savullar Petrol Sanayi ve Ticaret Limited Şirketi,38.380859,34.09152,Aytemiz
Dr Akalın Petrol Sanayi Ticaret LTD. ŞTİ.,38.426912,34.098835,Aytemiz
Babacanlar Map Petrol Akaryakıt Ürn.San.Tic.Ltd.Şti.,38.2139,34.0197,Aytemiz
Es Kırlı Tarım Hayvancılık Pet Nakliye İnşaat Anonim Şirketi,38.399267,33.404145,Aytemiz
Altın Hazır Beton İnşaat Madn.Hayv.Nakl.Ltd.Şti.,38.461427,33.916844,Aytemiz
GGG Otomotiv -1 Taş.San.Tic.A.Ş,38.341817,34.046549,Aytemiz
Altınkaynaklar Akaryakıt Hayvancılı Taş. İnş. San. ve Tic. LTD. ŞTİ.,40.4552,36.1069,Aytemiz
Başak Petrol-2 Ürünleri Otelcilik S Ve Ticaret Limited Şirketi,40.7332,36.3705,Aytemiz
Başak Petrol-3 Ürünleri Otelcilik S Ve Ticaret Limited Şirketi,40.7312,36.3809,Aytemiz
Zafer Tayyar Şahin Petrol Ürn. San.Tic.Ltd.Şti.,40.395634,35.523868,Aytemiz
On Akaryakıt Nakliyat Turizm İnş.San.Tic.Ltd.Şti,40.6715,35.8322,Aytemiz
Ufuk Arslan,40.797141,35.668874,Aytemiz
Öztürkoğulları Pet. Ürün.Tic.Ltd.Şt,40.042684,32.916254,Aytemiz
Aytemiz (Beştepe-Ankara) Petrolcülü Tic.Ltd.Şti,39.922953,32.802649,Aytemiz
Güntekinler Petrol Tic.ve San. Ltd.,39.842935,32.545957,Aytemiz
Akkaya Petrol Tarım Ürünleri Nak. İ San. ve Tic. Ltd.Şti.,39.609591,32.125753,Aytemiz
Çalışkan Grubu Petrol Nakliyat Tica Ltd.Şti.,39.936322,33.022257,Aytemiz
Babaoğlu Petrol Ticaret Ve San. Ltd,39.707063,32.280363,Aytemiz
Aytemiz (Etlik) Petrolcülük Tic.Ltd.Şti.,39.982294,32.835036,Aytemiz
Öz Hasanoğulları Petrol Gıda Taşıma İnşaat Tekstil Sanayi Ve Ticaret L,40.225704,33.023728,Aytemiz
Tpk Petrol Otomotiv Turizm İnşaat S  Ve Ticaret Limited Şirketi,39.910782,32.892503,Aytemiz
YKD Enerji (2 Yenimahalle) Ticaret Anonim Şirketi,39.970252,32.770588,Aytemiz
Adk Grup Petrol Ürünleri Nakliyat İ Taahhüt Tur.Gıda San. Ve Tic. Ltd.,40.13607,33.090892,Aytemiz
Sedad Altıntop Nakliyat Madencilik Tekstil San.İth.İhr.Ve Tic.Ltd.Şti.,39.7129,32.8142,Aytemiz
Mehmet Ercan Boran,39.942474,32.887015,Aytemiz
Yay Gruop Petrol Nakliye İnşaat Tur İml.İth.İhr.San. ve Tic.Ltd.Şti,40.130306,32.985705,Aytemiz
As Koçlar Akaryakıt İnşaat Otomotiv Sanayi ve Ticaret Ltd. Şiti.,39.704661,32.277714,Aytemiz
Kadooğlu-1 İnşaat Gıda San ve Ticaret İth. İhr. A.Ş.,39.9595,32.8106,Aytemiz
Kadooğlu - 2 Petrol İnşaat Gıda San Ticaret İthalat İhracat A.Ş,39.9683,32.6084,Aytemiz
Özkonak Akaryakıt İnşaat Nak. San. ve Tic. Ltd Şti.,39.97473,32.592533,Aytemiz
Demsa Akaryakıt İnş. San. Tic. Anonim Şirketi,39.971239,32.771081,Aytemiz
Avcı Petrol-2 Sanayi Ve Ticaret Ltd.Şti,39.909283,32.985841,Aytemiz
Sarıhan Nakliyat Akaryakıt Gıd Turz.Tic.Ltd.Şti,39.91805,32.827993,Aytemiz
Çelik Kardeşler Petrol Sanayi Ve Ticaret Limited Şirketi,40.1006,32.0376,Aytemiz
Merense Enerji -1 Tic.San.Ltd.Şti Limited Şirketi,39.9477,32.707,Aytemiz
İstay İnşaat Petrol İthalat İhrc.Ltd.Şti.,39.949515,32.738665,Aytemiz
Kristal Gaz-İş -3 Oto.Taş.Tic.San.Ltd.Şti,39.5726,32.0997,Aytemiz
GGG Petrolleri - 3 San.Tic.A.Ş.,40.07831,33.01076,Aytemiz
Celal Özdemir Petrol Ticaret San.Ltd.Şti,39.9395,32.8794,Aytemiz
Kemal Altınok Ve Oğulları Petrol Turz.Taş.Tic.Ltd.Şti.,39.826684,32.575329,Aytemiz
AYK Madeni Yağ Pet. İnş. Tur. Oto. San. Tic. Ltd. Şti.,40.182944,32.68707,Aytemiz
Atahasan Taşımacılık Gıda Canl Hayv.Tar.Ütn.San.Tic.Ltd.Şti.,40.016078,32.826531,Aytemiz
Kerimağa Akaryakıt LPG Gıd. Eml.Tar.Hayv.Nak.San.Tic.,40.0448,32.5046,Aytemiz
Kace Petrol Sanayi Ve Tic. A.Ş.,39.934363,32.92094,Aytemiz
Ayka Taşımacılık Otomotiv İnş.Hayv.Temz.San.Tic.Ltd.Şti.,40.185082,33.02326,Aytemiz
Senekçiler Petrol San.Ve Tic.Ltd.Şt,36.864444,30.784887,Aytemiz
Silyon Akaryakıt Otomotiv Gıda İnş. Ltd. Şti.,36.901097,30.761256,Aytemiz
Sönmez Su Ürn.Asfalt Akar.Kırtasiye Özel Eğit.Yay.Taşımacılık Tarım,36.283626,32.299957,Aytemiz
Güleç Petrol (1 Merkez) Tic. Nak.İnş.Paz.Ltd.Şti,36.924713,30.731857,Aytemiz
Güleç Petrol (2 Kepez) Tic.Nak. İnş.Paz.Ltd.Şti,36.993051,30.717254,Aytemiz
Güleç Petrol (3 Merkez) Tic.Nak. İnş.Paz.Ltd.Şti,37.115668,30.608785,Aytemiz
Güleç Petrol (4 Cevizli) Tic.Nak. İnş.Paz.Ltd.Şti,37.195569,31.766438,Aytemiz
Üç özkanlar Gıda pet.Ür.Tur.Ltd.Şti,37.033225,30.599694,Aytemiz
Topçuoğlu Koll. Şti. Hasan Ünal ve,36.865415,31.268975,Aytemiz
İrfan Yılmaz-Yılmaz Petrol,36.382525,32.193555,Aytemiz
Aytemiz (Antalya) Petrolcülük Ticar Ltd.Şti.,36.904042,30.716754,Aytemiz
Hal Birlik Petrolcülük Turizm İnş. Orman Ve Su Ürünleri Sanayi Ve Tic.,36.923959,30.744616,Aytemiz
Krompet Petrol İnşaat Ticaret Sanay  Anonim Şirketi,36.933251,30.654176,Aytemiz
Yusuf Albayrak Petrol İnşaat Emlak Ticaret Ve Sanayi Limited Şirketi,37.056525,30.595952,Aytemiz
Gsr Otomotiv İnşaat Petrol Turizm Ticaret Ve Sanayi Limited Şirketi,36.542112,32.034326,Aytemiz
Kepezler (1 Kepez) İnş. Emlak Gıda Taahhüt Ticaret Turizm Ve San.Ltd.Ş,36.931178,30.771746,Aytemiz
İstanbul Petrol Gıda İnşaat Ticaret Limited Şirketi,36.939737,30.928527,Aytemiz
Yardan Oto Alım Satımı Nakliye Akar Otogaz Bayiliği İnş.Taah.Tur.Tic.L,36.921724,31.04147,Aytemiz
Kepezler (2 Elmalı) İnş. Emlak Gıda Taahh.Tic. Tur.Ve Sanayi Limited Ş,36.85801,30.026943,Aytemiz
Antalya Kepezler Petrol A.Ş,36.847212,30.61472,Aytemiz
Hocaoğlu Gıda Mad.Ve Pet.Ürn.San.Tu Taah.Tic.Ltd.Şti,37.010956,30.365606,Aytemiz
Yorgancıoğlu Petrol Ürünleri Day.Tü İnş.Tur.Gıd.San Ve Tic.Ltd.Şti,37.086533,30.204194,Aytemiz
Yardan Oto-2 Alım Satımı Nk. Akary. Otogaz Bayi İnş.Taah.Tur.Tic.Ltd.Ş,36.914308,31.123928,Aytemiz
Göçmentürk Day.Tük.Mal.Tic.Ve Tur.L,36.4232,32.1828,Aytemiz
Esen Deniz Petrol Lojistik Sanayi v Ticaret Limited Şirketi,36.546948,31.987778,Aytemiz
Antalya Kepezler 2 Petrol Anonim Şi,36.66175,30.549487,Aytemiz
Mkz Madencilik Sanayi ve Ticaret Anonim Şirketi,36.919003,30.666611,Aytemiz
Toksöz Petrol İnşaat Turizm Ve Tica Ltd. Şti.,36.357761,32.234579,Aytemiz
Akkoyunlular Gıda Petrol Dış Ticare Sanayi Ve Pazarlama Limited Şirket,36.3511,30.3021,Aytemiz
Özdağlar Ener. Pet. Tur. İnş. Gıd. Oto. İth. İhr. Tic. Ltd.,36.902192,30.734419,Aytemiz
Karaöz Petrol Turizm Sanayi ve Ticaret Limited Şirketi,37.17662,30.783772,Aytemiz
Balcıoğlu Akaryakıt Sanayi ve Ticaret Limited Şirketi,36.914044,31.144052,Aytemiz
Mevlana Pet.Ürün.Tur.Taş.Paz. İnş.Tic.Ltd.Şti,37.092657,30.620318,Aytemiz
Ulukan Petrol Madencilik Gıda Sanayi Ve Ticaret A.Ş,36.800616,31.402187,Aytemiz
Mehmet Kıraç Pet. Ürün Oto. Tur. Sey. San Tic. A.Ş.,36.9397,30.8202,Aytemiz
Kristal Gaz-İş-6 Oto. ve Taş. Tic. Ve San. Limited Şirketi,36.723338,31.555073,Aytemiz
GGG Petrolleri-6 Sanayi Ve Tic Anonim Şirketi,36.973368,30.623601,Aytemiz
İsmail Acar-Osman Acar,36.36747,30.282928,Aytemiz
MKZ Madencilik-2 Sanayi Ve Tic. Anonim Şirketi,36.984394,30.625795,Aytemiz
Gündoğdular Gıda San.Tic.Ltd.Şti.,41.099905,42.717852,Aytemiz
Savaş Aydın,41.231968,42.85256,Aytemiz
Makrom Turizmi İnş.Gay.Pet.San. Tic.Ltd.Şti,40.78778,42.631119,Aytemiz
Özcan Petrol Ürün.Otom.San.Tic.Ltd.,41.177986,41.842983,Aytemiz
Turan Yiğit,41.123321,42.065039,Aytemiz
Hayrettin Kaya,40.984353,41.756094,Aytemiz
Koyuncular Akaryakıt İnşaat Tur.ve Tic.Ltd.Şti,41.3867,41.4115,Aytemiz
ÖZ-AY Petrol İnşaat San. Müh. Tur. İç. ve Dış Tic. Ltd. Şti,41.194311,41.876207,Aytemiz
Arıcı Petrol ve İnşaat Tic.Ltd.Şti.,37.853516,27.259839,Aytemiz
Kristal Gaz - İş Otomotiv Ve Taşıma Ticaret Ve Sanayi Limited Şirketi,37.882315,28.145677,Aytemiz
Ali Uğuz - Oğuz Petrol,37.711727,28.696115,Aytemiz
Ramak Yapı İnş.Oto.San.Ve Tic.Ltd.Ş,37.799472,27.28456,Aytemiz
Gazi Nur Petrol Taşımacılık Tem.İnş San. Ve Tic.Ltd.Şti,37.777541,27.45076,Aytemiz
Karagöz İnşaat Petrol Yerli Ürünler ret Sanayi ve Taşımacılık Limited,37.8671,28.1196,Aytemiz
Didim Aras Enerji Petrol Ürün. San. Ve Tic. Limited Şirketi,37.480881,27.338715,Aytemiz
Çağpet Pet -2 ve Pet. Ürün. Tur. Gıd.Nak.Danışm. San.ve.Tic.,37.9131,28.5911,Aytemiz
Çağpet Pet -3 ve Pet. Ürün. Tur. Gıd.Nak.Dan. San.ve.Tic.A.Ş,37.760757,27.691211,Aytemiz
Naci Helvacı Petrol Limited Şirketi,37.870925,27.618204,Aytemiz
Dinçler Mad.Müh.İnş.Pet.Med.Na Organizatrlk Paz.İth.İhr.San.T,37.670762,28.016409,Aytemiz
Sedef Akaryakıt-4 Ürün. San. Ve Ticaret Limited Şirketi,37.852483,29.970317,Aytemiz
Bilgiçler Akaryakıt Kuyumculuk Tarı Hayvancılık Sanayi Ve Ticaret Ltd.,40.141438,27.644285,Aytemiz
Tombaş Petrol (1 Susurluk) Tur.Gıda İnşaat Nakliyat Sanayi ve Tic.Ltd,39.965667,28.170086,Aytemiz
Ömer Erhan Özaydın Ve Ortağı Kollektif Şirketi,39.550715,27.094162,Aytemiz
Tombaş Müh.İnş.Akaryakıt Turizm San.Ve Tic.A.Ş.,39.875706,28.167797,Aytemiz
Girginler Petrol Ürünleri Sanayi ve Ticaret Limited Şirketi,39.233469,28.180956,Aytemiz
Ömer Erhan Özaydın-2 ve Ortağı Koll Şirketi-,39.582161,27.032093,Aytemiz
Ventus Petrol Limited Şirketi,40.128121,27.673305,Aytemiz
BSMerinos Madeni Yağlar Gıda Pet.Ürn.Enrj.Ürt.San.Ltd.Şti,39.5951,27.4987,Aytemiz
Güvenli Liman Akaryakıt Den. Gıd.Tar.Oto.İnş.San.Tic.Ltd.Şt,40.302857,28.025828,Aytemiz
Ekaş İnşaat Taahhüt Müh.Pet. Ürn.San.Tic.A.Ş,39.6533,27.9242,Aytemiz
Yağmursu Petrol Ürn.Köm.İnş. Nak.Gıd.Oto.Kuy.İth.İhr.San.Ti,39.677986,27.94402,Aytemiz
Balıkesir Onur Süt Ve Petrol Ürn.İnş.San.Tic.Ltd.Şti.,39.5593,27.9805,Aytemiz
Gömeç Akaryakıt Sanayi Ve Tic. Ltd.Şti,39.3895,26.8376,Aytemiz
Demta Petrol Nakliyat San.Tic.Ltd.Ş,37.90726,41.116105,Aytemiz
Rabia Kayık (Kayık Petrol),37.8849,41.1364,Aytemiz
Özbekoğlu Petrol İnşaat Nakliyat Otomotiv Gıda İthalat İhracat Ltd.Ş,40.268984,40.197747,Aytemiz
Efak Petrol Turizm Seyahat Taşıma B  İnşaat Limited Şirketi,40.254318,40.225899,Aytemiz
Güneş Mad.San. Ve Tic.Ltd.Şti.,40.013381,30.190446,Aytemiz
Başaranlar Oto Sanayi ve Ticaret İmroz Özdemir Ve Ortakları Kollekti,40.0903,30.0105,Aytemiz
İstanbul Özteknik Hırdavat Sanayi V A.Ş,40.161961,29.977857,Aytemiz
Güvence Petrol Ürünleri Paz.San.Tic Ltd. Şti.,39.923257,30.010816,Aytemiz
Sedef Akaryakıt-5 Ürün. San. Ve Ticaret Limited Şirketi,39.909077,30.019969,Aytemiz
Baynal İnşaat Otomotiv Gıda Eğitim Turizm Enerji Tic ve San Ltd Şti,38.967217,40.662761,Aytemiz
Harmancı Petrol Ürünleri Nakliye Sa Ve Ticaret Limited Şirketi,39.284879,41.000257,Aytemiz
Felemez Kök,38.422957,42.12471,Aytemiz
Mecitoğulları Orman Ürünleri İthala İhracat Sanayi ve Ticaret Limited,38.406755,42.110877,Aytemiz
Mecitoğulları 2 Orman Ürünleri İtha İhracat Sanayi ve Ticaret Limited,38.3454,42.112998,Aytemiz
Yeke Pusula Petrol San. Ve Tic. Ltd. Şti.,38.578471,42.015479,Aytemiz
Kenan Genç,38.501885,42.281463,Aytemiz
Hamamcıoğlu Sağlık Sanayi Ve Ticaret Limited Şirketi,40.70305,31.618289,Aytemiz
Özkudret-2 İnş.Gıda Akar. Nak Sanayi ve Ticaret Limited Şirk,40.758042,31.924102,Aytemiz
Çavuşoğlu Petrol Ürünleri Gıda Tarı Nak.Oto.İnş.Turizm Ticaret  Ltd.Şt,37.529096,30.497184,Aytemiz
Alyam Akaryakıt Nak.San.Ve Tic.Ltd.,37.800652,30.38734,Aytemiz
Yamanlar Petrolcülük İnş. Nak. Tur. San. ve Ltd. Şti.,36.982528,29.410762,Aytemiz
İdeal Petrol Tic.Ve San.A.Ş,40.292743,29.057521,Aytemiz
Şahin Petrol Gıda San. Ve Tic.Ltd.Ş,40.229891,29.156242,Aytemiz
Aman Petrol Ür.ve Turz. ve Tic. San,40.193905,29.067849,Aytemiz
MZB Akaryakıt Nakliye - İnşaat ve Otomotiv San. ve Tic.Ltd.Şti.,40.45739,29.288964,Aytemiz
Tombaşlar Akaryakıt Gıda Nakliye İn Turizm Ticaret ve Sanayi Ltd Şti,40.204976,29.344478,Aytemiz
Birinciel Kollektif Şirketi - Ali Birinciel Ve Ortaklari,40.033408,28.376091,Aytemiz
Aytemiz (OHT4-Sol) Petrolcülük Tic.Ltd.Şti,40.231837,28.781356,Aytemiz
Aytemiz (OHT3-Sağ) Petrolcülük Tic.Ltd.Şti,40.232193,28.78002,Aytemiz
Sait Ak - Ak Petrol,40.205994,29.120147,Aytemiz
Aytemiz (Mehmetçik Sağ - 30) Petrol Tic.Ltd.Şti.,40.252262,28.450323,Aytemiz
Aytemiz (Mehmetçik Sol - 31) Petrol Tic.Ltd.Şti.,40.250604,28.453876,Aytemiz
Skypet Petrol Nakliye İnşaat Turizm Gıda Sanayi Ticaret Limited Şirket,40.2725,28.839797,Aytemiz
Otopet Petrolcülük Anonim Şirketi,40.288246,29.658531,Aytemiz
GMS Akaryakıt İnş.Gıd.Mad.İth.İhr.S Tic.Ltd.Şti,40.519651,29.315047,Aytemiz
Yamanlar Grup Petrol İnşaat Nak.San.Tic.Ltd.Şti.,40.04746,29.589996,Aytemiz
Ostaş Otomotiv Gıda Sanayi Ve Ticaret Anonim Şirketi,40.2339,29.0632,Aytemiz
Abdullah İzgi Pet.Tur.İnş.Nak Mad. Oto. San. Ve Tic. Ltd.Şti,40.06094,29.580383,Aytemiz
Tuncay Sezer Petrol Akar. Taş. İnş. Tur. Ve Tic. Ltd. Şti.,39.913762,26.301492,Aytemiz
Ay-Toklar 2 Mob.Gıda Tar.Tur.Taş.İn Yurt İşl. San.Ve Tic.Ltd.Şti,39.508893,26.385242,Aytemiz
İlkin-2 Lojistik ve Ticaret Anonim Şirketi,40.144665,26.461853,Aytemiz
TRA Enerji Limited Şirketi,40.003076,27.034537,Aytemiz
Dardanos Petrol İnşaat Taşıma. Turz.San.Tic.Ltd.Şti.,40.192282,26.511125,Aytemiz
Recla Teknoloji - 2 Anonim Şirketi,39.839547,26.046173,Aytemiz
Modoğlu Enerji Sanayi ve Tic. A.Ş.,40.520201,26.743866,Aytemiz
Kurşunlu Petrol San.Tic.Ltd.Şti.,40.842674,33.266811,Aytemiz
Sevindim Akar.Nak.Oto.Demir Çelik Ü İnş.Mad.Gıda Hayvan.Tarım Ve San.L,40.560216,33.611097,Aytemiz
Ulupınar Petrol Ürünleri İnşaat San Ve Ticaret Limited Şirketi,40.908877,33.62162,Aytemiz
Şah İkiz Akaryakıt İnşaat Sanayi Ve Ticaret Limited Şirketi,40.727202,33.525428,Aytemiz
Özkudret İnşaat Gıda Akaryakıt Nak.San.Tic.Ltd.Şti,40.819157,32.88838,Aytemiz
Selin Tuğla Kiremit Petrol Tic.Ltd.,40.554737,34.924581,Aytemiz
Ulusaloğlu Petrol Nak. San.Tic.Ltd.,40.164573,34.38611,Aytemiz
Zeki Ocaklı,40.158149,34.36445,Aytemiz
Karakaşlar Traktör Anonim Şirketi,40.97145,34.819024,Aytemiz
Zirvem Oto Akaryakıt Ticaret Ve San Limited Şirketi,40.61273,35.161826,Aytemiz
Canbek Petrol Ürünleri İnşaat Nakiliyat San. ve Tic. Ltd Şti,40.49351,34.903292,Aytemiz
Çelikler Çeltik Tarım Ürünleri Paz. San. ve Tic. Ltd. Şti.,41.137501,34.472702,Aytemiz
As Koçlar-2 Akar. İnş. Oto. San. Ve Tic. Ltd. Şti.,40.420554,34.758066,Aytemiz
Merense Enerji -2 Tic.San. Limited Şirketi,41.046225,34.560416,Aytemiz
Sedal Gayrimenkul Petrol Ürn.Gıd.Turz.San.Tic.A.Ş.,40.9723,34.8225,Aytemiz
Bıyıkoğlu Petrol Sanayi Tic.Ltd.Şti.,40.544263,34.926782,Aytemiz
Zeki Petrol Akaryakıt Nakl.Gıda Tar Oto. İt. Ve İhr. San. Ve Tic.Ltd.Ş,38.292571,29.724182,Aytemiz
İnan Petrol (2 Merkez) Ürünleri Nak. İnş. Malz.San ve Tic. Ltd.Şti.,37.735256,29.12059,Aytemiz
İnan Petrol (3 Merkez) Ürünleri Nak. İnş. Malz.San ve Tic. Ltd.Şti.,37.783943,29.0116,Aytemiz
Büyüktarakcı Otomotiv Sanayi Ve Ticaret Limited Şirketi,37.87816,29.00713,Aytemiz
Yeşil Fidan Tarım ve Pet. Ticaret Limited Şirketi,37.828743,29.558447,Aytemiz
Yeşil Fidan Tarım ve Pet.-2 Ticaret Limited Şirketi,37.493452,28.95089,Aytemiz
Huzurkılınç Gıda Pet.Ürün.Tic.Ltd.Ş,38.23222,39.79222,Aytemiz
Köprü Petrol İnşaat San.Tic.Ltd.Şti,37.94702,40.236999,Aytemiz
Eren Petrolcülük Turizm Ve Tic.Ltd.,37.810305,40.331403,Aytemiz
Miranlı Tanrıverdi Pet.Oto.İnş Nak.GıdaSanTic.İth.İhr.Ltd.Şti,37.944,40.1852,Aytemiz
Öz Miranlı Pet.Tarı.Gıd.İnş. Ener.İth.İhr.San.ve Tic.Ltd.Şt,37.921178,40.145709,Aytemiz
Akçakoca Özdemir Petrol Ve Ticaret Limited Şirketi,41.083637,31.143429,Aytemiz
Hamamcıoğlu Sağlık 2 San. Ve Tic. L,40.827865,31.189182,Aytemiz
Çebi81 Akaryakıt Otomotiv Ticaret Limited Şirketi,40.862632,31.167912,Aytemiz
Bulut Global Lojistik Uluslararası -yat ve Petrol Ürünleri Ticaret Ltd,40.775928,31.303123,Aytemiz
Çebi Akaryakıt-2 Kaf. Hiz. Taş Hiz. San. Tic. Ltd.,40.925511,31.145323,Aytemiz
Düzce Yeşil Petrol Anonim Şirketi,40.839261,31.177526,Aytemiz
Emel Elektrik Akarakıt Tic.Ltd.Şti.,41.656812,26.581598,Aytemiz
Polatcan Akaryakıt San.Ve Tic.Ltd.Ş,40.874744,26.642195,Aytemiz
Bereket Yağ Akaryakıt Petrol Ürünle Ticaret ve Sanayi Limited Şirketi,41.684281,26.585537,Aytemiz
Isıpet Turizm Akaryakıt Limited Şir,41.505779,26.89835,Aytemiz
Rmg Akaryakıt Gıda Turizm İnşaat Ür Sanayi ve Ticaret Limited Şirketi,41.865802,26.702836,Aytemiz
Free Lojistik (2) Akaryakıt Pazarla Ticaret Ltd.Şti.,41.668852,26.554922,Aytemiz
Hüseyin Can Petrol Gıda Nak. Tic. Ltd. Şti.,41.7066,26.3902,Aytemiz
Aras Petrol Ürünleri Turz.Spor Dinl.Tes.Paz.Tic.Ltd.Şti,41.2122,26.6797,Aytemiz
Gökkuşağı Petrol İnşaat Turizm Ticaret ve San.Ltd.Şti.,41.691401,26.544571,Aytemiz
Emre Güler,41.765555,26.907663,Aytemiz
Cenk Kondal Petrol İnşaat ve Turizm Anonim Şirket,41.663344,26.576461,Aytemiz
Tuzsuzoğlu Petrol Otomotiv Nak.İnş. Gıda San.ve Tic.Ltd.Şti.,38.63814,39.117215,Aytemiz
Alken İnş.San.Ve Tic.Ltd.Şti.,38.648459,39.136961,Aytemiz
Efetürk Petrol Otom.İnş.Nak.Tar.Hay Süt Ürün.Gıd.Tic.ve San.Ltd.Şti.,38.686565,39.080811,Aytemiz
Uğur Mehmet Şen (1 Akçakiraz),38.602552,39.254933,Aytemiz
Aliağam Petrol İnşaat Taahhüt Turizm Anonim Şirketi,38.638079,39.24322,Aytemiz
Uğur Petrolcülük Ve Nakliye Sanayi Ticaret Limited Şirketi,38.543347,39.039909,Aytemiz
Usre Petrol Sanayi Ve Ticaret Limit Şirketi,38.7346,39.9019,Aytemiz
Aytemiz (Elazığ) Petrolcülük Tic.Ltd.Şti,38.686171,39.224724,Aytemiz
Busel Pet. İnş. Üretim Paz. İhr.İth.San. ve Tic. Ltd. Şti.,38.66397,39.244158,Aytemiz
Har Grup Yemek Organizasyn Gıd Ürn.İnş.San. ve Tic. Ltd.Şti.,39.807101,39.365183,Aytemiz
Zorlular Oto. Pet. Ürün. San. Ve Tic. Ltd. Şti.,39.6583,39.5003,Aytemiz
Özkonak Akaryakıt-3 İnş.Nak.San. Tic.Ltd.Şti.,39.782186,39.397997,Aytemiz
Bizim Petrol Gıda Kuy.Nak.Seyahat San.Ve Tic.Ltd.Şti.,40.279371,41.558456,Aytemiz
Erzurum Petrol Bingöller Akar.Ltd.Ş,39.946981,41.290278,Aytemiz
Memişoğlu Beton Asfalt Yol Yapı Mad İnş.Taah.Petrol Ürün.San.ve Tic.A.,39.962398,41.208366,Aytemiz
Cahit Yazıcı - Cihan Petrol,39.976885,41.663023,Aytemiz
Erdemsu Gıda Ambalaj Enerji Otomoti Petrol Pazarlama San.Ve Tİic.Ltd.Ş,39.935924,41.284682,Aytemiz
Metehan Atmaca,40.571796,42.016307,Aytemiz
Hulusi Sırmacı (1 Palandöken) Petro Ürün.İnş.Taah.Taş.San.Ticaret Ltd.,39.886534,41.270629,Aytemiz
Şahiner Petrol (1 Köprüköy) Ürün.Ot Gıda İnş.Taahhüt Tic.Ve San.Ltd.Şt,39.963637,41.895289,Aytemiz
Şahiner Petrol (2 Köprüköy) Ürün.Ot Gıda İnş.Taahhüt Tic.Ve San.Ltd.Şt,39.765209,41.807218,Aytemiz
Reşber Kömür Nak. İnş.Taah.Pet.Hayv San.Ltd.Şti,39.898808,41.200116,Aytemiz
Cemilbeyoğulları Kuyumculuk Petrol Gıda Temizlik İnş.Tic.San.ve Paz.Lt,39.8996,41.2849,Aytemiz
Fatih Kollektif Şirketi- Naci Sevim -Sevim Sevim,39.937898,40.73385,Aytemiz
Öz Efendioğulları Tem. Hiz. Petrol Gıda Mad.Tur.Tar.veHayv.Tic.veSan.L,39.990036,41.528542,Aytemiz
Muhammet Emin Sarı,39.611387,40.976946,Aytemiz
Aşkale Yönetim Hizmetleri ve Danışmanlık A.Ş.,39.938821,40.735353,Aytemiz
Aksa Mark. Teks. Gıd. Tur. Pet Ür. İnş. Taah. San. Tic. A.Ş.,39.886,41.2388,Aytemiz
Aytemiz (Yakutiye) Petrolcülük Tic.Ltd.Şti.,39.90981,41.286242,Aytemiz
Aytemiz (Aziziye) Petrolcülük,39.920757,41.198469,Aytemiz
Hulusi Sırmacı Petrol 2 Ürn.İnş.Taah.Taş.San.Tic.Ltd.Ş,39.941881,41.118392,Aytemiz
Çevikler İnşaat Taah.Madn.Enrj Ürt.Dağ.Pet.Tic.Ltd.Şti.,39.929129,41.284376,Aytemiz
Ömer Bülent Ünal,39.443077,30.688759,Aytemiz
Hamid Yüzügüllü,39.438199,31.530564,Aytemiz
Mehmet Yatır Petrol Ürünleri Dayanı Tüketim Malları Ticaret Ve San.Ltd,39.379437,31.036944,Aytemiz
Konpet Dinlenme Tesisleri ve Akaryakıt Limited Şirketi,39.641229,30.800372,Aytemiz
Konpet-2 Dinlenme Tesisleri Ve Akaryakıt LTD. ŞTi.,39.845383,30.281432,Aytemiz
Cansa Akaryakıt Sanayi Ve Ticaret Limited Şirketi,39.521397,31.621989,Aytemiz
Akkaya-2 Petrol Tar. Ürn.Nak.İnş Sanayi Ve Ltd. Şti.-2,39.776783,30.528694,Aytemiz
Dalgıç Taşımacılık Petrol Ürün.Ltd.,37.060303,37.409401,Aytemiz
Hayatkent Petrol Nakliyat Gıda Sana Ticaret Limited Şirketi,37.050358,37.433365,Aytemiz
Ayopet Pet.İnş.Tar.Ür.San.Ltd.Şti,37.054956,37.507795,Aytemiz
Ersel Akaryakıt Petrol Ür.San.Ltd.Ş,37.070982,37.3876,Aytemiz
İmza Petrol Nakliyat San.Ve Tic.Ltd,36.989943,37.770199,Aytemiz
Güç Petrol Taşımacılık Ve Otomotiv Ticaret Limited Şirketi,37.046987,37.363909,Aytemiz
Dalgıç Lojistik Uluslararası Taşıma Petrol Ürünleri Pazarlama Tic.Ltd.,37.031384,37.358259,Aytemiz
Fakılı (2 ŞehitKamil) Otobüscülük Pazarlama İnşaat Ltd.Şti.,37.078447,37.394878,Aytemiz
Fakılı (3 ŞehitKamil) Otobüscülük Pazarlama İnşaat Ltd.Şti.,37.091653,37.412823,Aytemiz
Rehaçetin Petrol İnş.Gıd.Nak. San. ve Tic. Ltd.Şti,37.0284,37.7818,Aytemiz
Murat Türkel Petrol Gıda Nak. İnş.İhr.San. Ve Tic. LTD ŞTİ.,36.992925,37.657957,Aytemiz
ALD Akaryakıt İnş. Pet. İç Ve Dış. Tic. San. Ltd. Şti.,37.100194,37.43422,Aytemiz
Nazar Akaryakıt Petrol Oto. San. Tic. Ltd. Şti.,37.065737,37.63224,Aytemiz
Zorbey İnş.Nak.Oto. Petrol Tem İth.İhr.ve San.Tic.Ltd.Şti.,36.7097,37.1933,Aytemiz
Çağpet Pet. Ür. Paz. Taş. Gıd. San. Tic. Ltd. Şti.,37.1813,37.2758,Aytemiz
Askoç Din.Tes. 1 Pet.Nak.Gıd.Tur İnş.San.Tic.Ltd.Şti,37.0551,37.5399,Aytemiz
Askoç Din.Tes.2 Pet.Nak.Gıd.Tur İnş.San.Tic.Ltd.Şti,37.056823,37.541008,Aytemiz
Bodur Petrol Yapı Malz.San. Tic. A.,40.965751,38.743372,Aytemiz
Mucipler Petrol San. Ve Tic. A.Ş.,40.937208,38.207899,Aytemiz
Ramazan Usta Petrol San.Tic.Ltd.Şti,41.014068,38.997941,Aytemiz
Demircan Su Ürn Petrol İnş. San. Ve Ltd. Şti.,40.953187,38.11905,Aytemiz
Karakoç Pet. Ürün. Dağ. Paz. San.Ve Tic. Ltd. Şti.,40.92358,38.548376,Aytemiz
Hancılar Petrol Turizm Otelcilik Sanayi ve Ticaret Limited Şirketi,40.288204,38.41681,Aytemiz
Karakoç (2) Petrol Ürünleri Dağıtım  Sanayi Ve Ticaret Limited Şirketi,40.938273,38.26247,Aytemiz
Giresun Uzmanlar Grup Petrol Ürünle İnşaat Sanayi Ticaret Limited Şirk,40.908055,38.409213,Aytemiz
Yaramanlar İnş. Nak. San. Ve Ticaret Limited Şirketi,40.90515,38.351228,Aytemiz
Çotanak Petrol Ürü. Nak. İnş. Tur. Gıda Kuy. San ve Tic Ltd,40.912005,38.433895,Aytemiz
Birol Usta-2 Petrol Ürünleri Ticaret Limited Şirketi,41.060711,39.13631,Aytemiz
Gümüşbağ (1 Köse) Pet.Ürn. San.İnş.Ltd.Şti.,40.208311,39.654191,Aytemiz
Lüks Erzincan Yılmazlar 2000 Petrol Şti.,40.114325,39.449743,Aytemiz
Zengin Kömür (3 Kelkit) İşlet.Nak. Turizm Sanayi Ticaret Limited  Şirk,39.992896,39.547167,Aytemiz
Süleyman Kayra Akaryakıt Ticaret Limited Şirketi,40.550664,39.309725,Aytemiz
Harşit Petrol Ürünleri İnşaat Ve Gı Sanayi Ticaret Ltd.Şti.,40.4179,39.5904,Aytemiz
Aşçıoğlu Yemek Gıda Temz. İnş.Turz.San.Tic.Ltd.Şti.,40.444641,39.503923,Aytemiz
Bay Petrol Ürünleri Madencilik Sana Ticaret Limited Şirketi,37.569744,44.230864,Aytemiz
Kadiroğulları İnş.Gıd.Akar.Nak İth.İhr.San ve Tic. Ltd Şti.,37.4011,44.51735,Aytemiz
Hatay Mert San.Tic.Ltd.Şti.,36.253077,36.17723,Aytemiz
Özkullar Petrol Ltd.Şti.,36.772311,36.215751,Aytemiz
Raypet Akaryakıt Tic.Ltd.Şti.,36.216976,36.124289,Aytemiz
Tokdemir (2 Reyhanlı) Akar. Tic. Ve San.Ltd.Şti.,36.280941,36.568249,Aytemiz
Tokdemir (1 Merkez) Akar. Tic. Ve San.Ltd.Şti.,36.223555,36.191495,Aytemiz
Ray Enerji Seyahat Petrol Ürün.Gıda Tarım San.Tic.Ltd.Şti.,36.206326,36.130345,Aytemiz
Çolak Melike Petrol Taşımacılık Pazarlama Ve Tic.Ltd.Şti.,36.641006,36.212804,Aytemiz
Özdeniz Akaryakıt İnşaat Nakliyat  Gıda Tic. Ve San. Ltd. Şti.,36.440238,35.932808,Aytemiz
Çağ Otomotiv Gıda Maddeleri Petrol Ürünleri Ticaret Pazarlama Limited,36.467337,36.339105,Aytemiz
Alişeroğlu Akdeniz Pet. Ve Pet Ürün. Nak. Gıda İnş. Tur. A.Ş,37.022351,36.139499,Aytemiz
Menger Petrolcülük Taş.İnş.Tur Loj.Gıda Hayv.San.VeTic.Ltd.Şt,36.954508,36.128561,Aytemiz
GGG Otomotiv-2 Taş.San.Tic.Ltd.Şti.,39.95314,36.1275,Aytemiz
Türkan Gıda AkaryakıtTic.Ltd.Şti.,40.036668,43.674038,Aytemiz
İlbeyi Akar.Ürün.Gıda İnş.Oto.Nak.Y Dışı Yolcu Taş.ve San.Ür.Tic.Ltd.Ş,39.945623,43.985717,Aytemiz
Alp Urungu Enerji Elektrik Malzemel Taşımacılık İnşaat Tic.Ltd.Şti,39.938332,44.086755,Aytemiz
Şenal Gıda İnş. Nak. Akaryakıt Tek. Tar. ve Hayvancılık Sıhhi Tes. Ltd,39.916422,44.047789,Aytemiz
Mehmetçik06 Akaryakıt Petrol Oto.İnş.Nak.Gıd.San.Tic.Ltd.Şt,39.978143,44.160302,Aytemiz
Isparta Ecem Petrol Nakliyat Sanayi Ticaret Limited Şirketi,37.789645,30.548897,Aytemiz
Server Nak. Oto. İnş. Eml. Tah Yen. Enr. Tur. San. Tic. Ltd.,38.0932,31.3503,Aytemiz
Server-2 Nakl.Oto.İnş.Taah.Yeni. En.Tur.San.Tic.Ltd. Şti.,38.079602,31.360274,Aytemiz
Eyüboğlu (1 Kağıthane) Akar. İnş. San.Ve Tic.Ltd.Şti.,41.063,28.950551,Aytemiz
Mehmet Salih Küçükoğlu - Küçükoğlu,41.107268,28.221754,Aytemiz
Şişli Petrol Ltd.Şti.,41.059536,28.976154,Aytemiz
Vadim Petrol Ltd.Şti.,40.967786,29.102901,Aytemiz
Küçükköy Petrol Ltd.Şti.,41.070486,28.902288,Aytemiz
Aytemiz (Tuzla) Petrolcülük Tic.Ltd,40.817199,29.36257,Aytemiz
Aytemiz (Kartal) Petrolcülük Tic.Lt,40.897085,29.225693,Aytemiz
Aytemiz (Pendik) Petrolcülük Tic.Lt,40.896811,29.224827,Aytemiz
Aytemiz (B.Evler) Petrolcülük Tic.Ltd.Şti,41.000912,28.822743,Aytemiz
Aytemiz (Bağcılar) Petrolcülük Tic.Ltd.Şti,41.060505,28.832127,Aytemiz
Aytemiz (Esenler) Petrolcülük Tic.Ltd.Şti,41.054702,28.863887,Aytemiz
Aytemiz (Koşuyolu) Petrolcülük Tic.Ltd.Şti.,41.004774,29.035286,Aytemiz
Aytemiz (OHT1-Doğu) Petrolcülük Tic.Ltd.Şti,41.19925,28.825694,Aytemiz
Aytemiz (OHT2-Kuzey) Petrolcülük Tic.Ltd.Şti,41.236432,28.907759,Aytemiz
Aytemiz (Sultangazi) Petrolcülük Tic.Ltd.Şti,41.089934,28.88269,Aytemiz
Mas Petrol Ürünleri Paz.İnş.Otom.Gı San. ve Tic.Ltd.Şti.,40.927464,29.34684,Aytemiz
Şeref Tatlı,41.115917,28.450497,Aytemiz
Adelta Petrol Ürünleri Gıda Sanayi  Ticaret Limited Şirketi,41.078737,29.250324,Aytemiz
Gizem Petrol Ürünleri Ve İnşaat San Ticaret Limited Şirketi,41.059836,28.625196,Aytemiz
Riza Musa Koç Petrol Ürünleri  Sanayi Ticaret Limited Şirketi,41.021637,28.687712,Aytemiz
Aytemiz ( Avcılar - 32) Petrolcülük Ticaret Ltd. Şti.,41.058225,28.730708,Aytemiz
Adr Akaryakıt Sanayi Ve Ticaret A.Ş,41.078148,28.899191,Aytemiz
Aytemiz (İstinye) Petrolcülük Tic.Ltd.Şti.,41.112162,29.040811,Aytemiz
Etro Petrol Ltd.Şti,41.016642,29.141588,Aytemiz
İkizler Petrol İnşaat Tur.San.ve Ti Ltd.Şti,41.0222,28.7011,Aytemiz
Oksijen Petrol İnşaat Ticaret Limit Şirketi,40.9817,29.2214,Aytemiz
Free Lojistik Akaryakıt Pazarlama v Ticaret Limited Şirketi,41.014,28.5473,Aytemiz
Doğuş Petrol İnş. Sanayi ve Tic. Ltd. Şti.,41.11361,28.857259,Aytemiz
Erge Petrol Otomotiv Sanayi ve Tica Limited Şirketi,40.940351,29.285313,Aytemiz
Çeliksoy Petrol Gıda Nakliye İnş. Gıd. San. Tic. Ltd. Şti,41.009539,28.523356,Aytemiz
Kardeşler Petrol İnş. Tic. Ltd Şti.,40.964341,29.274145,Aytemiz
Tekoğlu Petrol Turizm İnşaat Nak.Taah.San.Tic.Ltd.Şti.,41.003836,29.21669,Aytemiz
Merense Enerji -6 Tıc.San.Ltd.Şti,41.0416,28.9201,Aytemiz
Merense Enerji -7 Tıc.San.Ltd.Şti,41.041402,28.832344,Aytemiz
Sındırgılılar Petrol Ve Tic.Ltd.Şti,38.944793,27.047693,Aytemiz
Cihan Petrol İnş.San.Ve Tic.Ltd.Şti,38.151711,27.366586,Aytemiz
Emircanlar Petrol İnşaat Tic.Ltd.Şt,38.437358,27.167982,Aytemiz
Gökçen Efe Pet.İnş.San.Ve Tic.Ltd.Ş,38.114439,27.873865,Aytemiz
Günaydın Motorlu Taş.Sür.Kur.Ltd.Şt,38.12241,27.717605,Aytemiz
Güzel Menderes Pet.Ürün.Gıda İnş. Nakl.Tarım Ürün.San.Ve Tic.Ltd.Şti.,38.100999,28.206018,Aytemiz
Şahin Petrol Tahmil Tah. Tic.Ltd.Şt,38.616018,27.062671,Aytemiz
Ümfer Tarım Gıda Pet.Ürün.Ltd.Şti.,39.102464,27.402247,Aytemiz
Ramiz Yılmazer Petrol Oto Servis Ba Hiz.Turizm Emlak Kom.San.Ve Tic.Lt,38.427913,27.210978,Aytemiz
Kuzey İzmir Petrol Ürünleri İnşaat Ticaret Limited Şirketi,38.988547,27.053055,Aytemiz
Başarı Akaryakıt Nakliye Otomotiv I Taah. Hayv. Gida Tic. Ltd. Sti.,38.437352,27.256782,Aytemiz
Çağpet Petrol ve Petrol Ürünleri Tu Gıda Nakliyat Dan.San.veTic.A.Ş.,38.18197,27.489978,Aytemiz
Hms Akaryakıt Otomativ Turizm İnş Tar. Hay. San. ve Tic Ltd.,38.448077,27.533868,Aytemiz
Isparta Ecem-2 Petrol Nak. San. Ve Ticaret Limited Şirketi,38.1261,27.392,Aytemiz
Egenar Akaryakıt Limited Şirketi,38.223789,26.828055,Aytemiz
Anadol Akaryakıt Ticaret Anonim Şirketi,38.390476,27.165096,Aytemiz
Aytemiz (Urla) Petrolcülük Tic. Ltd. Şti,38.334662,26.76674,Aytemiz
Ege Brent Akaryakıt Sanayi Ve Ticaret Limited Şirketi,38.442331,27.277717,Aytemiz
Mustafa Karakuyu Nak.Pet.Ürn. Ticaret Limited Şirketi,38.6514,27.0383,Aytemiz
Fakılı (1 Merkez) Otobüscülük Pazarlama İnşaat Ltd.Şti.,37.574795,36.935616,Aytemiz
Kaynar Tarım Ürünleri Tic.Ve San.Lt,37.389217,37.137299,Aytemiz
Güneş Hafriyat Oto Lastik Oto.Taş.P ve Pet.Ür.Nak.İnş.Ltd.Şti.,37.3385,37.1454,Aytemiz
Elbistan Kayalar Petrol Sanayi Tica Limited Şirketi,38.206206,37.185772,Aytemiz
Alvis Petrol Sanayi ve Ticaret limited şirketi,37.600405,36.830978,Aytemiz
Saylak Tar.İnş.Akar.Teks.Hay. Taş.Oto.San.ve Ltd.Şti.,37.5656,36.9035,Aytemiz
Mevpet Petrol İnş.Mad.Teks.Tur San ve Tic. Ltd. Şti.,37.588998,36.92025,Aytemiz
Kardeşler Güven Pet.Yakıt İnş. Nak.Gıd San ve Tic. Ltd.Şti.,37.584212,36.903182,Aytemiz
Setaş Sebat Otomotiv Tic. Ve Sanayi Anonim Şirketi,36.2069,37.2159,Aytemiz
Alis Kardeşler Pet. Akar.İnş. Taah.Taş.Gıda SanVeTic Ltd.Şti,37.5698,36.9178,Aytemiz
Alis Yıldız Pet.Akar.İnş.Enerj Teks Taş.GıdaTar.Hayv.SanVeTic,37.3742,36.8563,Aytemiz
Özpet (7 Kahramanmaraş) Petrol Denz Nak  Gıda Turz. San. ve Tic.Ltd.Şt,37.774176,38.271625,Aytemiz
Kaynak Petrol Ürünleri Gıda Turizm Ve Ticaret Limited Şirketi,41.199505,32.343461,Aytemiz
Alternatif Petrol Ürün Paz. ve Mak. İm. San. Tic. Ltd. Şti,41.166787,32.572655,Aytemiz
Lati Petrol Ürünleri Sanayi Ve Ticaret Limited Şirketi,41.215668,32.763689,Aytemiz
Konsopa Akaryakıt 2 San. Tic. Ltd. Şti.,40.865706,32.598729,Aytemiz
Karadağlı Pet. Ürn. Oto. İnş. Tar. Gıda Tic. ve San. Ltd.Şti.,37.192762,33.154056,Aytemiz
Özdemir Saraç Petrol San.Tic.Ltd.Şt,40.467785,42.783718,Aytemiz
Öz Aydın Gıda İnşaat Nak. Sanayi  Ticaret Limited Şirketi,40.572069,43.088476,Aytemiz
Karaca Petrol (Merkez-2) Enerji Limited Şirketi,40.58156,43.090142,Aytemiz
Massa Turizm (Sarıkamış) İnşaat Pet Ür.İth.İhr.San.Tic.Ltd.Şti,40.31661,42.634077,Aytemiz
Saraçoğlu Petrol Sanayi Ticaret Limited Şirketi,40.471174,42.793275,Aytemiz
Savaş Taşımacılık Zirai Aletler San Ve Ticaret Limited Şirketi,40.583759,43.133156,Aytemiz
Tamyüksel Petrol Gıda Nakliye Sanay Ticaret Limited Şirketi,40.627373,43.130693,Aytemiz
Hasemir Petrol Nakliye Sanayi Ve Ti Ltd.Şti.,40.561839,43.02406,Aytemiz
Kct Petrol Sanayi Ve Ticaret Ltd.Şti.,40.778105,43.129905,Aytemiz
Cipet İnşaat Pet. Haf. San ve Tic. Ltd.Şti.,40.751695,43.244172,Aytemiz
Önerler Elektronik Akar.Tic.Ltd.Şti,41.972456,33.78969,Aytemiz
Zoroğlu Nakliyecilik Oto.Petrol Ürn İnş. Kuy. ve Mücv. Ltd.Şti.,41.479324,33.475417,Aytemiz
Ensar Genç Petrol Ve Akaryakıt Ürün Tic.Ltd.Şti.,41.897716,32.990501,Aytemiz
GGG Petrolleri Sanayi ve Ticaret A.,41.369987,33.771957,Aytemiz
Ertürk Petrol İnş. Nak. Oto. İç ve Dış Tic. LTD. ŞTİ,41.496561,34.219746,Aytemiz
Mertce Petrol Akaryakıt Nak. Tic.San.Ltd.Şti.,41.228326,33.792524,Aytemiz
Rp Akaryakıt San.Ve Tic.Ltd.Şti.,38.854346,35.848776,Aytemiz
Asi Otogaz Nakliye Akaryakıt Gıda İnş.Proje San. ve Tic. Ltd. Şt,38.780426,35.594798,Aytemiz
Kaypet 2 Hayvancılık Tar.Pet.ve Pet Et ve Et Ür. Nakl. Ltd.Şti,38.755297,35.358566,Aytemiz
Şahin İnovasyon Pet. İnş.Nak.Tarım San.Ve Tic. Ltd. Şti.,38.460093,35.805376,Aytemiz
Özkan (2 Hacılar) Tarım Hay. San. Ve Tic. Ltd.Şti.,38.647761,35.451438,Aytemiz
Aytemiz (Kocasinan-Kayseri) Petrolc Tic.Ltd.Şti,38.73246,35.442792,Aytemiz
Aytemiz (Melikgazi) Petrolcülük Tic. Ltd.Şti.,38.714435,35.472762,Aytemiz
Özkan (4) Tarım Hayvancılık Gıda Pe Nakliyat İnşaat San.Ve Ticaret Ltd,38.754776,35.379034,Aytemiz
Tufan Zor Akaryakıt Sanayi Ve Ticaret Limited Şirketi,38.749247,35.54534,Aytemiz
Mapet Nakliyat Akaryakıt Gıda Sanay Ve Ticaret Limited Şirketi,38.756681,35.375153,Aytemiz
Özkan 5 Tarım Hayvancılık Gıda Petr Nakliyat İnş.San.ve Tic.Ltd.Şti,38.839337,35.654294,Aytemiz
Las-Pet Lastik ve Petrol Ürünleri Ticaret Sanayi Limited Şirketi,38.7372,35.4355,Aytemiz
Lodos Yatırım Enerji İnşaat Taahhüt Anonim Şirketi,38.769723,35.460847,Aytemiz
Haz Akaryakıt (2) İnşaat Sanayi ve Ticaret Limited Şirketi,38.742109,35.390258,Aytemiz
Aytemiz (Argıncık) Petrolc Tic.Ltd.Şti,38.73615,35.499139,Aytemiz
Özkan 6 Tarım Hayvancılık Gıda Petr Nakliyat İnşaat Sanayi ve Ticaret,38.752696,35.578797,Aytemiz
Yağhan Petrol Ürünleri Sanayi ve Ti Limited Şirketi,38.690472,35.24225,Aytemiz
Özbabacan Uluslararası Nakliyat Aka San. ve Tic. LTD. ŞTİ.,38.737932,35.349762,Aytemiz
Tekpet Tarım Hayvancılık Akaryakıt Emlak İnş. Gıda San.ve Tic. Ltd.Şti,38.931789,35.067758,Aytemiz
Arvasi Loj. Pet. Ür. İnş. Gıd. Oto. San. Tic. Ltd. Şti.,38.792541,35.452303,Aytemiz
RTE Kağan Tur. İnş. Ener. Gıd. Tar. Ha San. Ve Tic. Ltd. Şti.,38.696718,35.537448,Aytemiz
Evra Akaryakıt Sanayi ve Tic. Ltd. Şti.,38.747988,35.367506,Aytemiz
Lodos-4 Yatırım Ener. İnş. Tah Akar. Gıd. Nak. Anonim Şirketi,38.917172,35.091124,Aytemiz
Osman Kutay Timuçin Petrol Ürn.Oto.Nak.San.Tic.Ltd.Şti.,38.693873,35.432179,Aytemiz
Şekerpınar Petrol Ürünleri Nak Gıd. İnş.Taah.Oto.Tar.Hayv.San,38.893815,36.460724,Aytemiz
Karacahan Turizm Petrol Maden. İnş.San.Tic.Ltd.Şti,38.69564,35.133959,Aytemiz
Üç Yıldız Kard.Un San.Ve Pet.Ltd.Şt,39.840144,33.525341,Aytemiz
Onaypet Akaryakıt Otomotiv Nakliye Sanayi ve Tic. Ltd. Şti.,39.888382,34.020173,Aytemiz
Merense Enerji -4 Tic.San.Ltd.Şti,39.941306,33.796037,Aytemiz
Yay Gruop Petrol -2 Nak.İnş.Turz.Gıd.İml.İth.İhr.,39.789437,33.487465,Aytemiz
Yıldızlar Can Petrol Ürn.İth.İhr.Turz.San.Tic.Ltd.Ş,39.8607,33.4806,Aytemiz
Över İnşaat (2-Lüleburgaz )  PETROL VE DIŞ TİCARET LİMİTED ŞİRK,41.343407,27.45084,Aytemiz
S.S. Trakya Motorlu Taşıyıcılar Kooperatifleri Birliği,41.464195,27.02984,Aytemiz
Çandır Petrol Nakliyat Ve Limited Şirketi,41.628602,27.511352,Aytemiz
Assa Petrol Ürünleri Nakliye Tur.San.Tic.Ltd.Şti.,41.4056,27.2905,Aytemiz
GGG Petrolleri - 9 San.Tic.A.Ş.,41.72769,27.21809,Aytemiz
Osman Kamuran Hızlı -Salih Hızlı,41.558876,27.795753,Aytemiz
İsmail Dağcı Akaryakıt İnş.San.Tic.Ltd.Şti,41.483276,27.40171,Aytemiz
Güler Cam Ve Petrol Ürünleri Paz.Tic.San.Ltd.Şti.,41.3686,27.4103,Aytemiz
Yücesan Petrol Ürünleri Otomotiv İşletmecilik ve Ticaret Ltd.Şti.,39.066457,34.371311,Aytemiz
Asım Atalay Tarım Ürün. Gübre Akar. Sarraf Nakliye San. Ve Tic. Ltd. Ş,39.421804,33.980655,Aytemiz
Kılıçarslan Tic.Paz.Ltd.Şti.,40.785739,29.620539,Aytemiz
Çağlayan Akaryakıt Altyapı İnşaat Nakliyat Sanayi ve Ticaret Limited,40.779151,29.685369,Aytemiz
Eyüboğlu (2 Gebze) Akar. İnş. San.Ve Tic.Ltd.Şti.,40.795195,29.435923,Aytemiz
Cicioğlu Petrol Ürün.Otomotiv Gıda Tarım Ürün.Hayvancılık Tur.Makina,41.038896,30.115887,Aytemiz
Şanal Petrol Ve Otomotiv San. Ürünleri Pazarlama A.Ş.,40.76138,29.785413,Aytemiz
Başiskele Akaryakıt ( 2 Başiskele ) İnş.Enj.Oto.Nak. san.ve ltd.şti,40.711274,29.92372,Aytemiz
Gençerler Gaym. İnş.Taah.Müh.Emlak Enerji Ve Petrol Ürün.Paz.SanTic.Lt,40.705828,29.872377,Aytemiz
Mutlukent Akaryakıt İnşaat Lojistik Ticaret Limited Şirketi,40.819896,29.415041,Aytemiz
Eşme Akaryakıt Nakliyat Gıda Ltd. S,40.731966,30.191808,Aytemiz
Gebzeoil Akaryakıt Nakliye İnşaat Anonim Şirketi,40.813558,29.431813,Aytemiz
Haliloğlu Petrol Ürünleri Pazarlama Sanayi ve Ticaret Ltd. Şti.,40.724589,29.987822,Aytemiz
Snn Petrol Ürünleri Hafriyat Gıda N İnş. San. ve Tic. Ltd. Şti.,40.739315,30.051508,Aytemiz
Mutlukent-2 Akaryakıt İnş. Loj. Gıd Tic. Ltd. Şti.,40.803071,29.527586,Aytemiz
Arf Akaryakıt Nakliye Sanayi Ve Tic Ltd.Şti.,40.803977,29.464122,Aytemiz
42 Evler Petrol Anonim Şirketi,40.760774,29.957935,Aytemiz
Mikdat Dabak Akar. Trz. Oto. San. Ve Tic. Ltd. Şti.,40.7618,29.9267,Aytemiz
Kavil Turizm Petrol İnşaat San Ve Ticaret Anonim Şirketi,40.6905,29.6054,Aytemiz
Mutlukent-3 Akaryakıt İnş. Loj Gıd. Tic. Ltd. Şti.,40.8007,29.3879,Aytemiz
İskele Petrol Lojistik Kuyumcu Sanayi Ticaret Limited Şirketi,40.70748,29.877574,Aytemiz
Arı Denizcilik Petrol Oto Tur. İnş. Gıda San.veTic. Ltd. Şti,40.7751,29.5556,Aytemiz
Aytemiz (İzmit) Petrolcülük Tic. Ltd. Şti,40.784502,29.928442,Aytemiz
Erdoğanlar Sosyal HizmetOtogaz Pet. Akr.İnş.San.Tic.Ltd.Şti.,40.7882,29.533,Aytemiz
10 Nolu Akar. İnş. Taah. Tic. Ve Sanayi Anonim Şirketi,40.7725,29.7549,Aytemiz
Mutlukent-4 Akaryakıt İnş. Loj Gıda Ticaret Limited Şirketi,40.747614,29.971191,Aytemiz
Şenel Petrol Ürün.İnş.Tesisat Sanayi Ve Ticaret Ltd.Şti.,40.750074,30.042311,Aytemiz
Ayyüz Akaryakıt İnş.Gıda San. Ve Ticaret Limited Şirketi,40.757708,29.803842,Aytemiz
Hakiki Petrol Ltd.Şti.,37.864882,32.500713,Aytemiz
Hisar (2 Akşehir) Taş.Akar. Tesis İşlt.Ve Oto San.Tic.Ltd.Şti.,38.35361,31.447085,Aytemiz
Oflaz (1 Kadınhanı) Pet.Mimar.Müh. San.Tic.Ltd.Şti.,38.239061,32.236724,Aytemiz
Zeki Sayıcı Petrol San.Tic.Ltd.Şti.,37.572143,32.77976,Aytemiz
Avcan-Pa (1 Selçuklu) Petrol Çay İşlet.Ltd.Şti.,37.927767,32.521341,Aytemiz
Avcan-Pa (3 Selçuklu) Petrol Çay İşlet.Gıda Mad.San. ve Tic. Ltd.Şti,37.95044,32.523908,Aytemiz
Avcan-Pa (5 Meram) Petrol Çay İşlet.Gıda Mad.San. ve Tic. Ltd,37.859646,32.477226,Aytemiz
Ön-tur Turizm Nakliyat veTicaret Lt,37.91695,32.520366,Aytemiz
Koçlar Petrol Ürünleri San.ve Tic. Ltd.Şti.,38.281711,31.909883,Aytemiz
Emin Ercanlar Oto.Pet.Ür.Maden.Turz Tük.Malları San.Ve Tic.Ltd.Şti.,38.288948,31.909579,Aytemiz
Gürbilek (1) Petrol Ürünleri Pazarl Ltd.Şti.,37.591916,32.645504,Aytemiz
Avcan-Pa (7 Karatay) Petrol Çay İşlet.Gıda Mad.San. ve Tic. Ltd,37.930503,32.554499,Aytemiz
Gürbilek (2) Petrol Ürünleri Pazarl Ltd.Şti.,38.139144,33.171143,Aytemiz
Avcan-Pa (8 Sarayönü) Petrol Çay İşl. Gıda.Mad.San.Tic.Ltd.Şti.,38.211995,32.31689,Aytemiz
Zişan Nakliyat Petrol Gıda İnşaat S Ve Ticaret Limited Şirketi,37.809018,32.430762,Aytemiz
Aytemiz (Konya) Petrolcülük Ticaret Ltd. Şti.,37.902701,32.494813,Aytemiz
Avcan-Pa (9 Selçuklu) Petrol Çay İşL.Gıda Mad. San.Ve Tic.Ltd.Şt,38.009494,32.526402,Aytemiz
Koyuncular Petrol Ürünleri Sanayi Ve Ticaret Limited Şirketi,38.91866,32.079004,Aytemiz
Avcan-Pa (11 Selçuklu) Petrol Çay İşl.Gıda Mad.San.Ve Tic.Ltd.Şti,37.895411,32.50217,Aytemiz
Poçan (Tatlıcak) Petrol Ticaret Limited Şirketi -1,37.861156,32.608736,Aytemiz
Erol Ceviz Petrol Ürünleri Gıda İnş Nak.Taş.Tar.Ürn.San. Ve Tic.Ltd.Şt,37.697699,31.726719,Aytemiz
Buğdaylar Petrol İnş. Nak.Tur.Tar.Ü Aletleri San. Tic.Ltd.Şti,37.563618,32.842641,Aytemiz
Erol Ceviz-2 Petrol Ürünleri Gıda İ Oto.Nak.Taş.Tar.Ürn.San Ve Tic.Ltd,37.623891,31.593981,Aytemiz
Murat Buğday Petrolleri Ticaret Lim Şirketi,37.563217,32.793639,Aytemiz
Canlı Grup Petrol Tarım Sanayi Ve T Ltd.Şti.,37.968998,32.516461,Aytemiz
Sağlık Enerji Ticaret Ve Sanayi Ano Şirketi,37.714154,33.540683,Aytemiz
Envoy Metal Dış Ticaret Limited Şirketi,38.431563,32.154177,Aytemiz
Öztoklu Akaryakıt Tesis İşletmecili Taşımacılık ve İnşaat San.Tic.Ltd.,38.156448,31.668134,Aytemiz
Estaşkıran Petrol Nakliyat Oto San.Tic.Ltd.Şti.,37.629973,34.297782,Aytemiz
İvriz Petrol Ürünleri Ticaret Tic.San.Ltd.Şti.,37.501249,34.067885,Aytemiz
Saraçoğlu Yatırım İnşaat Limited Şirketi,37.90174,32.519796,Aytemiz
Avcan-Pa Petrol 12 İşl.Gıd.Mad.San.Tic.Ltd.Şti.,37.680737,31.736316,Aytemiz
Emin Ercanlar-2 Otomotiv Petrol Ürn.Madn.Turz.Day.Tük.Mal.San.,38.287705,31.925411,Aytemiz
Sami Şahin Motorlu Taşıtlar Petrol Ürn.Nak.San.Tic.A.Ş,38.0252,32.6334,Aytemiz
Merense Enerji -5 Tic.San.Ltd.Şti,38.0002,32.5778,Aytemiz
Han Global Pet. İnş. Mar. Oto. Tar. Gıd. Nak. San Tic A.Ş.,37.835376,32.522688,Aytemiz
S.Özüdoğru Petrol Ürn.Tar.Madn Nak.Gıd.San.Tic.Ltd.Şti.,39.0157,31.7918,Aytemiz
Yakacık Akaryakıt-3 Nak.İnş. Gıda San. Tic. Ltd. Şti.,37.873053,32.499752,Aytemiz
Yakacık Akaryakıt-2 Nak.İnş. Gıda San. Tic. Ltd. Şti.,37.883389,32.498762,Aytemiz
Yakacık Akaryakıt-1 Nak. İnş. Gıda San. Tic. Ltd. Şti.,39.102732,33.080231,Aytemiz
Güvenal Nakliyat Petrol -2 Ürn.Tüp.İml.San.Tic.A.Ş.,37.6948,31.7164,Aytemiz
Sedef Akaryakıt -2 Ürn.San.Tic.Ltd.Şti,39.181679,33.128539,Aytemiz
Kristal Gaz-İş -2 Oto.Taş.Tic.San.Ltd.Şti,37.754333,32.54175,Aytemiz
Güvenal Nakliyat Petrol -3 Ürn.Tüp.İml.San.Tic.A.Ş.,37.47218,31.824341,Aytemiz
GGG Petrolleri - 5 San.Tic.A.Ş.,37.847769,32.711014,Aytemiz
Sedef Akaryakıt -3 Ürn.San.Tic.Ltd.Şti,37.4177,31.8659,Aytemiz
Ereğli Otogaz Petrol ve Nak. San. Tic. Ltd. Şti.,37.5275,34.0644,Aytemiz
Çam Kardeşler Akaryakıt Gıd.İnş.Turz.San.Tic.Ltd.Şti.,37.1865,32.2311,Aytemiz
ALY Petrol Otomotiv ve Nak. San.Tic.Ltd.Şti,37.865852,32.458851,Aytemiz
Zekeriya Akbudak (1 Çavdarhisar),39.196984,29.617804,Aytemiz
Aytemiz (Kütahya) Petrolcülük Tic.Ltd.Şti,39.426114,29.990322,Aytemiz
Nergiz Yalçın,39.437643,29.955231,Aytemiz
Elfa Elvan-Faruk Pet.Zir.Güb. Tar. İlaç Gıd Mad.İnş.Mad.Elek,39.390745,30.118641,Aytemiz
Merense Enerji -3 Tic.San. Limited Şirketi,39.537675,29.494843,Aytemiz
Mavi Ada Petrol Ürn. Nak.İnş. Sanayi Ve Ltd. Şti.,39.641962,30.153779,Aytemiz
Sarıcıoğlu Petrol Ürün. Tic.Ltd.Şti,38.337903,38.243705,Aytemiz
GGG Otomotiv-3 Taş.San.Tic.Ltd.Şti.,38.3822,38.273,Aytemiz
GGG Otomotiv-4 Taş.San.Tic.Ltd.Şti.,38.330492,38.275299,Aytemiz
GGG Otomotiv-6 Taşımacılık San Ve Ticaret Anonim Şirketi,38.337394,38.243896,Aytemiz
Alpet Alkent Petrol Ve Turistik-1 Tesisleri Limited Şirketi,38.494,28.1789,Aytemiz
Osman Gündoğan - Garaj Petrol,39.179941,27.638128,Aytemiz
Öz Ziyaretli Akaryakıt Turizm Otomo Nakliye Seracılık Hayv.Gıda İnş.Ta,38.769222,27.655754,Aytemiz
Hisar Zeytincilik Gıda Malları San. Tic.Ve Pazarlama Ltd.Şti.,38.943276,27.83177,Aytemiz
Ercoş Enerji Otomotiv Ve Otomotiv Ürünleri Lojistik Ticaret A.Ş.,38.556453,27.56442,Aytemiz
Demirkol Petrol Sanayi Ve Ticaret Limited Şirketi,38.768713,27.656406,Aytemiz
Muzafferoğulları-2 Akr. İnş. Gıda. Nak. San. Ve Tic. Ltd. Şti.,38.484412,27.822854,Aytemiz
Reşitoğulları Akr. İle. Tem. Hiz. Tic. Ltd. Şti,38.498781,27.866457,Aytemiz
Hayrullah Okan Baykal,38.755706,27.550321,Aytemiz
Çınarlı Barış Pet.Geri Dönüşm Tar.Hayv.Tur.Gıd.Tem.Oto.Taş.S,38.5235,27.590861,Aytemiz
Tekinler Petrolcülük Sanayi Ve Ticaret Limited Şirketi,39.16889,27.844237,Aytemiz
Barmanlar Müh.İnş.Taah.İnş Mlz Nak.Sağ.Hiz.Hay.İth.İhr.Tic.Lt,38.4952,27.7319,Aytemiz
Alpet Alkent-2 Petrol Ve Turistik Tesisleri Limited Şirketi,38.4877,28.1469,Aytemiz
Alpet Alkent-3  Petrol Ve Turistik Tesisleri Limited Şirketi,38.4971,28.0225,Aytemiz
Tekinler Petrolcülük-2 Sanayi Ve Ticaret Limited Şirketi,38.896552,27.788324,Aytemiz
Çalı ve Zeybek Petrol Ürünleri San.Ve Ticaret Limited Şirketi,39.0361,28.6543,Aytemiz
Hasanoğlu Taş.Turizm Petrol İnş. San. Tic. Limited Şirketi,39.168891,27.844237,Aytemiz
Marpet Taş.Tur.İnş.Pet.Sig.San.ve T Ltd. Şti.,37.325092,40.747318,Aytemiz
Erdem Petrolcülük Tarım Sanayi ve T Limited Şirketi,37.1973,40.2638,Aytemiz
Aktaş Akaryakıt İnşaat Gıda Turizm Sanayi ve Ticaret Ltd. Şiti.,37.433653,41.329474,Aytemiz
Reşitoğulları-2 Akar. İle. Tem Hiz.Tar.Hay.Gıda Tic. Ltd. Şti,37.194143,40.591135,Aytemiz
Siremşah Petrol İnş. Madencilk Tur.Gıda San. Ve Tic.Ltd.Şti,37.407789,41.342927,Aytemiz
Aydın Petrol Kol.Şti-Mehmet Gürsel,36.686061,33.408803,Aytemiz
Sur Pet Petrol Nakliyat Gıda İnşaat Sanayi Ve Ticaret Ltd.Şti.,36.829297,34.642414,Aytemiz
Kaplan Petrol Otomotiv Nak.İnş. Sanayi Ve Ticaret Limited Şirketi,36.941767,34.855598,Aytemiz
Sınırlı Sorumlu Silifke Nakliyecile Motorlu Taşıyıcılar Kooperatifi,36.350412,33.932102,Aytemiz
Akdemirler Petrol Nakliyat Otomotiv Gıda Pazarlama Sanayi ve TicaretLt,36.964015,34.944995,Aytemiz
Özpet (1 Anamur) Petrol Denz.Nak.İn Gıda Turz. San. ve Tic.Ltd.Şti,36.068772,32.832778,Aytemiz
Özpet (2 Tarsus) Petrol Denz. Nak.İ Gıda Turz. San. ve Tic.Ltd.Şti,36.91965,34.906693,Aytemiz
Özpet (3 Merkez) Petrol Denz.Nak.İn Gıda Turz. San. ve Tic.Ltd.Şti,36.83541,34.638002,Aytemiz
Özpet (4 Erdemli) Petrol Denz.Nak.İ Gıda Turz. San. ve Tic.Ltd.Şti,36.606996,34.290478,Aytemiz
Özpet (5 Merkez) Petrol Denz. Nak.İ Gıda Turizm San. Ve Tic. Ltd. Şti.,36.840447,34.707336,Aytemiz
Kuyuluk Petrol Taşımacılık İnşaat S ve Ticaret Limited Şirketi,36.757371,34.513144,Aytemiz
Özpet (6 Karaduvar) Petrol Denizcil Nak.İnş.Gıda Turizm San.veTic. Ltd,36.808234,34.692991,Aytemiz
Kocapınar Petrol Ürünleri Gıda Nakl. İnş. Oto. San. ve Tic.,36.863408,34.673082,Aytemiz
Kanaroğlu Grup Akaryakıt Tic. Ve Limited Şirketi,36.786593,34.605164,Aytemiz
Erkan Kollektif Şirketi Kemal Ali Erkan Halefleri,36.886005,34.829621,Aytemiz
Alata Akar. Ürn. Oto. Nak. İnş Gıd.Tic. San.Ltd.Şti.,36.611876,34.319972,Aytemiz
GGG Petrolleri-8 Sanayi Ve Tic Anonim Şirketi,36.3933,34.0518,Aytemiz
Tosun Grup (1 Fethiye) Petrol İnş.Ltd.Şti.,36.656844,29.160919,Aytemiz
Tosun Grup (2 Fethiye) Petrol İnş.Ltd.Şti.,36.656708,29.15888,Aytemiz
Yükselpet (1 Milas) Petrol Ürünleri İnş.Taah. Tarım Ürün. Ticaret Ltd.,37.279142,27.788431,Aytemiz
Yükselpet (2 Milas) Petrol Ürünleri İnş.Taah.Tarım Ürün. Ticaret Ltd.,37.19582,27.626099,Aytemiz
Çerçiler Petrol Tur.Tic.İnş.San.İth İhr.Ltd.Şti,37.276134,28.199096,Aytemiz
Aytemiz (Marmaris) Petrolcülük Tica Limited Şirketi,36.862171,28.27206,Aytemiz
Aytemiz (Bodrum) Petrolcülük Tic.Ltd.Şti.,37.0267,27.2877,Aytemiz
Hüdaverdi Gıda Tar.Paz.Tic.Tur Emlak İnş.San.İth.veİhr.Ltd.Şt,36.9847,28.6131,Aytemiz
Hüdaverdi -2 GıdaTar.Paz.Tic.Tur Emlak İnş.San.İth.veİhr.Ltd.Şt,36.974023,28.693692,Aytemiz
Hüdaverdi -3 GıdaTar.Paz.Tic.Tur Emlak İnş.San.İth.veİhr.Ltd.Şt,36.850234,28.731731,Aytemiz
Rokay Aky.İnş.Nak.Tur.Gıd.Mad. Org.San.Tic.İth.İhr.Ltd.Şti.,36.7686,28.8009,Aytemiz
Eroğlu Kardeşler Pet. Ürün.San.Ltd.,38.746953,41.511771,Aytemiz
Tanpet Akaryakıt İnş. Tur. Nak Gıd. San. Dış Tic. Ltd. Şti,38.671701,41.729714,Aytemiz
Sungu Petrol İnşaat Nakliyat Ticaret İth. İhracat Ltd. Şti.,38.72984,41.583251,Aytemiz
Muş Süphan Dağı Petrol İnş. Tur. Ltd. Şti.,38.891701,41.366594,Aytemiz
Mıhcılar Otomotiv Pet.Ürün.Tic.Ltd.,38.61454,34.696995,Aytemiz
Ertaş Petrol San.Ve Tic.Ltd.Şti.,38.56733,34.701624,Aytemiz
Acerler Enerji Geri Dönüşüm İnşaat Madencilik Akaryakıt Plastik San.Ti,38.673131,34.754578,Aytemiz
Mıhcılar (2)  Otomotiv Petrol Ürünl Lastik Sanayi Ve Ticaret Limited Ş,38.630666,34.725677,Aytemiz
Serpet Akaryakıt Madencilik Yapı El Nakliyat Pazarlama San.Ve Tic.Ltd.,38.555664,34.740652,Aytemiz
Karaaslanlar Tarı. Eml. Kuyumc. Pet İnş. Met. Turz. Oto. Day. Tük. Mal,38.545509,34.490772,Aytemiz
Toy Yıldız Eğitim Öğretim Turz Tic.İşl.Ltd.Şti,38.646228,34.91102,Aytemiz
Azimli Ticaret Petrol -2 Ürn.Gıd.San.Tic.A.Ş.,38.633122,34.863022,Aytemiz
Azimli Ticaret Petrol -3 Ürn.Gıd.San.Tic.A.Ş.,38.5901,34.6698,Aytemiz
Azimli Ticaret Petrol -4 Ürn.Gıd.San.Tic.A.Ş.,38.57595,34.821145,Aytemiz
Öztürkler Gübre Petrol San. ve Tic. Ltd.Şti.,37.871281,34.553786,Aytemiz
Niğ Taş Anonim Şirketi,37.990632,34.727265,Aytemiz
Azimli Ticaret Petrol Ürünleri Gıda Ve Sanayi Ltd.Şti.,37.60063,34.407358,Aytemiz
Özmenler ZiraatÜrünleri Petrol San.Tic.Ltd.Şti.,38.152035,34.906801,Aytemiz
GGG Petrolleri - 4 San.Tic.A.Ş.,37.936574,34.609417,Aytemiz
Aybarlar Petrol Otogaz Çiçek. Nak.Gıd.Tic.Ltd.Şti.,37.959459,34.678254,Aytemiz
Uğur Nakliyat Ve Petrol Ürün. Ltd.Ş,41.143715,37.219666,Aytemiz
Özler Dizel Servis Hizm.Oto Nakliya Gıda İnş.Tic.San.Ltd.Şti.,40.975922,37.988467,Aytemiz
Vasab İnşaat San. Ve Tic Ltd.Şti,41.08454,37.415429,Aytemiz
Eren Demir Yapı İnş.Malz.Gıda Mad.N İth.İhr.Petrol ve Tar.Ürün.Tic. Sa,41.025135,37.479842,Aytemiz
Birol Usta Petrol Ürünleri Tic.Ltd.,41.033107,37.498546,Aytemiz
Poyraz Petrol Turizm Gıda İnş.Taah. Nak.Tic.Ve San.Ve Ltd.Şti,40.9319,37.8642,Aytemiz
Öz Yaşar Petrol Oto.Tar.Ür.San. ve Ltd.Şti,41.003531,37.512182,Aytemiz
Kanioğlu İnşaat Gıda Nakliye Sanayi Ticaret Limited Şirketi,40.957106,37.897459,Aytemiz
Lotus Orman Ürü. Nak. Tic. San Ve Paz. Ano. Şirketi,40.977901,37.945202,Aytemiz
Fatma Tahmaz,41.112096,37.327787,Aytemiz
Hamarat Petrol Ürünleri Maden. Gıd.Topl.Taş.Nak.İnş.Hafr.Tic.,41.0733,37.1997,Aytemiz
Yaramanoğulları Akaryakıt İnş. Nak.Gıd.San.Tic.Ltd.Şti.,41.019155,37.833227,Aytemiz
Düziçi Hilal Petrol Ürünleri Otomot Sanayi Ve Ticaret Limited Şirketi,37.230362,36.439564,Aytemiz
Kadirli Petrol Enerji Otomotiv İnşa Gıda Tarım Nak.San.Tic.Paz.Ltd.Şti,37.365024,36.067166,Aytemiz
Onur Elkt. Telekomin. Tur. Nak Gıda. San. ve Tic. Ltd. Şti.,37.1974,36.4287,Aytemiz
Nacar Akaryakıt Ltd.Şti.,37.36391,36.080218,Aytemiz
GGG Otomotiv-5 Taş.San.Tic.Ltd.Şti.,37.092214,36.24975,Aytemiz
Sağlık Enerji-3 Tic. ve San. A.Ş.,37.061427,36.196738,Aytemiz
Toprakkale Petrol Sanayi ve Ticaret Limited Şirketi,37.070035,36.140106,Aytemiz
Mete Petrolcülük Tic. ve San. A.Ş.,37.343895,36.074928,Aytemiz
Şenol Ekşi,40.775618,40.561028,Aytemiz
Tem Petrol Ürünleri İthalat İhracat Nak.Taah.Turz.Gıda Ve Teks.San A.Ş,41.032884,40.511222,Aytemiz
Örnek Karadeniz Akaryakıt İnş.Turiz San.Ve Tic.Ltd.Şti.,40.921298,40.417052,Aytemiz
Şar Akaryakıt Gıda Sanayi Ve Ticaret Anonim Şirketi,41.044741,40.591991,Aytemiz
Tüysüzler Petrol Ticaret Limited Şi,41.088157,40.725637,Aytemiz
Ata Kar Petrol Ürünleri Ticaret A.Ş,40.979596,40.342844,Aytemiz
Serkar-2 Petrol Ürünleri İnşaat San Ve Ticaret Limited Şirketi,41.026328,40.5418,Aytemiz
Nalkıran Otomotiv Petrol Tas Taahh.San.Tic.Ltd.Şti.,40.982465,40.533692,Aytemiz
Hacışahinoğlu Pet.Ür.Gıd.İnş. Tah.Paz.Nak.İçDış Tic. Ltd Şti,41.188721,40.968348,Aytemiz
İnançlar Pet.Ürün.San.Ve Tic.Ltd.Şt,40.503505,30.154228,Aytemiz
Sait Gönülcü-Cihan Petrol,40.553,30.314517,Aytemiz
Ceka Akaryakıt Lojistik Kuyumculuk Sanayi Ticaret Limited Şirketi,40.744948,30.476696,Aytemiz
Oksijen-2 Petrol İnşaat Ticaret Limited Şirketi,40.790005,30.424093,Aytemiz
Avm Akaryakıt Lojistik San. ve Tic. Ltd. Şti.,40.903444,30.471155,Aytemiz
Akademi Petrol ürünleri Sanayi Ve Ticaret Limited Şirketi,40.7546,30.3798,Aytemiz
CLK Varlık Gayrimenkul Anonim Şirketi,40.737176,30.397462,Aytemiz
Kıratlı Mak Petrol Ürün.San. ve Ticaret Limited Şirketi,40.742904,30.448773,Aytemiz
Ayh Petrol Turizm İnşaat Nak. Gıd. San. ve Tic. Ltd. Şti.,40.840644,30.487254,Aytemiz
Canik Akaryakıt Tic.Ltd.Şti.,41.270443,36.352941,Aytemiz
Dalgıç Petrol Mimarlık Tic.Ltd.Şti.,41.219718,36.749358,Aytemiz
Yılmazlar Nakliyat Akaryakıt Tarım İnş.San. Ve Tic.Ltd.Şti,41.288901,36.291324,Aytemiz
Ekmekçi Dayanıklı Tük.Mal.Tic.Ltd.Ş,41.17829,37.045046,Aytemiz
Akar Nak.Tic.Ltd.Şti,40.969571,35.671144,Aytemiz
Kai Petrol Otomotiv Kimyevi Maddeler San. Ve Ltd.Şti,41.219775,36.87224,Aytemiz
Sonkaya Petrol Ürünleri Pazarlama Taşımacılık Tic.Ltd.Şti.,41.094649,36.67415,Aytemiz
Kayan (1 Havza) Petrol ÜrnYakıt İnş GıdaTurizm Nak. San. Ve Ticaret Li,40.993713,35.729411,Aytemiz
Kayan (2 Havza) Petrol ÜrnYakıt İnşaat Gıda Tur.Nakliye San.ve Tic.,40.997708,35.762096,Aytemiz
Şengüller Akaryakıt Ticaret Limited,41.205281,36.709194,Aytemiz
Diamond Akaryakıt San. Ve Tic.Ltd.Ş,41.208765,36.748406,Aytemiz
Pak Petrol Ürünleri Gıda Ve İnş.San Tic.Ltd.Şti,41.573843,35.91501,Aytemiz
Kayan Petrol (3 Havza) Ürünleri Yak İnş.Gıd.Tur.Nak.San.ve Tic.Ltd.Şti,41.001526,35.80902,Aytemiz
Zengin Petrol Ticaret ve Sanayi Lim Şirketi,40.9821,35.6463,Aytemiz
Ertaş Hafriyat Nakliye İnşaat Taahh Pazarlama Sanayi ve Tic.Ltd.Şti,41.5487,35.9266,Aytemiz
Remzi Çavuş,41.277458,36.187514,Aytemiz
Taybe Akaryakıt Enerji ve Turizm Ti Limited Şirketi,41.487,36.0904,Aytemiz
Sam Grp Petrol İnş. San. Ve Tic. Lt,41.085974,36.833242,Aytemiz
Akman Süt ve Orman Ürünleri Hayvanc İnş. San. ve Tic. Ltd. Şti.,40.911682,35.895941,Aytemiz
Ekrem Topal Petrol İnş.Nak.Oto.Gıda Sanayi Ticaret Ltd.Şti.,41.566159,35.882603,Aytemiz
Varan Enerji Petrol Ürünleri Sanayi Ticaret Anonim Şirketi,41.244663,36.400336,Aytemiz
Genç Akaryakıt ve Petrol Ürün. Sanayi Ticaret Limited Şirketi,41.2933,36.253,Aytemiz
Sm Güler Petrol Ür. Gıda Nak. İnş.Paz.San. ve Tic.Ltd.Şti,41.4961,36.0734,Aytemiz
Sonpet Akaryakıt İnş.Otm.Gıd. Taş.Ymk.Tmz.Hiz.Tic.San.Ltd.Şt,41.197337,36.723208,Aytemiz
LVN Akaryakıt İç Ve Dış Tic. A.Ş.,41.21999,36.452006,Aytemiz
Yeşiloğlu Akaryakıt İnşaat Malz.San.Tic.Ltd.Şti.,41.236248,36.411991,Aytemiz
Bingöller Beyaz Eşya Pet. Ürün. Ltd,37.940988,41.709643,Aytemiz
Şahinoğlu İnşaat Pet.Ürün.Tic.Ltd.Ş,37.934626,41.957207,Aytemiz
Atabay Akaryakıt İnş.Taah.Tur. Ve Temizlik Hiz.Tic.Ltd.Şti.,37.9508,41.8914,Aytemiz
Yalçın Küçükbaş (1 Boyabat),41.465151,34.811418,Aytemiz
Yalçın Küçükbaş (2 Boyabat),41.504137,34.764139,Aytemiz
Genç Petrol Ürünleri Taşımacılık Tu İnşaat Gıda Sanayi ve Ticaret Limi,41.8661,35.0654,Aytemiz
Deveciler Akar. Tic. Ve San.Ltd.Şti,39.743841,37.027055,Aytemiz
İşleyenler Pet.Ürünl. Oto. Taş. İnş Müh. İnş. Malz.Emlak Turz..Elek.Te,39.872157,38.106413,Aytemiz
Şimşekler Grup Tarım Ürün.Taş. San. Ve Tic. Ltd. Şti,39.771492,37.085029,Aytemiz
Sivas Traktör Tar.Alet.Tar.ve Hay.D Tük.Mal.Pet.Ür.Nak.Oto.İml.İhr.İth,39.341758,36.382403,Aytemiz
İnallar Otomotiv Akaryakıt Petrol Ürünleri Nakliye İnş.Tic.Ltd.Şti.,40.110629,38.358007,Aytemiz
Tuğut Petrol Otomotiv Turizm Sanayi Ticaret Limited Şirketi,39.736515,37.030447,Aytemiz
Ay Yıldız Akaryakıt Turizm Sanayi Ticaret Limited Şirketi,39.869703,36.590983,Aytemiz
Lodos-3 Yatırım Enerji İnşaat Taahhüt Akaryakıt Gıda Nakliiyat A.,39.743938,37.025858,Aytemiz
Zenkar Tarım Akaryakıt Gıda İnşaat Nakliye San Tic Ltd Şti,39.179079,36.083983,Aytemiz
Şanlı Gübre Gıda İnşaat Petrol Sana Ticaret Limited Şirketi,39.223972,37.401629,Aytemiz
Aren Petrol Anonim Şirketi,39.814387,36.274774,Aytemiz
Molla Akaryakıt-2 İhr. Tic. San. Ltd. Şti,39.826023,37.277893,Aytemiz
Gemerek Motorlu Taşıyıcı Pet Gıd.San.Tic.Ltd.Şti.,39.209606,36.10028,Aytemiz
Liv Enerji-2 İnşaat Taahhüt Lojs.Madn.San.Tic.Ltd.Şti.,39.869317,36.623983,Aytemiz
Kılıç Pet. Oto Lastik Nak. İnş Tur. Gıd. San. ve Tic. LTDŞTİ,38.705117,37.40497,Aytemiz
Bem Petrol Turizm İnş.Tic.Ltd.Şti.,37.152846,38.808963,Aytemiz
Gül Pet.Gübre Bayi San.Ve Tic.Ltd.Ş,37.358787,38.519395,Aytemiz
Hasanoğlu Yapı İnşaat Petrol San.Tic.Ltd.Şti.,37.27905,38.793801,Aytemiz
Asoğlu Akaryakıt Petrol Ürünleri Sa  Ve Ticaret Limited Şirketi,37.269562,38.762426,Aytemiz
İmam Çiftçi Petrol Ür.İnş.Nak.Gıd.S Tic.Ltd.Şti,37.273191,38.795889,Aytemiz
Ekinci Ektiren Petrol Nakliyat Tarı İnş. San ve Tic Ltd Şti,37.228175,39.775389,Aytemiz
Bekenler Nak. Tar. Gıd. İnş. San. Ve Tic. Ltd. Şti.,36.880525,40.036051,Aytemiz
Bozan Sarı ve Oğulları Akar.Nak Tur.Seyahat.İth.İhr.Ltd.Şti,37.1128,38.821,Aytemiz
Mehmet Badıllı Petrol İnşaat San. Ve Tic. Limited Şirketi,37.160671,38.878554,Aytemiz
Er-Sa Petrol İnşaat Sanayi Ve Ticaret Limited Şirketi,37.747953,39.315798,Aytemiz
Açıksu Petrol Ürünleri Nak.İnş Sanayi Ve Ticaret Ltd. Şti.,37.186187,38.765256,Aytemiz
Esapet Ener. Pet. Oto. Gıd.Nak İnş San ve Tic A.Ş.,37.2116,38.7978,Aytemiz
Nergiz Akaryakıt Ürünleri Gıda İnş. Nak.San.ve Tic.Ltd.Şti,37.3278,42.1847,Aytemiz
Nazım Yarapsanlı Yarapsanlı Akaryakıt,41.057399,27.508446,Aytemiz
Sevinçler (2 Muratlı) İnş.Nak. Gıd.San.Tic.A.Ş,41.108353,27.492063,Aytemiz
Sevinçler (1 Süleymanpaşa) İnş.Nak. San.Tic.A.Ş,40.97895,27.534215,Aytemiz
Ballı Koll.Şti. Cemil ve Murat Ball,40.87293,26.993386,Aytemiz
Kardeşler Petrol Ürünleri Pazarlama Ticaret Anonim Şirketi,41.161062,27.790003,Aytemiz
Free Akaryakıt Pazarlama Ve Ticaret Limited Şirketi,41.191101,27.820799,Aytemiz
Çebi Petrol Ürn.Nak.Paz.San.Ve Tic. Şti,41.010554,27.717542,Aytemiz
Eroğlu Grup Akaryakıt İnşaat Orman Sanayi ve Ticaret Limited Şirketi,41.145385,27.852628,Aytemiz
Ağır Petrol Sanayi ve Ticaret Limit,41.393725,27.924744,Aytemiz
Ersar İnşaat(Ergene) Hırdavat Petro Bilgisayar ve Ticaret Sanayi Ltd.Ş,41.288771,27.666921,Aytemiz
Çelikler Grup Enerji Sanayi Anonim Şirketi,40.866252,26.729572,Aytemiz
Çeliksoy Petrol-2 Gıda Nakliye İnş.San.Tic.Ltd.Şti.,41.293508,27.936007,Aytemiz
Trakyam Petrol Ürünleri Oto.Nak.Gıd.San.Tic.Ltd.Şti.,40.935233,27.297846,Aytemiz
Sınırlı Sorumlu 1 NoluTekirdağ Lojs.Kar.Yol.Yük.Taş.Koop.,40.966476,27.502398,Aytemiz
GGG Petrolleri - 10 San.Tic.A.Ş.,40.980755,27.550313,Aytemiz
Zile Lop Et Mobilya Pet.İnş.Ltd.Şti,40.310507,35.914347,Aytemiz
Ergünler Petrol Orman Ürünleri Gıda Sanayi Ticaret Limited Şirketi,40.337572,37.540535,Aytemiz
Başak Petrol Ürünleri Otelcilik San Ve Ticaret Limited Şirketi,40.681651,36.552406,Aytemiz
Ahsen Çiçek Petrol Petrol Ürünleri Ve Ticaret Limited Şirketi,40.297966,36.553177,Aytemiz
Akdağ Bora (2 Tokat) Petrol Ürünler İnş.Taah.San. Ve Tic.Ltd.Şti.,40.333148,36.530398,Aytemiz
Şen Petrol Otomotiv A.Ş.,40.348406,36.506408,Aytemiz
Çamiçi PetrolKuyumculuk Turizm İnşa Ve Day.Tük.Mal.San.Tic.Ltd.Şti,40.571775,36.951382,Aytemiz
Topsakal Bilgi Teknolojileri Petrol Turizm Insaat San. Tic. Ltd. Sti.,40.634124,36.994257,Aytemiz
Arslan Akaryakıt Ürüneri Sanayi Ticaret Ltd Şti,40.38013,36.093148,Aytemiz
Has Tokat Turz.İnş.Hayv.Akr. Ürn.Oto.San.Tic.Ltd.Şti.,40.3153,36.3985,Aytemiz
ULS Akaryakıt Sanayi Tic.Ltd.Şti.,40.3329,36.5351,Aytemiz
Ali Usta - Birol Usta,41.072796,39.354812,Aytemiz
Adıgüzel Petrol Ürün.Tic.Nak.Ltd.Şt,40.873635,39.684254,Aytemiz
Aytekin Çanakçıoğlu Petrol Ltd.Şti.,41.056593,39.530573,Aytemiz
Er-Boz Pet.Ürün.San.Tic.Ltd.Şti.,40.911308,39.288769,Aytemiz
İpekyolu Petrol Ürünleri Turizm Tic. ve San.A.Ş.,40.808707,39.600916,Aytemiz
Yıldızlı Petrol (2 Akçaabat) Ürün. Tic.Ltd.Şti.,40.994882,39.569653,Aytemiz
Eroğlu Er Pet.İnş.Nak. Ve Tic.Ltd.Ş,40.963032,39.988883,Aytemiz
Erbaşaranlar Petrol Ürünleri Nakliy İnş.Ve Tic.Ltd.Şti.,41.015511,39.594538,Aytemiz
Birol Usta,41.064368,39.215981,Aytemiz
Süleyman Suha Bayraktar-Bayraktar P,40.93225,40.065199,Aytemiz
Zengin Kömür (1 Ortahisar) İşlet.Na  Turizm Sanayi Ticaret Limited  Şi,40.983954,39.749416,Aytemiz
Aytemiz (Trabzon) Petrolcülük Tic.Ltd.Şti.,40.991609,39.791169,Aytemiz
Ede Lojistik 2 Pet.Ür.Teks.İnş.Otom Tarım Hay.San.ve Tic.Ltd.Şti,40.964106,39.837817,Aytemiz
Nusret Çakiroglu Turizm Ins. Ltd. S,40.966254,40.302308,Aytemiz
Aytemiz (Beşirli-Ortahisar-Trabzon) Petrolcülük Tic.Ltd.Şti.,40.99636,39.673249,Aytemiz
Aydınlar Grup İnşaat Akaryakıt İnşa Turizm Ticaret Limited Şirketi,41.0006,39.7395,Aytemiz
Engin Petrol Ürün. İnş. Nak. Haf. Mad. Bet. San.Ve Tic. Ltd,41.039087,39.280234,Aytemiz
Ali Usta - Birol Usta - 2,40.984491,39.823104,Aytemiz
Yıldızlı Petrol-3 Ür. Nak. İnş Taah. Tur. Ser. Tic. Ltd. Şti,41.067223,39.516242,Aytemiz
Elezoğlu Petrol Ürü. İnş. Taah Tur. Nak. San. Ve Tic. Ltd Şti,40.979065,39.749948,Aytemiz
Yılmazlar Petrol Nakliyat Tur. İnş.ve Hafr.Tic.Ltd.Şti.,40.9533,39.9084,Aytemiz
Selçuk Erbaşaran Petrol Ürn.Oto.Turz.Nakl.Tic.Ltd.Şti.,40.970453,39.528476,Aytemiz
Manavlar Petrol Emlak İnş.San. Ve T Ltd.Şti,38.67843,29.450074,Aytemiz
MGE Akar. Nak. Tur. İnş. Oto. Mer. Gıd. San. Ve Tic. Ltd Şti,38.327307,28.915029,Aytemiz
Denktaş Petrolcülük Taahhüt Ve Sanayi Ticaret Limited Şirketi,38.681188,29.636446,Aytemiz
Gazi64 Akaryakıt İnş. Tur. Nak Gıda Ticaret A.ş.,38.6767,29.2555,Aytemiz
Uğursan Akaryakıt Nak.Tic.Ltd.Şti.,38.50736,43.379549,Aytemiz
Sonay Pet.Mad.İnş.Tar.Hay.Oto Taş.Taah.İth.İhr.Tic.San.Ltd.Ş,39.014599,43.389659,Aytemiz
Kılıçvan Taşımacılık Petrol İnş.Gıd.San.Tic.Ltd.Şti,38.317804,43.175433,Aytemiz
Öz-Akınsan Petrol Ürünleri Nak Gıd.Paz.San.Tic.Ltd.Şti.,38.657666,43.99106,Aytemiz
Uçarlar Van Akaryakıt Nak. İnş Tur. San. ve Tic. Ltd. Şti.,38.5129,43.3746,Aytemiz
Fıstıklı Akaryakıt ve Ticaret Anoni Şirketi,40.484462,28.884966,Aytemiz
Ceka Akaryakıt -2 Lojistik Kuyumcul San.Tic.Ltd.Şti.,40.680752,29.396174,Aytemiz
GGG Petrolleri-2 Sanayi Ve Ticaret Anonim Şirketi,40.619975,29.271007,Aytemiz
Kristal Gaz-İş-5 Oto. ve Taş. Tic. Ve San. Limited Şirketi,40.682668,29.40296,Aytemiz
Akdağ Bora Petrol Otomotiv Tic.Ltd.,39.659545,35.883444,Aytemiz
Coşkun Petrol Ve Otomotiv Tic.Ltd.Şti.,39.860623,34.933862,Aytemiz
Eryılmazlar Petrol Ve Tur.Yat.Ltd.Ş,39.302211,35.619196,Aytemiz
Ardıçlar Akaryakıt Nakliye Tar.Hayv İnş.Malz.San.Tic.Ltd.Şti.,39.685026,35.424835,Aytemiz
Özbozkurt Nakliye İnşaat Petrol Gıd Tarım Ürünleri Ticaret Sanayi Ltd.,39.834645,34.778219,Aytemiz
Hitit Ges Enerji Sanayi Ticaret Lim Şirketi,39.823914,34.817904,Aytemiz
Yılmaz Turizm Sanayi ve Ticaret Limited Şirketi,39.817645,34.786942,Aytemiz
Seymen Petrol İnşaat Turizm Nakliya Madencilik Ticaret Limited Şirketi,39.229868,35.482342,Aytemiz
Gürsan Yatırım Ve Enerji Anonim Şirketi,39.972076,35.848651,Aytemiz
Durmazlar Tarım -2 Ürn.Hayv.Gıd. Akr.Turz.İnş.Paz.Tic.San.Ltd.Ş,39.1881,35.2441,Aytemiz
Şahbazlar Gıda Akaryakıt Nak.İnş.Turz.Tar.Hayv.Ürn.San.,39.7901,35.2318,Aytemiz
Tabakoğlu İnşaat Nakliye Orman Ürün Petrol Hayvancılık San.Ve Tic.Ltd.,41.262492,32.034809,Aytemiz
Kamil Mantarlı İnşaat Nakliye Turiz Ürün.Paz.Ve Kuy.San.Ve Tic.A.Ş.,41.416714,32.093801,Aytemiz
Avcılar Akaryakıt Petrol Ürünleri S ve Ticaret Limited Şirketi,41.271327,31.542867,Aytemiz
Özdemir Petrol İnşaat Nakliyat Ve Ticaret Anonim Şirketi,41.451373,31.758127,Aytemiz
Çebi Akaryakıt Kaf. Hiz. Taş. Gıda Kir. Tur. Ener Sos. Hiz. San. Tic L,41.221382737999164,31.40941638459084,Aytemiz
Geylaniler Petrol Ürünleri Ticaret Ve Sanayi Limited Şirketi,36.96576,35.609555,Kadoil
ALTINYÜZÜK GIDA AKARYAKIT VE PETROL ÜRÜNLERİ İTHALAT İHRACAT TURİZM TİCARET VE SANAYİ LİMİTED ŞİRKETİ,36.873306,35.346085,Kadoil
Tanrıverdi Petrol Nakliyat Gıda Turizm Sanayi Ve Ticaret Limited Şirketi,37.442945,35.780642,Kadoil
Mobay Petrol Turizm Tarım Gübre İnşaat Gıda Fırın Lokanta Nakliyat Sanayi Ve Ticaret Limited Şirketi,37.491919,35.83175,Kadoil
İZ PETROL İNŞAAT NAKLİYAT GIDA GÜBRE MADEN İTHALAT İHRACAT SANAYİ VE TİCARET LİMİTED ŞİRKETİ,37.424777,35.788907,Kadoil
MEHMET ALTINYÜZÜK-YÜZBAŞI PETROL - 2,36.724757,35.335552,Kadoil
Mehmet Altınyüzük-Yüzbaşı Petrol,36.725556,35.336114,Kadoil
Nadir İnşaat Nakliyat Hafriyat Turizm Temizlik Gıda Marketçilik Daynıklıtüketim Petrol Ürünler Taahhüt Sanayi Ve Ticaret Limited Şirketi,37.259391,35.661505,Kadoil
KARDELEN PETROL ÜRÜNLERİ TARIM NAKLİYE GIDA İNŞAAT EMLAK OTOMOTİV SANAYİ VE TİCARET LİMİTED ŞİRKETİ,37.370829,35.845197,Kadoil
BİNBEĞİ PETROL ÜRÜNLERİ LPG TİCARET VE SANAYİ LİMİTED ŞİRKETİ,36.587922,35.383953,Kadoil
Bazlar Gıda Zirai İlaç Gübre Tarım Petrol Sanayi ve Ticaret Limited Şirketi,36.8078487,35.5663104,Kadoil
RAV PETROL YEMEKÇİLİK TEMİZLİK İNŞAAT SANAYİ TİCARET ANONİM ŞİRKETİ-2,36.996357,35.343408,Kadoil
CENGİZ GÖL,37.2717,35.6818,Kadoil
TASER GRUP İNŞAAT HAZIR BETON MADENCİLİK NAKLİYE İMALAT SANAYİ VE TİCARET ANONİM ŞİRKETİ,36.991911,35.316111,Kadoil
ALTUNOK PETROL SANAYİ VE TİCARET LİMİTED ŞİRKETİ,37.276241,35.854505,Kadoil
Yetiş Petrol Ticaret Kollektif Şirketi Mehmet Emin Yetiş Ve Ortakları,37.78775,38.625768,Kadoil
GÜMÜŞ AKARYAKIT İNŞAAT NAKLİYAT GIDA SANAYİ VE TİCARET LİMİTED ŞİRKETİ,37.7007,38.121016,Kadoil
Özdereci Akaryakıt Turizm İnşaat Mühendislik Nakliyat Sanayi Ve Ticaret Limited Şirketi,37.722979,38.175086,Kadoil
Erdal Özdemir,38.0211658,39.027196,Kadoil
SEZGİN AKARYAKIT OTOMOTİV GIDA TAŞIMACILIK SANAYİ VE TİCARET LİMİTED ŞİRKETİ,37.75638,38.23621,Kadoil
MUSCEN TARIM İNŞAAT TAŞIMACILIK TEMİZLİK HAYVANCILIK AKARYAKIT GIDA SANAYİ VE TİCARET LİMİTED ŞİRKETİ,37.77372,38.790827,Kadoil
ENVEROĞLU TAŞIMACILIK AKARYAKIT SANAYİ TİCARET LİMİTED ŞİRKETİ,37.579807,38.475697,Kadoil
KAHTA TARIMSAL YAYIM VE DANIŞMANLIK MEDİKAL TAŞIMACILIK HAYVANCILIK PETROL ÜRÜNLERİ YENİLENEBİLİR ENERJİ TARIM SANAYİ VE TİCARET LİMİTED ŞİRKETİ,37.811288,38.771199,Kadoil
FETHİBEY BELEDİYESİ AKARYAKIT İSTASYONU İŞLETMESİ,38.851515,30.498702,Kadoil
Yeni Sarıkavak Petrol Gıda Taşımacılık İnşaat Turizm Pazarlama Sanayi Ve Ticaret Limited Şirketi,37.872013,29.810114,Kadoil
ALPAY TEKSTİL ÜRÜNLERİ İMALAT PAZARLAMA VE SANAYİ TİCARET LİMİTED ŞİRKETİ - 2,38.717604,31.036207,Kadoil
DİLHAS UĞUR,38.798506,30.373787,Kadoil
Alpay Tekstil Ürünleri İmalat Pazarlama ve Sanayi Ticaret Ltd. Şti.,38.686916,30.709947,Kadoil
iptal ASİ NAKLİYAT VE PETROLCÜLÜK SANAYİ TİCARET LİMİTED ŞİRKETİ,38.737415,30.349426,Kadoil
AKKUM HARFİYAT NAKLİYAT PETROL ÜRÜNLERİ YURT İŞLETMECİLİĞİ VE TEMİZLİK TİC. LTD. ŞTİ.,38.596904,31.034427,Kadoil
AFYON AK GRUP İNŞAAT PVC HAZIR BETON TARIM HAYVANCILIK OTOMOTİV NAKLİYE KÖMÜR MADENCİLİK AKARYAKIT İTHALAT İHRACAT SANAYİ VE TİCARET LİMİTED ŞİRKETİ,38.695556,31.051667,Kadoil
KOCAAHMEDLER PETROL İNŞAAT MİMARLIK TARIM HAYVANCILIK VE İTHALAT İHRACAT SANAYİ TİCARET LİMİTED ŞİRKETİ,38.5262,30.5478,Kadoil
HAYDAROĞULLARI PETROL SANAYİ VE TİCARET LİMİTED ŞİRKETİ,38.795768,30.195102,Kadoil
ABİM AKARYAKIT TARIM GIDA NAKLİYAT SANAYİ VE TİCARET LİMİTED ŞİRKETİ,38.164504,30.191886,Kadoil
GEMPA ENERJİ SANAYİ VE TİCARET LİMİTED ŞİRKETİ,38.926579,31.596194,Kadoil
ESİN SANAYİ TİCARET LİMİTED ŞİRKETİ,39.22412,42.853812,Kadoil
Emrah Yıldırım,39.67892,43.02256,Kadoil
Nurşah Nakliyat İnşaat Taahhüt Sanayi Ticaret Limited Şirketi,39.68592,43.240005,Kadoil
DOĞUKAN TANRIKULU,39.5445,43.959905,Kadoil
Adem Boğucu,39.0758,42.8972,Kadoil
CMS PETROL İNŞAAT TURİZM GIDA İTHALAT İHRACAT SANAYİ TİCARET LİMİTED ŞİRKETİ-AĞRI,39.53298,43.67607,Kadoil
ZANA NAKLİYE PETROL OTOMOTİV İNŞAAT GIDA İTHALAT VE İHRACAT PAZARLAMA SANAYİ LTD. ŞTİ.,39.60016,44.052449,Kadoil
CMS PETROL İNŞAAT TURİZM GIDA İTHALAT İHRACAT SANAYİ TİCARET LİMİTED ŞİRKETİ,39.5395,43.9838,Kadoil
ÜMİT TEMİZLİK İNŞAAT TURİZM GIDA TARIM PETROLCÜLÜK SANAYİ VE TİCARET LİMİTED ŞİRKETİ,38.448374,33.931399,Kadoil
OKURLAR PETROL HAYVANCILIK TARIM İNŞAAT GIDA NAKLİYE SANAYİ TİCARET LİMİTED ŞİRKETİ,38.292107,33.767361,Kadoil
MFİ GÜNGÖR PETROL GIDA HAYVANCILIK İNŞAAT OTOMOTİV TURİZM SANAYİ VE TİCARET LİMİTED ŞİRKETİ,38.241086,34.300347,Kadoil
ÜNAL KARDEŞLER İNŞAAT NAKLİYAT MADENCİLİK TURİZM PETROL SANAYİ VE TİCARET LİMİTED ŞİRKETİ,38.437725,33.944874,Kadoil
KELİKLER AKARYAKIT TARIM HAYVANCILIK NAKLİYE İNŞAAT SANAYİ VE TİCARET LİMİTED ŞİRKETİ,38.196499,33.343786,Kadoil
AYYILDIZLAR PETROL ÜRÜNLERİ MADENİ YAĞ NAKLİYE İNŞAAT TAAHHÜT GIDA MARKET EMLAK VE OTO ALIM SATIM KOMİSYONCULUĞU SANAYİ VE TİCARET LİMİTED ŞİRKETİ(AKSARAY),38.740268,34.044096,Kadoil
AKSARAY DURU PETROLCÜLÜK SANAYİ TİCARET LİMİTED ŞİRKETİ,38.358124,33.975842,Kadoil
NESPET AKARYAKIT SANAYİ VE TİCARET LİMİTED ŞİRKETİ,38.251482,33.994794,Kadoil
AYTUĞ AKARYAKIT İNŞAAT PAZARLAMA NAKLİYAT SANAYİ VE TİCARET LTD.ŞTİ,38.366466,34.007316,Kadoil
BAYRAKDAR AKARYAKIT SANAYİ TİCARET LİMİTED ŞİRKETİ,38.343355,33.751255,Kadoil
ÖMER BİLGİN AKARYAKIT OTOMOTİV SANAYİ TİCARET LİMİTED ŞİRKETİ (Bahçecik Köyü),40.859275,35.480771,Kadoil
TÜMTURK PETROLCÜLÜK ANONİM ŞİRKETİ (AMASYA),40.86657,35.52855,Kadoil
ÜNYAZ OTOMOTİV PETROL ÜRÜNLERİ PAZARLAMA SANAYİ VE TİCARET ANONİM ŞİRKETİ,38.93363,33.542701,Kadoil
Akköprü Petrol Akaryakıt Ürünleri TaşımacılıkTicaret Ve Sanayi Anonim Şirketi(Yenimahalle),39.954361,32.831495,Kadoil
İbrahim Sarı,40.129262,31.910893,Kadoil
Başkent Oil Akaryakıt Nakliye İnşaat Gıda Ürünleri Sanayi İç Ve Dış Ticaret Limited Şirketi,40.199163,32.691588,Kadoil
ASSİYE KILINÇ,39.25710634774285,32.25628081534144,Kadoil
Mihraç Petrol Ürünleri Otomotiv Nakliyat Tarım İnşaat Malzemeleri Sanayi Ticaret Limited Şirketi,39.431601,32.517861,Kadoil
DAMLASOY PETROL ÜRÜNLERİ NAKLİYE TARIM VE HAYVANCILIK SANAYİ TİCARET LİMİTED ŞİRKETİ,39.1505,33.278,Kadoil
BK Petrol Akaryakıt Ürünleri Taşımacılık Ticaret ve Sanayi Limited Şirketi,39.934349,32.71914,Kadoil
ANKARA KALE PETROL NAKLİYE İNŞAAT TARIM HAYVANCILIK SANAYİ VE TİCARET LİMİTED ŞİRKETİ,39.234671,33.019966,Kadoil
BCR GIDA İÇ VE DIŞ TİCARET ANONİM ŞİRKETİ,39.966219,33.143266,Kadoil
KESER PETROL SANAYİ VE TİCARET ANONİM ŞİRKETİ,40.057301,32.625001,Kadoil
İBRAHİM SARI,40.16855,31.924841,Kadoil
ÜLGERLER TUZGÖLÜ AKARYAKIT TURİZM NAKLİYAT SANAYİ VE TİCARET LİMİTED ŞİRKETİ,39.076122,33.413143,Kadoil
ARAYIT PETROL GIDA İNŞAAT NAKLİYE TARIM SANAYİ TİCARET LİMİTED ŞİRKETİ,39.414224,31.987441,Kadoil
KUĞULU PETROL AKARYAKIT ÜRÜNLERİ TAŞIMACILIK SANAYİ VE TİCARE A.Ş.,39.908841,32.858512,Kadoil
YENİKENT PETROL ÜRÜNLERİ OTOMOTİV İNŞAAT GİYİM GIDA SANAYİ VE TİCARET LİMİTED ŞİRKETİ-2,39.204318,32.743497,Kadoil
ODİ ENERJİ AKARYAKIT NAKLİYE OTOMOTİV İNŞAAT SANAYİ TİCARET LİMİTED ŞİRKETİ,39.95209,33.06555,Kadoil
BAŞKENT VİZYON AKARYAKIT LİMİTED ŞİRKETİ GÖLBAŞI ŞUBESİ,39.547311,32.859838,Kadoil
ŞTAŞ AKARYAKIT ENERJİ NAKLİYE OTOMOTİV İNŞAAT SANAYİ LİMİTED ŞİRKETİ,39.655979,32.218631,Kadoil
ASİ NAKLİYAT VE PETROLCÜLÜK SANAYİ TİCARET LİMİTED ŞİRKETİ,40.033858,32.856048,Kadoil
GENÇLER PET. ÜRÜ. VE OTO. SANAYİ TURZ. TAAH. TİCARET LİMİTED ŞİRKETİ,37.219848,30.506657,Kadoil
HAKER PETROL ÜRÜNLERİ İNŞAAT TURİZM TARIM VE ORMANCILIK PAZARLAMA NAKLİYAT SANAYİ VE TİCARET LİMİTED ŞİRKETİ,36.550671,32.015686,Kadoil
TEK-PET PETROL ÜRÜNLERİ TİCARETİ VE DİNLENME TESİSLERİ İŞLETMECİLİĞİ TURİZM SANAYİ VE TİCARET LİMİTED ŞİRKETİ,36.947062,30.850823,Kadoil
ÖNCÜ ÇİÇEK AKARYAKIT VE OTOGAZ ÜRÜNLERİ İNŞAAT GIDA PAZARLAMA TİCARET LİMİTED ŞİRKETİ,36.332245,30.27671,Kadoil
POLATLAR GÜVENLİK SİSTEMLERİ AYDINLATMA PETROL OTOMOTİV NAKLİYAT İNŞAAT SANAYİ TİCARET LİMİTED ŞİRKETİ,36.8985,30.7621,Kadoil
MARİN ENERJİ LOJİSTİK İNŞAAT PETROL GIDA SANAYİ VE TİCARET LİMİTED ŞİRKETİ,36.899338,31.207151,Kadoil
URAS AKARYAKIT NAKLİYE TİCARET LİMİTED ŞİRKETİ,36.888412,30.735659,Kadoil
AKSU FRİGO AKARYAKIT NAKLİYE ARAÇ KİRALAMA İNŞAAT GAYRİMENKUL SANAYİ VE TİCARET LİMİTED ŞİRKETİ,36.946816,30.867027,Kadoil
BALSAY PETROL ÜRÜNLERİ TAŞIMACILIK SANAYİ VE TİCARET ANONİM ŞİRKETİ,36.857693,30.869498,Kadoil
TEK-PET PETROL ÜRÜNLERİ TİCARETİ VE DİNLENME TESİSLERİ İŞLETMECİLİĞİ TURİZM SANAYİ VE TİCARET LİMİTED ŞİRKETİ-3,36.3647,30.1512,Kadoil
Köprüçay Petrol Ürünleri Turizm Tarım Hayvancılık Sanayi Ticaret Limited Şirketi,36.915183,31.233912,Kadoil
Çine Çınar Petrol İnşaat Enerji Tarım Gıda Hayvancılık Turizm Sanayi Ve Ticaret Limited Şirketi,37.54928,28.062157,Kadoil
Özaltındağ Petrol Sanayi ve Ticaret Limited Şirketi,37.831944,27.844166,Kadoil
YONPET AKARYAKIT ÜRÜNLERİ İNŞAAT SANAYİ VE TİCARET LİMİTED ŞİRKETİ,37.696676,27.949726,Kadoil
DURU PETROLCÜLÜK ASFALT DEPOLAMA SANAYİ VE TİCARET LİMİTED ŞİRKETİ,37.883285,28.103747,Kadoil
ESENBEY AKARYAKIT PETROL ÜRÜNLERİ NAKLİYE İNŞAAT SANAYİ VE TİCARET LİMİTED ŞİRKETİ,37.910152,28.324034,Kadoil
ARVEL AKARYAKIT SANAYİ TİC. LTD.ŞTİ.,37.853679,28.072979,Kadoil
ERKA PETROLCÜLÜK SANAYİ VE TİCARET LİMİTED ŞİRKETİ,37.762532,27.373732,Kadoil
YURTSEVER DÂHİLİ TİCARET PETROL ÜRÜNLERİ PAZARLAMA LİMİTED ŞİRKETİ,39.522388,28.011856,Kadoil
Özel Kardeşler Petrol Gıda Kuyumculuk Tarım Turizm Sanayi Ve Ticaret Limited Şirketi,39.389513,26.836338,Kadoil
3M1 Akaryakıt İnş. Gıda İhr. İth. San. Tic. Ltd. Şti.,39.510062,26.973247,Kadoil
Kozcan Tarım Gıda Ve Petrol Ürünleri İnşaat Nakliyat Hayvancılık Sanayi Ticaret Limited Şirketi,39.318898,26.840328,Kadoil
Kozcan Tarım Gıda Ve Petrol Ürünleri İnşaat Nakliyat Hayvancılık Sanayi Ticaret Limited Şirketi – 2 (168 ada),39.318428,26.840386,Kadoil
MARİNA AKARYAKIT PETROL ÜRÜNLERİ İNŞAAT OTOMOTİV TURİZM İTHALAT İHRACAT SANAYİ VE TİCARET LİMİTED ŞİRKETİ,39.378821,26.830125,Kadoil
ÖZ KARDEŞLER PETROL NAKLİYAT İNŞAAT TARIM HAYVANCILIK İTHALAT İHRACAT SANAYİ VE TİCARET LİMİTED ŞİRKETİ,39.990261,28.202961,Kadoil
CANER PETROL ÜRÜNLERİ GIDA MADDELERİ VE TURİZM İŞLETMECİLİĞİ SANAYİ VE TİCARET LİMİTED ŞİRKETİ,40.292875,27.564852,Kadoil
ÖTÜKENT İNŞAAT SANAYİ TİCARET LİMİTED ŞİRKETİ,41.590663,32.322473,Kadoil
ÖZPOLATLAR PETROL İNŞAAT TAAHHÜT NAKLİYE OTOMOTİV GIDA SANAYİ VE TİCARET LİMİTED ŞİRKETİ,37.884605,41.121891,Kadoil
ÖZ AYHAN PETROL KUYUMCULUK İNŞAAT NAKLİYAT TAAHHÜT SANAYİ VE TİCARET LİMİTED ŞİRKETİ,37.890169,41.15099,Kadoil
BARAN-YAĞMUR PETROL NAKLİYAT İNŞAAT TEMİZLİK MEDİKAL TAAHHÜT İTHALAT İHRACAT SANAYİ VE TİCARET LİMİTED ŞİRKETİ,37.875865,41.116176,Kadoil
BECİRMAN PETROL İNŞAAT NAKLİYAT HAFRİYAT TEKSTİL TURİZM SANAYİ VE TİCARET LİMİTED ŞİRKETİ,37.974722,41.151111,Kadoil
OĞUZLAR DİNLENME TESİSLERİ PETROL İNŞAAT SANAYİ TİCARET LİMİTED ŞİRKETİ,37.70404,41.46763,Kadoil
CANYOL PETROL OTOMOTİV İNŞAAT NAKLİYE TELEKOMÜNİKASYON SANAYİ VE TİCARET LİMİTED ŞİRKETİ,37.925262,41.297058,Kadoil
LİDER-ÖNDER PETROL NAKLİYE İNŞAAT GIDA TARIM HAYVANCILIK TURİZM TEKSTİL SANAYİ VE TİCARET LİMİTED ŞİRKETİ,41.20956,36.597752,Kadoil
HÜSEYİN SARI-2,40.027107,30.178247,Kadoil
HÜSEYİN SARI,40.08813,30.14792,Kadoil
İMROZ ÖZDEMİR-HAMZAOĞLU PETROL,40.231857,30.016707,Kadoil
PİGA AKARYAKIT LİMİTED ŞİRKETİ,39.885076,30.160404,Kadoil
Yüzen Ada Yakıt Enerji İnşaat Gıda Tarım Hayvancılık Eğitim Turizm Ticaret Ve Sanayi Limited Şirketi,38.967511,41.070309,Kadoil
Öz Genç Petrol Ürünleri Turizm İnşaat Nakliyat Tarım Hayvancılık Gıda Temizlik Ticaret Ve Sanayi Limited Şirketi,38.751093,40.54025,Kadoil
Kervansaraylar Petrol İnşaat Turizm Hayvancılık Gıda Ticaret ve Sanayi Limited Şirketi,38.913263,40.598207,Kadoil
AZİZOĞLU PETROL EMLAK İNŞAAT GIDA NAKLİYAT SANAYİ VE DIŞ TİCARET LİMİTED ŞİRKETİ,38.934276,38.934276,Kadoil
KARABAĞLAR YAKIT CANLI HAYVAN TEKSTİL TAŞIMACILIK GIDA İNŞAAT SANAYİ VE TİCARET LİMİTED ŞİRKETİ,39.286811,41.001071,Kadoil
MERMER PETROL ÜRÜNLERİ MADENCİLİK İNŞAAT TURİZM TAAHHÜT İTHALAT İHRACAT SANAYİ VE TİCARET LİMİTED ŞİRKETİ,38.367949,42.093766,Kadoil
Ahlat Petrol İnşaat Turizm Madencilik Sanayi Ve Ticaret Limited Şirketi,38.747687,42.471893,Kadoil
DT Doğukan Tekstil Petrol Sanayi Ve Ticaret Limited Şirketi,38.275358,42.312049,Kadoil
MEHMET SIDDIK PORSUK,38.802829,42.352786,Kadoil
KARASU İKİZLER PETROL İNŞAAT SANAYİ TİCARET LİMİTED ŞİRKETİ,38.2215,42.4167,Kadoil
KASİT KARDEŞLER PETROL MADEN İNŞAAT NAKLİYE SANAYİ VE TİCARETİ LİMİTED ŞİRKETİ,38.36992893730225,42.09443561116486,Kadoil
S.S. Haccağız Tarımsal Kalkınma Kooperatifi,40.389669,31.558432,Kadoil
CİHANGİR GRUP AKARYAKIT SANAYİ VE TİCARET LİMİTED ŞİRKETİ (Kazanlar Köyü),40.722211,32.282223,Kadoil
ULTRA PETROL SANAYİ VE TİCARET LTD.ŞTİ (Gerede Şube),40.846264,32.446487,Kadoil
MAYTUR PETROL ÜRÜNLERİ EMLAK İNŞAAT TURİZM TAŞIMACILIK YÖNETİM DANIŞMANLIĞI TİCARET LİMİTED ŞİRKETİ-BURDUR,37.496133,29.54553,Kadoil
Melka Umut Petrol Nakliyat İnşaat Turizm Oto Pazarlama Sanayi Ve Ticaret Limited Şirketi,37.424629,29.972341,Kadoil
AYYILDIZLAR PETROL ÜRÜNLERİ MADENİ YAĞ NAKLİYE İNŞAAT TAAHHÜT GIDA MARKET EMLAK VE OTO ALIM SATIM KOMİSYONCULUĞU SANAYİ VE TİCARET LİMİTED ŞİRKETİ-BURSA,40.2153,28.6271,Kadoil
BAŞKENT VİZYON AKARYAKIT LİMİTED ŞİRKETİ-KARACABEY,40.232574,28.494919,Kadoil
AYDOĞANLAR OTOMOTİV SANAYİ VE TİCARET ANONİM ŞİRKETİ,39.99615,29.61086,Kadoil
KARAHAN GRUP PETROL ÜRÜNLERİ İNŞAAT NAKLİYAT SANAYİ VE TİCARET LİMİTED ŞİRKETİ,40.436145,29.254564,Kadoil
ASIRPET AKARYAKIT İNŞAAT VE OTOMOTİV SANAYİ TİCARET LİMİTED ŞİRKETİ,40.292501,26.394518,Kadoil
ROTA OİL PETROL ÜRÜNLERİ İNŞAAT SANAYİ VE TİCARET ANONİM ŞİRKETİ,39.71691,26.22477,Kadoil
HASKOÇ PETROL ÜRÜNLERİ GIDA TAŞIMACILIK İNŞAAT SANAYİ VE TİCARET LİMİTED ŞİRKETİ,40.343769,33.999798,Kadoil
AYDINLAR AKARYAKIT MARKETÇİLİK İNŞAAT TURİZM OTOMOTİV MADENCİLİK SANAYİ VE TİCARET LİMİTED ŞİRKETİ,40.47,33.275278,Kadoil
Ballıca Petrol Ürünleri Nakliye İnşaat Otomotiv Sanayi Ticaret Limited Şirketi,40.55129,33.612694,Kadoil
ROJHAT PETROL İNŞAAT NAKLİYE SANAYİ VE TİCARET LİMİTED ŞİRKETİ,40.357833,33.525911,Kadoil
ŞTAŞ AKARYAKIT ENERJİ NAKLİYE OTOMOTİV İNŞAAT SANAYİ LİMİTED ŞİRKETİ-ÇANKIRI,40.870235,33.491978,Kadoil
AYDOĞMUŞ PETROL ÜRÜNLERİ TİCARET VE SANAYİ LİMİTED ŞİRKETİ,40.357861,33.966351,Kadoil
MESUT ARSLAN,40.650173,33.603165,Kadoil
AYD PETROL ÜRÜNLERİ PAZARLAMA NAKLİYE İNŞAAT TAAHHÜT TİCARET VE SANAYİ LİMİTED ŞİRKETİ,40.557131,34.908059,Kadoil
YILDIRIM NAKLİYAT TİCARET SANAYİ LİMİTED ŞİRKETİ,40.6136,35.1222,Kadoil
İBRAHİM UĞUR,37.361354,29.487308,Kadoil
FA PETROL İNŞAAT TAAHHÜT SANAYİ VE TİCARET LİMİTED ŞİRKETİ,37.33723,28.723733,Kadoil
ŞERİFOĞLU DAYANIKLI TÜKETİM MALLARI TEKSTİL GIDA MOBİLYA VE İNŞAAT SANAYİ TİCARET LİMİTED ŞİRKETİ,37.575576,29.275263,Kadoil
EVO ENERJİ A.Ş.,38.05156,28.862253,Kadoil
YENİ SARIKAVAK PETROL GIDA TAŞIMACILIK İNŞAAT TURİZM PAZARLAMA SANAYİ VE TİCARET LİMİTED ŞİRKETİ-DENİZLİ ŞUBESİ,37.78517,29.09312,Kadoil
HÜSEYİN AYRANCI AKARYAKIT TAŞIMACILIK HAZIR BETON İNŞAAT SANAYİ VE TİCARET LİMİTED ŞİRKETİ-ZEYTİNKÖY,37.734311,29.121317,Kadoil
HÜSEYİN AYRANCI AKARYAKIT TAŞIMACILIK HAZIR BETON İNŞAAT SANAYİ VE TİCARET LİMİTED ŞİRKETİ-NİKFER,37.411755,29.123609,Kadoil
HÜSEYİN AYRANCI AKARYAKIT TAŞIMACILIK HAZIR BETON İNŞAAT SANAYİ VE TİCARET LİMİTED ŞİRKETİ,37.539507,29.041736,Kadoil
Abdaloğulları İnşaat Petrol Otomotiv Tarım ve Kuyumculuk Ticaret Limited Şirketi,38.237374,39.789001,Kadoil
SALİHOĞULLARI PETROLCÜLÜK NAKLİYECİLİK VE TARIM ÜRÜNLERİ SANAYİ TİCARET LİMİTED ŞİRKETİ,37.849905,40.654307,Kadoil
İsmail Yiğit Uğur Petrol,38.222857,39.802139,Kadoil
Has Petrol İnşaat Otomotiv Turizm Sanayi ve Ticaret Limited Şirketi,37.842192,40.229781,Kadoil
Karaaslanoğlu Petrol Otomotiv İnşaat Tarım Hayvancılık Nakliye Turizm İthalat İhracat Sanayi Ticaret Ltd Şti.,38.249221,39.778073,Kadoil
Gaban Petrol İnşaat Nakliyat Gıda Turizm Sanayi ve Ticaret Limited Şirketi,38.361941,40.390512,Kadoil
Feyfer İnşaat Nakliyat Hafriyat Petrol Ürünleri Turizm Sanayi Ve Ticaret Limited Şirketi,37.991836,40.158509,Kadoil
Celal Çelik,38.275584,39.749227,Kadoil
Sehit Kaya,38.127178,39.479909,Kadoil
Murat Karadaş - Bereketli Petrol,38.149733,39.822531,Kadoil
Mehmet Halit Demir,37.718833,40.421056,Kadoil
HAMZA GÜNDÜZ,38.428538,40.558267,Kadoil
RCA PETROL ÜRÜNLERİ İNŞAAT SAĞLIK TARIM EĞİTİM HİZMETLERİ SAN. TİC. İTH. İHR. LTD. ŞTİ.,38.135101,41.029656,Kadoil
Bismil Petrol Otomotiv Nakliye İnşaat Emlak Gıda Sanayi Ve Ticaret Limited Şirketi,37.843792,40.709735,Kadoil
Cms Danışmanlık Mühendislik Petrol İnşaat Tarım Sanayi ve Ticaret Limited Şirketi,38.127918,40.779156,Kadoil
BARSANPET AKARYAKIT TURİZM İNŞAAT OTOMOTİV VE GIDA LİMİTED ŞİRKETİ,38.021722,40.102111,Kadoil
HASEN PETROL İNŞAAT MADENCİLİK GIDA HAYVANCILIK SANAYİ VE TİCARET LTD.ŞTİ,38.146682,39.507233,Kadoil
ERYIL PETROL İNŞ. GIDA OTOMOTİV LOJİSTİK SAN. VE TİC. A.Ş.,38.006222,40.116441,Kadoil
MNZ YAPI İNŞAAT OTOMOTİV PETROL EMLAK TARIM SANAYİ VE TİCARET LTD. ŞTİ.,37.8402774,40.1552824,Kadoil
ALTUNTEPE PETROL TARIM OTOMOTİV NAKLİYE TURİZM İNŞAAT ZİRAİ İLAÇ SANAYİ VE TİCARET LİMİTED ŞİRKETİ,37.799561,40.744261,Kadoil
SAYAR GROUP PETROL YAPI NAKLİYAT KATI ATIK SANAYİ ANONİM ŞİRKETİ,37.907793,40.069363,Kadoil
Bircihan Petrol Sanayi ve Tic.Ltd.Şti.,37.8725577,40.231079,Kadoil
Bağdatlı Petrol Ürünleri Nakliyat Oto Gıda Turizm Ticaret Sanayi Limited Şirketi,40.773337,31.318999,Kadoil
KARAM PETROL NAKLİYE SANAYİ TİCARET LİMİTED ŞİRKETİ,40.9537,31.4244,Kadoil
UZUNTUR PETROL SANAYİ VE TİCARET LİMİTED ŞİRKETİ,41.086536,31.177206,Kadoil
HAYMANA GRUP TEKSTİL İNŞAAT PETROL SANAYİ VE TİC. LTD. ŞTİ.,40.787958,31.260865,Kadoil
SAKARYA TARIM ÜRÜNLERİ MADENCİLİK SANAYİ VE TİCARET LİMİTED ŞİRKETİ,40.97947,26.549805,Kadoil
ALKAN PETROL TAŞIMACILIK GIDA SANAYİ VE TİCARET LİMİTED ŞİRKETİ- HAVSA,41.668576,26.875062,Kadoil
ÇAM GLOBAL GAYRİMENKUL DANIŞMANLIK İNŞAAT PETROL SANAYİ TİCARET LİMİTED ŞİRKETİ,41.454872,26.622194,Kadoil
ALEMDARLAR PETROL OTOMOTİV TARIM ÜRÜNLERİ GIDA SANAYİ VE TİCARET LİMİTED ŞİRKETİ,41.32994,26.69254,Kadoil
Ekrem Uludağ (Kadıdondurma),41.173361,26.355624,Kadoil
ATA OİL PETROL ÜRÜNLERİ SANAYİ VE TİCARET LİMİTED ŞİRKETİ-2,41.409272,26.819241,Kadoil
YİĞİTEFE ENERJİ VE PETROL LTD. ŞTİ,41.690601,26.453996,Kadoil
AKNR EROL PETROL AKARYAKIT İSTASYONLARI VE TARIM ÜRÜNLERİ PAZARLAMA İTHALAT İHRACAT SANAYİ TİCARET LİMİTED ŞİRKETİ,41.14537,26.37245,Kadoil
YİĞİTEFE ENERJİ VE PETROL LİMİTED ŞİRKETİ 2,41.686946,26.468471,Kadoil
VEKTÖR PETROL ÜRÜNLERİ SANAYİ VE TİCARET LİMİTED ŞİRKETİ(EDİRNE),41.40426,26.81289,Kadoil
METE TARIMSAL ÜRÜNLER VE AKARYAKIT SANAYİ TİCARET LİMİTED ŞİRKETİ,41.196688,26.424979,Kadoil
YENİHALLER PETROL SANAYİ ve TİCARET LİMİTED ŞİRKETİ,38.656103,39.249117,Kadoil
Somay Petrol Otomotiv İnşaat Ve Malzemeleri Üretim Pazarlama İthalat İhracat Sanayi Ve Ticaret Limit Şti.,38.669303,39.248915,Kadoil
Özkeleşler Petrol İnşaat Nakliyat Turizm Besicilik Tekstil Sanayi ve Ticaret Limited Şirketi,38.629951,39.268408,Kadoil
Hasan Karaoğlu - Karaoğlu Petrol,39.8143,40.054,Kadoil
METİN BEGEN,39.636581,40.179281,Kadoil
MERCAN ZARİFOĞLU PETROL ÜRÜNLERİ İMALAT İTHALAT İHRACAT SANAYİ VE TİCARET LİMİTED ŞİRKETİ,39.744641,40.272724,Kadoil
Avni Çolak,40.03601,42.181256,Kadoil
Ercan Akdağ-Akdağ Petrol,40.352231,41.916599,Kadoil
Süleyman Güneş,39.44488,42.208173,Kadoil
Han Nakliye Akaryakıt İnşaat Taahhüt Otomotiv Gıda Sanayi Ve Ticaret Limited Şirketi,39.947,42.2915,Kadoil
Özdemir Petrol Nakliye İnşaat Pazarlama İmalat Sanayi ve Ticaret Limited Şirketi,39.973621,41.034326,Kadoil
MAHSUN KÖMÜRCÜLÜK İNŞAAT NAKLİYAT PETROL ÜRÜNLERİ GIDA MADDELERİ TİCARET VE SANAYİ LİMİTED ŞİRKETİ,39.94191,41.37108,Kadoil
ESPO OSMANLI DİNLENME TESİSLERİ ANONİM ŞİRKETİ-2,39.5875,30.8982,Kadoil
ODİ ENERJİ AKARYAKIT NAKLİYE OTOMOTİV İNŞ. SAN. TİC. LTD.ŞTİ - SİVRİHİSAR,39.55119,31.74386,Kadoil
GENÇVİP TURİZM AKARYAKIT PETROL ÜRÜNLERİ SANAYİ TİCARET LİMİTED ŞİRKETİ,39.853891,31.482748,Kadoil
ESPO OSMANLI DİNLENME TESİSLERİ ANONİM ŞİRKETİ 1,39.6273,30.821518,Kadoil
İlyas Saraçoğlu,37.424164,37.67952,Kadoil
Başkan Petrol Ürünleri İnşaat Turizm Nakliyat Sanayi ve Ticaret Limited Şirketi,36.954235,37.457251,Kadoil
Hedef Petrol Ürünleri İthalat İhracat Nakliyat ve İnşaat Sanayi ve Ticaret Limited Şirketi,37.021141,37.910797,Kadoil
KADOOĞLU GLOBAL İTHALAT İHRACAT DIŞ TİCARET A.Ş.,37.161713,37.293045,Kadoil
ÖZKAYALAR TRANSPORT FİLO TAŞIMACILIK OTOMOTİV SAN. VE TİC. LTD.ŞTİ,37.091302,37.446405,Kadoil
KADOOĞLU EMEK PETROL SANAYİ VE TİC.A.Ş,37.072777,37.348611,Kadoil
Öz Kandazoğlu Ticaret Limited Şirketi(Tirebolu),40.987731,38.867644,Kadoil
YAĞLIDERE AKARYAKIT İNŞAAT TAAHHÜT NAKLİYAT SANAYİ VE TİCARET LİMİTED ŞİRKETİ,40.86986,38.62372,Kadoil
BORDO PETROL İNŞAAT MADENCİLİK SANAYİ VE TİCARET LİMİTED ŞİRKETİ,40.973,38.7564,Kadoil
Öz Kandazoğlu Ticaret Limited Şirketi(Günyüzü),40.745751,38.978812,Kadoil
Öz Kandazoğlu Ticaret Limited Şirketi(Cayra),40.67849,39.143251,Kadoil
Alkanlar Ticaret Ve Sanayi Limited Şirketi,37.248553,43.614295,Kadoil
Özek Petrol Ürünleri İnşaat Gıda Turizm Madencilik Nakliye Sanayi ve Ticaret Limited Şirketi,37.57018,43.741449,Kadoil
Ergüvenoğlu İnşaat Ve Ticaret Limited Şirketi,36.112583,36.259298,Kadoil
RENDE OREKS İTHALAT İHRACAT MADENCİLİK VE TİCARET LİMİTED ŞİRKETİ,36.5896,36.1743,Kadoil
Çelebi Kollektif Şirketi Aydın Çelebi – Hüseyin Soylu,36.880316,36.227777,Kadoil
Haccıoğulları Petrol Ürünleri Taşımacılk Gıda Maddeleri Ticaret Limited Şirketi,36.145915,36.078021,Kadoil
Öz Atahan Salon İşletmeciliği Gıda Maddeleri Besicilik Akaryakıt Nakliye ve Oto Pazarlama Ticaret Limited Şirketi,36.23872,36.146429,Kadoil
Dolğunlar Uluslar Arası Nakliyat Tarım Gıda İnşaat Hayvancılık Sanayi ve Ticaret Limited Şirketi,36.276608,36.570696,Kadoil
Sadun Arslan Petrol Akar. İstasyonu Tarım Orm. Taş.Temel Gıda İnş. Konser ve Zirai Güb. Ve Taş.Tur.Ve Otel İth. İhr.Ve San.Tic.Ltd.Şti,36.207421,36.362099,Kadoil
KARAAĞAÇ PETROL NAKLİYAT ARAÇ YIKAMA MAKİNALARI TİCARET LİMİTED ŞİRKETİ,36.5497,36.0984,Kadoil
Ahmet Çalım Akaryakıt Taşımacılık İthalat İhracat Sanayi Ve Ticaret Limited Şirketi,36.271329,36.569135,Kadoil
Öz Atahan Salon İşletmeciliği Gıda Maddeleri Besicilik Akaryakıt Nakliye Ve Oto Pazarlama Ticaret Limited Şirketi - 2,36.233676,36.140663,Kadoil
INVICTUS TARIM ÜRÜNLERİ SANAYİ VE TİCARET LİMİTED ŞİRKETİ,36.1382,36.2302,Kadoil
ÖZ HAKAN TEKSTİL GIDA AKARYAKIT NAKLİYAT MADENCİLİK OTOMOTİV VE İNŞAAT İTHALAT İHRACAT SANAYİ VE TİCARET LİMİTED ŞİRKETİ,37.09304,36.28657,Kadoil
MNK Akaryakıt Ticaret İthalat İhracat Limited Şirketi,39.93847,44.00278,Kadoil
TAM PETROL PETROL ÜRÜNLERİ ALIM SATIM ANONİM ŞİRKETİ,41.035001,28.9938,Kadoil
Ortaköy Petrol Ürünleri Sanayi ve Ticaret Limited Şirketi,41.096057,28.374188,Kadoil
DURUSU AKARYAKIT İNŞAAT TURİZM VE GIDA SANAYİ VE TİCARET LİMİTED ŞİRKETİ,41.277041,28.612416,Kadoil
ÇINAR AKARYAKIT OTOMOTİV İNŞAAT TARIM VE HAYVANCILIK SANAYİ VE TİCARET LİMİTED ŞİRKETİ,40.8861,29.2361,Kadoil
VEKTÖR PETROL ÜRÜNLERİ SANAYİ VE TİCARET LİMİTED ŞİRKETİ,41.080581,28.907252,Kadoil
ÇİLEK AKARYAKIT SANAYİ VE TİCARET A.Ş.,41.058075,28.831149,Kadoil
KUĞULU PETROL AKARYAKIT ÜRÜNLERİ TAŞIMACILIK SANAYİ VE TİCARET ANONİM ŞİRKETİ,41.0821,28.8929,Kadoil
HÜSEYİN TABAK,39.122402,27.181337,Kadoil
Emircanlar Petrol İnşaat Gıda Turizm Sanayi ve Ticaret Limited Şirketi,38.151831,28.016119,Kadoil
Hassen Petrol Ürünleri Akaryakıt Nakliyat Ticaret Limited Şirketi,38.3789912,27.1502665,Kadoil
Üç-As Akaryakıt Nakliye İnşaat Turizm Taahhüt Ve İthalat İhracat Sanayi Ticaret Limited Şirketi,39.080466,26.896637,Kadoil
Tankar Otomotiv Petrol Gıda Tekstil Hizmet İnş. San. Ve Tic. Ltd. Şti.,38.395532,27.135027,Kadoil
ÖZALTINDAĞ AKARYAKIT SANAYİ VE TİCARET ANONİM ŞİRKETİ,38.279496,27.214539,Kadoil
MARİN AKARYAKIT SANAYİ VE TİCARET A.Ş.,38.442915,27.18083,Kadoil
ESENBEY PETROL ÜRÜNLERİ LPG NAKLİYE İNŞAATI SANAYİ VE TİCARET LİMİTED ŞİRKETİ,38.586139,27.072781,Kadoil
MERSİNLİ AKARYAKIT SANAYİ VE TİCARET ANONİM ŞİRKETİ,38.429311,27.179811,Kadoil
GOLD HİLL AKARYAKIT TİCARET LİMİTED ŞİRKETİ,38.431698,27.225566,Kadoil
ENG PETROL SANAYİ VE TİCARET A.Ş.,38.46262,27.3437,Kadoil
YD AKARYAKIT SANAYİ TİCARET ANONİM ŞİRKETİ,38.29445,37.144787,Kadoil
Orhan Esen Petrol İnşaat Sanayi ve Ticaret Limited Şirketi,41.217243,32.675846,Kadoil
BUĞRA PETROL ÜRÜNLERİ PAZARLAMA SİNTİNE ATIK ALIM VE ARITIMI İŞLETMESİ SANAYİ VE TİCARET LİMİTED ŞİRKETİ,37.190892,33.161424,Kadoil
Mehmet Alkan-Uğur Petrol(Bayam),40.167569,43.095439,Kadoil
Hakan KERENCİLER,40.380678,43.414379,Kadoil
Yılmaz Demir-Demir Petrol Akaryakıt İstasyonu,40.151919,43.291171,Kadoil
Mehmet Alkan-Uğur Petrol (Şahindere),40.153662,43.128831,Kadoil
YILDIZ GRUP PETROL SANAYİ VE TİCARET ANONİM ŞİRKETİ,41.200791,32.933072,Kadoil
Kaçakoğlu Akaryakıt Gıda Zahirecilik Nakliyat Isı İnşaat Sanayi Ticaret Limited Şirketi,41.394846,33.893719,Kadoil
BÜYÜKBAYRAM İNŞAAT MÜTEAHHİTLİK SANAYİ VE TİCARET LİMİTED ŞİRKETİ,41.318718,33.603197,Kadoil
TECİKLER PETROL VE TARIM ÜRÜNLERİ GIDA TAŞIMACILIK TURİZM SANAYİ VE TİCARET ANONİM ŞİRKETİ,38.8231,35.209495,Kadoil
Mesut Onar,38.728572,36.402131,Kadoil
Kumaş Petrol Nakliyecilik ve İnşaat Sanayi Ticaret Limited Şirketi,39.077538,35.963562,Kadoil
Lüks Varol İnşaat Turizm Seyahat Akaryakıt Nakliyat İthalat İhracat Sanayi Ve Ticaret Limited Şirketi,36.70766,37.189877,Kadoil
ELVAN ÇAKIR İNŞAAT TAAHHÜT TAŞIMACILIK LOKANTACILIK AKARYAKIT BAYİ TUHAFİYE KONFEKSİYON HAYVANCILIK VE TURİZM LİMİTED ŞİRKETİ-2,39.849774,33.482436,Kadoil
Asil Petrol Nakliyat İnşaat Turizm Otomotiv Gıda Mobilya İthalat İhracat Sanayi Ve Ticaret Limited Şirketi,39.705978,33.765099,Kadoil
ELVAN ÇAKIR İNŞAAT TAAHHÜT TAŞIMACILIK LOKANTACILIK AKARYAKIT BAYİ TUHAFİYE KONFEKSİYON HAYVANCILIK VE TURİZM LİMİTED ŞİRKETİ,39.849705,33.572552,Kadoil
HAYDAR YURT / EFENDİLER PETROL,40.154027,33.724558,Kadoil
DURU NAKLİYE PETROL İNŞAAT GIDA HAYVANCILIK REKLAM SANAYİ VE TİCARET LİMİTED ŞİRKETİ,39.931629,33.954781,Kadoil
RAHMAN PETROL İNŞAAT EMLAKÇILIK OTOMOTİV GIDA SANAYİ TİCARET LİMİTED ŞİRKETİ,39.89159,34.01171,Kadoil
GÖKHAN AKARYAKIT SANAYİ VE TİCARET ANONİM ŞİRKETİ,39.916421,33.432523,Kadoil
AYTUĞ AKARYAKIT İNŞAAT PAZARLAMA NAKLİYAT SANAYİ VE TİCARET LİMİTED ŞİRKETİ,39.839496,33.514767,Kadoil
LVN AKARYAKIT İÇ VE DIŞ TİCARET A.Ş.,39.844969,33.550417,Kadoil
AYDOĞMUŞ PETROL ÜRÜNLERİ TİCARET VE SANAYİ LİMİTED ŞİRKETİ,40.162366,33.722971,Kadoil
BAŞLAR PETROL ÜRÜNLERİ NAKLİYECİLİK VE ZAHİRECİLİK LİMİTED ŞİRKETİ-2,41.72932,27.223838,Kadoil
ŞAHİNLER PETROLCÜLÜK GIDA TARIM ÜRÜNLERİ SANAYİ TİCARET LİMİTED ŞİRKETİ,41.719167,27.214722,Kadoil
EFZA PETROL NAKLİYAT GIDA VE TURİZM LİMİTED ŞİRKETİ,41.349459,27.117825,Kadoil
Pavli Petrol Gıda Tarım Ürünleri Pazarlama Nakliye ve Ticaret Limited Şirketi,41.347566,26.913484,Kadoil
ERŞANLI PETROL İNŞAAT NAKLİYAT SANAYİ VE TİCARET LİMİTED ŞİRKETİ-2,41.600516999999996,27.042034,Kadoil
DOĞUSAN LOJİSTİK AKARYAKIT İNŞAAT SAN. VE TİC. LTD. ŞTİ.,41.348311,27.145998,Kadoil
COŞKUN PETROLCÜLÜK SANAYİ VE TİCARET LİMİTED ŞİRKETİ,41.425658,27.101848,Kadoil
ATA OİL PETROL ÜRÜNLERİ SANAYİ VE TİCARET LİMİTED ŞİRKETİ,41.450309,27.048202,Kadoil
ÖZSU AKARYAKIT LOJİSTİK İNŞAAT TURİZM OTOMOTİV MADENCİLİK LTD.ŞTİ.,41.28684,27.56073,Kadoil
BAŞLAR PETROL ÜRÜNLERİ NAKLİYECİLİK VE ZAHİRECİLİK LİMİTED ŞİRKETİ,41.77708,27.099144,Kadoil
ERŞANLI PETROL İNŞAAT NAKLİYAT SANAYİ VE TİC.LTD.ŞTİ,41.562209,27.00389,Kadoil
AYYILDIZLAR PETROL ÜRÜNLERİ MADENİ YAĞ NAKLİYE İNŞAAT TAAHHÜT GIDA MARKET EMLAK VE OTO ALIM SATIM KOMİSYONCULUĞU SANAYİ VE TİCARET LİMİTED ŞİRKETİ(KIRŞEHİR),38.929214,34.179493,Kadoil
KULE YAPI KENT İNŞAAT İMAR MÜTEAHHİTLİK TAAHHÜT AKARYAKIT LPG VE PETROL ÜRÜNLERİ TARIM VE HAYVANCILIK İÇ VE DIŞ TİCARET SANAYİ VE TİCARET LİMİTED ŞİRKETİ,39.336391,34.162888,Kadoil
COŞAR AKARYAKIT VE İNŞAAT MALZEMELERİ OTOMOTİV SANAYİ VE TİCARET LİMİTED ŞİRKETİ,39.1182,34.1974,Kadoil
AS IRMAK AKARYAKIT NAKLİYE LİMİTED ŞİRKETİ,39.360767,33.745445,Kadoil
ŞAH ASLAN PETROL VE PETROL ÜRÜNLERİ GIDA SANAYİ TİCARET LİMİTED ŞİRKETİ-1,39.187941,34.151328,Kadoil
ŞAH ASLAN PETROL VE PETROL ÜRÜNLERİ GIDA SANAYİ TİCARET LİMİTED ŞİRKETİ 2,39.196239,34.147809,Kadoil
YERKÖY AKARYAKIT TİCARET ANONİM ŞİRKETİ-KIRŞEHİR,39.257022,34.122594,Kadoil
CEMALETTİN AKSOY-AKSOY PETROL,40.7088,29.8973,Kadoil
BURTAÇ PETROL İNŞAAT TURİZM GIDA OTOMOTİV SANAYİ VE TİCARET LİMİTED ŞİRKETİ,40.81319,29.39828,Kadoil
Erbil Akaryakıt Madeni Yağ Pazarlama Nakliyat Gıda Sanayi ve Ticaret Limited Şirketi,40.888005,29.76925,Kadoil
ÖNAY YATIRIM ENERJİ LOJİSTİK DIŞ TİCARET LİMİTED ŞİRKETİ,40.7768,29.7181,Kadoil
ZÜMRA PETROLCÜLÜK İNŞAAT SANAYİ VE TİCARET LİMİTED ŞİRKETİ,40.8621,29.3877,Kadoil
ÇİLEK AKARYAKIT SANAYİ VE TİCARET ANONİM ŞİRKETİ,40.786868,29.533423,Kadoil
BALKANLAR AKARYAKIT ENERJİ İNŞAAT ANONİM ŞİRKETİ,40.796001,29.387301,Kadoil
Bekir Uğur,38.739502,32.494205,Kadoil
OFLAZ PETROL MİMARLIK MÜHENDİSLİK İNŞAAT SANAYİ VE TİCARET LİMİTED ŞİRKETİ,38.208301,32.370601,Kadoil
MANAV PETROL TARIM VE İNŞAAT SANAYİ VE TİCARET LİMİTED ŞİRKETİ,38.6087455,32.5450967,Kadoil
Dere Petrol Tarım ve Motorlu Araçlar Ticaret Limited Şirketi,38.41161,32.88706,Kadoil
S.S. Ereğli Şeker Nakliye Motorlu Taşıyıcılar Kooperatifi,37.54729,34.085082,Kadoil
Bozkırlı Petrol Ürünleri Turizm Nakliyat Otomotiv Emlak Limited Şirketi,37.1907189,33.161523,Kadoil
Yeniceoba Petrol Madencilik Tarım Turizm Nakliye Sanayi Ve Ticaret Limited Şirketi - 1,38.87566,32.772686,Kadoil
TURAN PETROL TESİSLERİ VE TİCARET KOLLEKTİF ŞİRKETİ EROL TURAN VE ORTAKLARI,38.353962,31.852969,Kadoil
Yeniceoba Petrol Madencilik Tarım Turizm Nakliye Sanayi ve Ticaret Limited Şirketi - 2,38.873882,32.778414,Kadoil
Atak Tavukçuluk Ekipmanları Gıda Tarım Nakliyat Petrol Sanayi Ticaret Anonim Şirketi,38.190461,32.450064,Kadoil
Baykara Petrol Ürünleri Limited Şirketi,37.5794904,32.654767,Kadoil
TÖMEKLER PETROL ÜRÜNLERİ NAKLİYE TRAKTÖR VE TARIM ALETLERİ SANAYİ VE TİCARET LİMİTED ŞİRKETİ,38.392905,32.992333,Kadoil
Necati Büyükşahin,38.514812,32.261914,Kadoil
ÖZGÜR PARK AKARYAKIT SANAYİ VE TİCARET LİMİTED ŞİRKETİ,38.297662,31.673433,Kadoil
TÖMEKLER PETROL ÜRÜNLERİ NAKLİYE TRAKTÖR VE TARIM ALETLERİ SANAYİ VE TİCARET LİMİTED ŞİRKETİ-2,38.355681,33.103505,Kadoil
OMTA PETROL TİCARET LİMİTED ŞİRKETİ,38.515347,32.858753,Kadoil
ÖZMPET PETROL NAKLİYAT TARIM ÜRÜNLERİ SANAYİ VE TİCARET LİMİTED ŞİRKETİ,38.8806,32.3355,Kadoil
ÖMEROĞLU AKARYAKIT OTOMOTİV KUYUMCULUK TİCARET VE SANAYİ LİMİTED ŞİRKETİ,39.034301,31.780529,Kadoil
DEREKÖY SÜT ÜRÜNLERİ PETROL GIDA TAŞIMACILIK HAYVANCILIK SANAYİ VE TİCARET LİMİTED ŞİRKETİ,39.192179,29.290756000000002,Kadoil
Eğilmezler Turizm Taşımacılık Ticaret Limited Şirketi(GEDİZ),38.975687,29.388403,Kadoil
EĞİLMEZLER TURİZM TAŞIMACILIK TİCARET LİMİTED ŞİRKETİ (SİMAV),39.093501,28.974112,Kadoil
EĞİLMEZLER TURİZM TAŞIMACILIK TİCARET LİMİTED ŞİRKETİ(ŞAPHANE),39.012013,29.2147,Kadoil
ÇAKIRLAR PETROL ÜRÜNLERİ İNŞAAT TAAHHÜT TURİZM TAŞIMACILIK SANAYİ VE TİCARET LİMİTED ŞİRKETİ,39.576385,29.423006,Kadoil
GÜNEŞ TRAFİK HİZMETLERİ AKARYAKIT NAKLİYAT MADENCİLİK SANAYİ VE TİCARET LİMİTED ŞİRKETİ,39.262636,29.225942,Kadoil
DCK PETROL ÜRÜNLERİ NAKLİYAT İNŞAAT GIDA SANAYİ VE TİCARET LİMİTED ŞİRKETİ,38.975963,29.387809,Kadoil
Berpet Petrol Otomotiv Turizm Gıda İnşaat Ticaret ve Sanayi Limited Şirketi,38.68853,38.361381,Kadoil
Mirpaş Petrol Gıda İnşaat Nakliye Tekstil Turizm Ziraat Sanayi Ve Ticaret Limited Şirketi,38.219429,38.727297,Kadoil
Has İnşaat Ve Petrol Ürünleri Sanayi Ve Ticaret Limited Şirketi,38.069108,37.903336,Kadoil
Abdurrahmanoğulları Petrol Ürünleri İnşaat Gıda Sanayi Ve Ticaret Limited Şirketi,38.556619,27.565683,Kadoil
ÖRGE PETROL ÜRÜNLERİ NAKLİYE İTHALAT İHRACAT OTOMOTİV MÜTEAHHİTLİK TAAHHÜT HAYVANCILIK SANAYİ TİCARET LİMİTED ŞİRKETİ,38.902818,27.836993,Kadoil
HAYDAROĞULLARI PETROL SANAYİ VE TİCARET LİMİTED ŞİRKETİ,38.508806,28.261038,Kadoil
İSA TAŞER,38.790915,28.32582,Kadoil
ŞABAN KARADAŞ,38.753368,28.866185,Kadoil
HAYDAROĞULLARI PETROL SANAYİ VE TİCARET LİMİTED ŞİRKETİ - 3,38.524034,28.382159,Kadoil
PETRA ENERJİ AKARYAKIT SANAYİ TİCARET ANONİM ŞİRKETİ,38.484178,27.810022,Kadoil
İLTERLER PETROL ÜRÜNLERİ DAYANIKLI TÜKETİM MALLARI TURİZM İNŞAAT TEKSTİL NAKLİYAT İTHALAT İHRACAT TEMİZLİK GIDA SANAYİ TİCARET LİMİTED ŞİRKETİ,37.339607,40.816163,Kadoil
Samedoğlu Turizm Hayvancılık Nakliyat Sanayi Ve Ticaret Limited Şirketi,37.15582,40.527535,Kadoil
Fatih Petrol Sanayi Ve Ticaret Limited Şirketi,37.54494,40.881504,Kadoil
Baypet Petrol İnşaat Nakliyat Elektronik Kuyumculuk Gıda İthalat İhracat Sanayi Veticaret Limited Şiketi,37.092696,41.195371,Kadoil
ÖZSARIOĞULLARI PETROL ÖZEL EĞİTİM TARIM NAKLİYE İNŞAAT SANAYİ VE TİCARET LİMİTED ŞİRKETİ,37.193524,40.552753,Kadoil
Öz Sa Petrol İnşaat Nakliyat Sanayi ve Ticaret Limited Şirketi,37.412533,41.342636,Kadoil
Kabala Kayalar Petrol Nakliyat İnşaat Sanayi Ve Ticaret Limited Şirketi,37.339934,40.793177,Kadoil
Şeyhmusoğlu Petrol Tarım Gıda Nak. İnş. San. İç Ve Dış Tic.Ltd.Şti,37.18907165,40.51690673,Kadoil
Hıdır Kalı,37.473495,40.476325,Kadoil
Alpdağ Petrol İnşaat Nakliye Temizlik Gıda Hayvancılık Sanayi Ve Ticaret Limited Şirketi,37.304069,40.763412,Kadoil
Yekta Petrol Nakliyat İnşaat Elektrik Elektronik Lpg Doğalgaz Sanayi Ve Ticaret Limited Şirketi,37.0691,41.2199,Kadoil
CEMİLOĞULLARI ERTAŞ PETROL SANAYİ VE TİCARET LİMİTED ŞİRKETİ,37.17086438,40.55052905,Kadoil
MEZOPOTAMYA OTOMOTİV TURİZM DANIŞMANLIK ORGANİZASYON İNŞAAT GIDA SANAYİ VE TİCARET LİMİTED ŞİRKETİ.,37.273976,40.688856,Kadoil
MESUT TURİSTİK KONAKLAMA TESİSLERİ PETROL TEKSTİL NAKLİYAT SANAYİ VE TİCARET LİMİTED ŞİRKETİ-1,37.088467,41.230669,Kadoil
NECMİ DEMİR İNŞAAT TURİZM VE TİCARET LİMİTED ŞİRKETİ,37.316029,40.754217,Kadoil
UZUNKAYA KUYUMCULUK DERİCİLİK DAYANIKLI TÜKETİM MALLARI TURİZM PETROL SANAYİ VE TİCARET LİMİTED ŞİRKETİ,37.39745694,40.940632,Kadoil
ALTAYLAR PETROL LİMİTED ŞİRKETİ,37.084687,41.258997,Kadoil
Ateşler Petrol Ürünleri Toprak Mahsulleri Lokantacılık Otomotiv Sanayi Ve Ticaret Limited Şirketi,36.935289,34.963883,Kadoil
YUSUF KALKAVAN OĞULLARI DENİZCİLİK YATIRIM SANAYİ VE TİCARET ANONİM ŞİRKETİ,36.969395,35.045415,Kadoil
ATEŞLER PETROL ÜRÜNLERİ TOPRAK MAHSULLERİ LOKANTACILIK OTOMOTİV SANAYİ VE TİCARET LİMİTED ŞİRKETİ,36.97613,34.807337,Kadoil
ATALAY - DEMİRLER PETROL ÜRÜNLERİ İNŞAAT NAKLİYE GIDA TURİZM SANAYİ VE TİC. LTD. ŞTİ.,36.086441,32.858089,Kadoil
HASİN DAĞ - SUNPET PETROL(MUT),36.645874,33.431465,Kadoil
Delil-Pet Petrol Ürünleri Uluslar arası Nakliyat Gıda İnşaat Otomotiv İç Ve Dış Ticaret Limited Şirketi,36.944743,34.930614,Kadoil
Hasin Dağ - Sunpet Petrol,36.870391,34.663322,Kadoil
MVS Petrol Ürünleri Taşımacılık Sanayi Ve Ticaret Limited Şirketi,36.820218,34.630397,Kadoil
CESA AKARYAKIT ÜRÜNLERİ NAKLİYAT İÇ VE DIŞ TİCARET LİMİTED ŞİRKETİ,36.841388,34.710555,Kadoil
DEMİRKOLLAR AKARYAKIT LOJİSTİK GIDA SANAYİ VE TİCARET LTD. ŞTİ.,36.968552,34.948307,Kadoil
HASİN DAĞ,36.704205,33.401232,Kadoil
SELÇUK NAKLİYAT İNŞAAT MALZEMELERİ OTOMOTİV TARIM ÜRÜNLERİ PETROL ÜRÜNLERİ SANAYİ VE TİCARET LİMİTED ŞİRKETİ,37.087456,34.921785,Kadoil
BERKOL PETROL ÜRÜNLERİ TİCARET VE TAA LİMİTED ŞİRKETİ,36.628168,29.138711,Kadoil
SEKİ PETROL İNŞAAT TURİZM SANAYİ VE TİCARET LİMİTED ŞİRKETİ,36.80214,29.644194,Kadoil
AKSU FRİGO AKARYAKIT NAKLİYE ARAÇ KİRALAMA İNŞAAT GAYRİMENKUL SANAYİ VE TİCARET LİMİTED ŞİRKETİ (Milas),37.222739,27.663793,Kadoil
PAÇ AKARYAKIT SANAYİ VE TİCARET ANONİM ŞİRKETİ,36.991,28.6283,Kadoil
USS TURKEY AKARYAKIT TİCARET LİMİTED ŞİRKETİ,37.214676,27.656179,Kadoil
HÜSEYİN AYRANCI AKARYAKIT TAŞIMACILIK HAZIR BETON İNŞAAT SANAYİ VE TİCARET LİMİTED ŞİRKETİ-MUĞLA ŞUBESİ,37.236462,28.297575,Kadoil
Serhatcan Petrol Gıda Telekomünikasyon İnşaat Taahhüt Sanayi ve Dış Ticaret Limited Şirketi,38.780344,41.496273,Kadoil
Süreyya ARSLAN- Arslanlar Petrol,39.097869,42.270606,Kadoil
Saytaş Petrol Ürünleri Turizm Taşımacılık İnşaat Gıda Sanayi Ve Dış Ticaret Limited Şirketi,38.718824,41.61826,Kadoil
Arif Sinop Petrol Ürünleri Tarım Ticaret Ve Sanayi Limited Şirketi,39.008747,34.766323,Kadoil
BİRBİMS İMALAT SANAYİ AKARYAKIT VE NAKLİYE TİCARET LİMİTED ŞİRKETİ,38.552377,34.565852,Kadoil
Peker Petrol Ürünleri ve Taşımacılık Ticaret Limited Şirketi,39.293084,34.719967,Kadoil
ODK PETROL HAYVANCILIK TURİZM ENERJİ İNŞAAT TİCARET VE SANAYİ A.Ş.,38.0323,34.7476,Kadoil
Atagün Otomotiv İnş.Taah. Müteahhitlik Turizm Nak.Petrol ve Orman Ürünl.Toplu Temizlik Özel Güv.İlaçlama Mak.San.İth.İhr.Tic.Ltd.Şti.,41.074821,37.442167,Kadoil
İŞLEMELER TARIM ÜRÜNLERİ PETROL İNŞAAT HAYVANCILIK NAKLİYE TİCARET VE SANAYİ LİMİTED ŞİRKETİ,40.743232,37.310504,Kadoil
AKÇAYLAR AKARYAKIT SANAYİ VE TİCARET LİMİTED ŞİRKETİ,41.07713,37.42402,Kadoil
ŞEN TARIM VE PETROL ÜRÜNLERİ NAKLİYE İNŞAAT SANAYİ VE TİCARET LİMİTED ŞİRKETİ (Çevreyolu Caddesi),37.242099,36.430825,Kadoil
TUFAN TESİSLERİ TURİZM AKARYAKIT İNŞAAT GIDA HAYVANCILIK NAKLİYAT YATIRIM TAAHHÜT SANAYİ VE TİCARET LİMİTED ŞİRKETİ-KUZEY,37.092801,36.208801,Kadoil
ŞEN TARIM VE PETROL ÜRÜNLERİ NAKLİYE İNŞAAT SANAYİ VE TİCARET LİMİTED ŞİRKETİ (Refik Cesur Bulvarı),37.236705,36.449605,Kadoil
TUFAN TESİSLERİ TURİZM AKARYAKIT İNŞAAT GIDA HAYVANCILIK NAKLİYAT YATIRIM TAAHHÜT SANAYİ VE TİCARET LİMİTED ŞİRKETİ- GÜNEY,37.09059,36.20679,Kadoil
OSMANİYE GÜLERYÜZ PETROL ÜRÜNLERİ SANAYİ VE TİCARET LİMİTED ŞİRKETİ,37.166495,36.397706,Kadoil
MEHMETLER PETROL ÜRÜNLERİ NAKLİYAT MARKETÇİLİK VE PAZARLAMA TURİZM İNŞAAT TİCARET LİMİTED ŞİRKETİ,37.092995,36.286797,Kadoil
SARUHAN ERDİNE,37.076533,36.233425,Kadoil
AKYAZI PETROL ÜRÜNLERİ GIDA TAŞIMACILIK TURİZM MAD. TİCARET SANAYİ LİMİTED ŞİRKETİ,40.6792,30.5804,Kadoil
NURSAV TARIM VE GIDA MADDELERİ PETROL ÜRÜNLERİ TAŞIMACILIK HİZMETLERİ TAAHÜT TİCARET VE SANAYİ LİMİTED ŞİRKETİ,41.021883,30.295104,Kadoil
BEŞKÖPRÜ YILDIZ PETROL GIDA MADDELERİ TEMİZLİK OTOMOTİV TAŞIMACILIK TİCARET VE SANAYİ LİMİTED ŞİRKETİ,40.7347,30.366,Kadoil
ARV Petrol Madeni Yağlar İnsaat Sanayi ve Ticaret Limited Şirketi,40.497833,30.093315,Kadoil
HBS ENDÜSTRİ VE TİCARET LİMİTED ŞİRKETİ,40.713892,30.350535,Kadoil
BAŞKENT VİZYON AKARYAKIT LİMİTED ŞİRKETİ,40.510086,30.198112,Kadoil
BAŞKENT VİZYON AKARYAKIT LİMİTED ŞİRKETİ - PAMUKOVA 2,40.515251,30.112822,Kadoil
MURAT PETROL NAKLİYE VE HAFRİYAT TİCARET LİMİTED ŞİRKETİ,41.434,36.144,Kadoil
ATİKLER PETROL NAKLİYAT İNŞAAT TURİZM TARIM VE HAYVAN ÜRÜNLERİ GIDA İMALAT İTHALAT İHRACAT KURUTMA DEPOLAMA SANAYİ VE TİCARET LİMİTED ŞİRKETİ,41.4948,36.0872,Kadoil
Hilmi Bayrak Petrolcülük İç Ve Dış Ticaret Limited Şirketi,41.557788,35.904828,Kadoil
ÖZ KANDAZOĞLU TİCARET LİMİTED ŞİRKETİ(Samsun),41.468371,36.107306,Kadoil
AKÇAYLAR AKARYAKIT SANAYİ VE TİCARET LİMİTED ŞİRKETİ,41.146918,37.133874,Kadoil
MŞ PETROLCÜLÜK TİCARET LİMİTED ŞİRKETİ,41.416191,36.171313,Kadoil
SNN NAKLİYAT AKARYAKIT TİCARET LİMİTED ŞİRKETİ,41.442268,36.135639,Kadoil
BORDO PETROL İNŞAAT MADENCİLİK SANAYİ VE TİCARET LİMİTED ŞİRKETİ-SAMSUN,41.2046,36.7177,Kadoil
LVN AKARYAKIT İÇ VE DIŞ TİCARET ANONİM ŞİRKETİ(Zeynettin Cd),41.199926,36.476983,Kadoil
ALTUNDAL İNŞAAT MÜHENDİSLİK PETROL TURİZM TARIM ÜRÜNLERİ SANAYİ VE TİCARET LİMİTED ŞİRKETİ,37.13767,38.823756,Kadoil
Çakır Kardeşler Petrol İnşaat Gıda Turizm Sanayi Ve Ticaret Limited Şirketi,36.824461,39.333952,Kadoil
Naif Aygün,36.891381,39.086813,Kadoil
Özkılıçlar İnşaat Sanayi ve Ticaret Limited Şirketi,37.028117,38.442119,Kadoil
Turğut Kardeşler Petrol Tarım Tekstil Nakliyat Gıda Turizm Sanayi Ve Ticaret Limited Şirketi,37.228141,39.728533,Kadoil
Beşer Petrol Tarım Gıda İnşaat Nakliyat Sanayi ve Ticaret Limited Şirketi,37.237848,39.771284,Kadoil
Çınarlı Nakliyat İnşaat Sanayi Ve Ticaret Limited Şirketi,37.276041,38.729642,Kadoil
Seyidoğlu Petrol İnşaat Tarım Taşımacılık Nakliye Gıda Sanayi Ve Ticaret Limited Şirketi,36.9418659,40.1003191,Kadoil
Selim Sabaz Petrol Ürünleri Nakliyat Sanayi ve Ticaret Limited Şirketi,37.241192,39.746998,Kadoil
SELİM SABAZ PETROL ÜRÜNLERİ NAKLİYAT SANAYİ VE TİCARET LİMİTED ŞİRKETİ,37.260833,39.769444,Kadoil
REMPET OTOMOTİV AKARYAKIT İNŞAAT SANAYİ VE TİCARET LİMİTED ŞİRKETİ,37.280048,38.729915,Kadoil
ÇERKEZOĞLU LOJİSTİK TARIM PETROL İNŞAAT SANAYİ TİCARET LİMİTED ŞİRKETİ,37.221213,39.768004,Kadoil
Aknur Tarım Nakliyat Tekstil İnşaat Turizm Sanayi Ticaret Limited Şirketi,37.120972,39.74423,Kadoil
ÇETİNDAĞ TEKSTİL SANAYİ TİCARET LTD.ŞTİ.,37.008765,38.891336,Kadoil
YILMAZ KARDEŞLER GRUP İNŞAAT İTHALAT İHRACAT VE SANAYİ TİCARET LİMİTED ŞİRKETİ,37.2323,37.94323,Kadoil
İZGÜL PETROL İNŞAAT İTHALAT İHRACAT SANAYİ VE TİCARET LİMİTED ŞİRKETİ,37.216741,39.577055,Kadoil
Kılıççıoğlu İthalat İhracat Kuyumculuk Tarım Ve Dahili Ticaret Limited Şirketi,37.9289,41.702529,Kadoil
ÖZPOLAT PETROL GIDA TAŞIMACILIK İNŞAAT TARIM HAYVANCILIK SANAYI VE TİCARET LİMİTED ŞİRKETİ,37.99225,41.671509,Kadoil
Sosuncu İnşaat Nakliye Tarım Petrol Enerji Madencilik Sanayi Ticaret Limited Şirketi,38.005338,41.77537,Kadoil
EYÜP PETROL ÜRÜNLERİ TURİZM NAKLİYE GIDA İNŞAAT SANAYİ VE TİCARET LİMİTED ŞİRKETİ,38.130168,41.721035,Kadoil
UĞUR GROUP İNŞAAT ENERJİ GIDA SANAYİ TİCARET LİMİTED ŞİRKETİ,37.9143,41.9324,Kadoil
Doğu Sanayi ve Pazarlama Dış Ticaret Limited Şirketi,37.24769,42.467481,Kadoil
Abdulkadir Satıcı İnşaat Nakliyat ve Dış Tic. Ltd. Şti.,37.332149,42.197233,Kadoil
Saner Petrol Ürünleri Gıda Nakliyat İnşaat Tekstil Sanayi ve Ticaret Limited Şirketi,37.47541,41.907704,Kadoil
Çettin Ayan / Ayanlar Petrol,37.248949,42.410201,Kadoil
Doğuşsan Petrol İnşaat Nakliyat Gıda Madencilik Sanayi Ve Dış Ticaret Limited Şirketi,37.517442,42.462082,Kadoil
YILDIRIM ULUSLAR ARASI TAŞIMACILIK PETROL TARIM EĞİTİM HİZMETLERİ GIDA SANAYİ VE DIŞ TİCARET LİMİTED ŞİRKETİ,37.26838,42.35426,Kadoil
MERMET PETROL MADENCİLİK HAZIR BETON İNŞAAT NAKLİYAT TAŞIMACILIK TURİZM VE OTELCİLİK İTHALAT İHRACAT SANAYİ İÇ VE DIŞ TİCARET LİMİTED ŞİRKETİ,37.461617,42.704608,Kadoil
AKGÜN GROUP PETROL LOJİSTİK TURİZM KUYUMCULUK İLETİŞİM ULUSLARARASI YOLCU VE YÜK TAŞIMACILIĞI SANAYİ VE TİCARET LİMİTED ŞİRKETİ,37.329768,42.187431,Kadoil
CİZRE PETROL ÜRÜNLERİ TAŞIMACILIK GIDA İNŞAAT İÇ VE DIŞ TİCARET LİMİTED ŞİRKETİ,37.319638,42.186729,Kadoil
ÖMEROĞLU PETROLCÜLÜK NAKLİYAT İÇ VE DIŞ TİCARET LİMİTED ŞİRKETİ,37.3104,42.191,Kadoil
ÖZ ONUR PETROL NAKLİYAT İNŞAAT TARIM GIDA SANAYİ VE TİCARET LİMİTED ŞİRKETİ,37.354244,42.093266,Kadoil
DEMOİL PETROL ENERJİ İNŞAAT MADENCİLİK GIDA NAKLİYAT İTHALAT İHRACAT SANAYİ VE TİCARET LİMİTED ŞİRKETİ,37.470657,42.321475,Kadoil
İMAMOĞLU YALÇINLAR GIDA İNŞAAT PETROL TAŞIMACILIK TEMİZLİK HİZMETLERİ SANAYİ VE DIŞ TİCARET LİMİTED ŞİRKETİ,37.569635,43.158382,Kadoil
TOPÇULAR PETROL AKARYAKIT PERAKENDE GIDA TİCARET VE SANAYİ LİMİTED ŞİRKETİ,39.78112,36.737225,Kadoil
SAHRA GRUP AKARYAKIT İNŞAAT MAKİNA MADEN TURİZM NAKLİYAT OTEL LOKANTA MÜTEAHHİTLİK İTHALAT İHRACAT SANAYİ VE TİCARET LİMİTED ŞİRKETİ,39.722905,36.917005,Kadoil
AKSOY PETROL ÜRÜNLERİ PAZARLAMA VE TİCARET LİMİTED ŞİRKETİ,41.435391,27.898922,Kadoil
AHMET KOCAAĞALAR,41.002132,27.478416,Kadoil
YURT KESİM PETROL İNŞAAT SANAYİ TİCARET LİMİTED ŞİRKETİ,41.2792,27.9841,Kadoil
Cebeci Petrol Turizm ve Ticaret Limited Şirketi,41.275785,27.988677,Kadoil
Rüya Yamanoğlu,41.017409,26.945778,Kadoil
Muhsin Sezgin,41.386362,27.621068,Kadoil
Muhsin Sezgin,41.302497,27.7820855,Kadoil
FRT AKARYAKIT NAKLİYAT TİCARET LİMİTED ŞİRKETİ,41.262497,27.659895,Kadoil
TÜRKOĞLU GLOBAL ENERJİ SANAYİ VE TİCARET LİMİTED ŞİRKETİ,40.861665,26.820407,Kadoil
TÜRKOĞLU GLOBAL ENERJİ SANAYİ VE TİCARET LİMİTED ŞİRKETİ - MURATLI,41.211771,27.524661,Kadoil
NİZAM PETROL NAKLİYAT SANAYİ VE TİCARET LTD.ŞTİ.,40.371447,36.0977902,Kadoil
Müşüroğlu Ballıca Petrol Ürünleri Nakliye Gıda Tarım Ürünleri İnşaat Taahhüt Ticaret ve Sanayi Limited Şirketi,40.286558,36.304182,Kadoil
Tok-Tar Tarım Otomotiv Petrol İnşaat Turizm Sanayi ve Ticaret Limited Şirketi,40.381944,36.670277,Kadoil
OSMAN AY - CEMALETTİN AY,40.268092,36.181987,Kadoil
ALİ BEYAZ,40.2897,35.8664,Kadoil
Dilekler Akaryakıt Nakliye Ticaret Limited Şirketi,40.401015,36.097025,Kadoil
ALİ EKER ZAHİRECİLİK AKARYAKIT NAKLİYE SANAYİ TİCARET LİMİTED ŞİRKETİ,40.400133,36.097192,Kadoil
EVA PETROL İNŞAAT NAKLİYE MAKİNE SANAYİ VE TİCARET ANONİM ŞİRKETİ,40.0297,36.0239,Kadoil
SAMET USLU,40.293846,36.344105,Kadoil
EKERLER ZAHİRECİLİK AKARYAKIT NAKLİYE VE OTO SANAYİ VE TİCARET LTD. ŞTİ.,40.31074,36.286906,Kadoil
ERDEM KILIÇ PETROL MADEN NAKLİYE SANAYİ VE TİCARET LİMİTED ŞİRKETİ,40.317,36.3146,Kadoil
SINIRLI SORUMLU TURHAL PANCAR EKİCİLERİ KOOPERATİFİ,40.386505,36.078774,Kadoil
AYHAN AKDOĞAN (GOP MAH.),39.995475,36.090901,Kadoil
İÇTENLER PETROL KUYUM. TEKS. ZAHİ.İNŞ. SAN. VE TİC. LTD.ŞTİ. (100. Yıl Mahallesi),40.011021,36.225234,Kadoil
İÇTENLER PETROL  KUYUM. TEKS. ZAHİ.İNŞ. SAN. VE TİC. LTD.ŞTİ. (Gop Mahallesi),40.007913,36.203234,Kadoil
BÜNYAMİN AYDIN,39.996,36.0883,Kadoil
AKDOĞANLAR PETROL NAKLİYE TURİZM GIDA İNŞAAT OTOMOTİV TARIM HAYVANCILIK TİCARET LİMİTED ŞİRKETİ,39.979068,36.058953,Kadoil
Selvi Petrol Nakliyat İnşaat Turizm Ticaret Limited Şirketi,40.972191,39.747909,Kadoil
SARAÇ PETROL ÜRÜNLERİ NAKLİYAT İNŞAAT TAAHHÜT TURİZM SERVİS YEMEK VE TEMİZLİK HİZMETLERİ TİCARET LİMİTED ŞİRKETİ,40.997521,39.641716,Kadoil
Cengiz KAPLAN,39.09676,39.229994,Kadoil
Tahir Baykal,38.388659,28.968314,Kadoil
Tahir Baykal - Üyükbaşı,38.42825,29.2923,Kadoil
Tahir Baykal - Köseler,38.480178,29.317474,Kadoil
Selim Yıldız,38.617674,28.889619,Kadoil
YUNUS EMRE PETROL ÜRÜNLERİ İNŞAAT HAYVANCILIK GIDA MADENCİLİK NAKLİYE İTHALAT İHRACAT SANAYİ VE TİCARET LİMİTED ŞİRKETİ,38.502049,29.677382,Kadoil
KAYGISIZLAR AKARYAKIT NAKLİYAT İNŞAAT MALZEMELERİ SANAYİ VE TİCARET LİMİTED ŞİRKETİ,38.4604,29.5893,Kadoil
KAYGISIZLAR AKARYAKIT NAKLİYAT İNŞAAT MALZEMELERİ SANAYİ VE TİCARET LİMİTED ŞİRKETİ,38.461711,29.694302,Kadoil
HALİM KOÇ PETROL MÜTEAHHİTLİK ZAHİRECİLİK TİCARET VE SANAYİ LİMİTED ŞİRKETİ,38.755983,29.747655,Kadoil
Gonca Petrol İnşaat Taahhüt Sanayi Ticaret Limited Şirketi,39.016805,43.332805,Kadoil
Delibaşlar Petrol Ürünleri Ticaret Ve Sanayi Limited Şirketi,39.027962,43.35721,Kadoil
Zenginler Petrol Ürünleri İnşaat Madencilik Tarım Hayvancılık Taşımacılık Gıda Otomotiv İthalat İhracat Ticaret San.Ltd.Şti.,39.032399,43.366432,Kadoil
DOĞAN BİRKAN PETROL GIDA NAKLİYE MADENCİLİK SANAYİ VE TİCARET LİMİTED ŞİRKETİ,39.133076,43.899914,Kadoil
DURMUŞ KARDEŞLER İNŞAAT TURİZM İTHALAT İHRACAT SANAYİ TİCARET LİMİTED ŞİRKETİ,38.962876,43.628302,Kadoil
DORUKLAR 1 PETROL ÜRÜNLERİ İNŞAAT GIDA MADENCİLİK SANAYİ VE TİCARET LİMİTED ŞİRKETİ,38.369757,43.187857,Kadoil
ĞARBİ AYHAN - MİRHASAN PETROL,38.095265,42.809015,Kadoil
ÇAVUŞTEPE TAŞIMACILIK PETROL İNŞAAT OTOMOTİV GIDA VE İTHALAT İHRACAT SANAYİ TİCARET LİMİTED ŞİRKETİ,38.348001,43.440832,Kadoil
DOĞUPARK AKARYAKIT TESİSLERİ ANONİM ŞİRKETİ,39.02865,43.32987,Kadoil
VANKUL AKARYAKIT İNŞAAT HAYVANCILIK TEMİZLİK GIDA İTHALAT SANAYİ VE TİCARET LİMİTED ŞİRKETİ,38.321631,42.966731,Kadoil
BY GLOBAL PETROL TAŞIMACILIK SANAYİ TİCARET LİMİTED ŞİRKETİ - 1,38.330472,43.412461,Kadoil
MEHMET ADEMİ,39.0432,43.3504,Kadoil
UĞUR PETROL ÜRÜNLERİ VE NAKLİYECİLİK TİCARET LİMİTED ŞİRKETİ,39.816968,34.788119,Kadoil
NEŞELİ OTOMOTİV PETROL İNŞAAT TARIM HAYVANCILIK NAKLİYE TİCARET VE SANAYİ LİMİTED ŞİRKETİ,39.8124,35.1516,Kadoil
SINIRLI SORUMLU BOĞAZLIYAN KARAYOLU YÜK TAŞIMA KOOPERATİFİ,39.174106,35.233292,Kadoil
ÖCALLAR İNŞAAT NAKLİYE PETROL TURİZM GIDA TARIM HAYVAN VE YAKIT ÜRÜNLERİ SANAYİ TİCARET LİMİTED ŞİRKETİ,39.6732,35.5134,Kadoil
MUSTAFA SAKALLI VE YUSUF SAKALLI (Sakallı Petrol),39.500958,34.758835,Kadoil
TURUDU DURU PETROL TARIM ÜRÜNLERİ VE HAYVANCILIK İNŞAAT MOBİLYA OTOMOTİV TURİZM NAKLİYE ZİRAİ ALET LOKANTA SANAYİ VE TİCARET LİMİTED ŞİRKETİ,39.210232,35.238314,Kadoil
YERKÖY AKARYAKIT TİCARET ANONİM ŞİRKETİ-YOZGAT,39.687505,34.645875,Kadoil
HAFIZOĞULLARI AKARYAKIT ÜRÜNLERİ HAYVANCILIK SANAYİ VE TİCARET LİMİTED ŞİRKETİ,39.65535,35.826683,Kadoil
ŞİMŞEKLER AKARYAKIT ÜRÜNLERİ TARIM VE HAYVANCILIK İNŞAAT TAAHHÜT SANAYİ VE TİCARET LİMİTED ŞİRKETİ,39.9882,35.7868,Kadoil
SÜHEYLA KARA,39.9938,35.7917,Kadoil
YUSUF KAYA - KAYA PETROL,39.637663,34.467275,Kadoil
SINIRLI SORUMLU YERKÖY KARAYOLU YÜK TAŞIMA KOOPERATİFİ,39.639739,34.469539,Kadoil
Çetinler Manifatura ve Tuhafiye İnş.Malz.Gıda Mad.Day.Tük.Mal.Demir Çelik San.ve Nak.Petrol San.Tic.Ltd.Şti.,41.202736,31.604599,Kadoil
ALAPLI ALPER PETROL ÜRÜNLERİ GIDA İNŞAAT TURİZM EMLAK OTOMOTİV NAKLİYAT SANAYİ TİCARET LİMİTED ŞİRKETİ,41.1748,31.3918,Kadoil
SABANCI AKARYAKIT SANAYİ TİCARET LİMİTED ŞİRKETİ,41.243129,31.991378,Kadoil
KALAYOĞLU PETROL ÜRÜNLERİ KUY.  NAK.TUR.İNŞ. SAN. VE TİC. LTD,40.773740000000004,32.04025,Opet
GÖREN PETROL TESİSLERİ SANAYİ LİMİTED ŞİRKETİ,40.19721,29.1732,Opet
HURİYE GÖK,40.41909,29.71669,Opet
ASIM VE İKİZOĞULLARI PET.ÜRÜN. GIDA İNŞ.SA.TİC.LTD.ŞTİ.,41.008389,29.216246,Opet
ÖZTÜRKLER TARIM VE PETROL ÜRÜNLERİ TİCARET LİMİTED ŞİRKE,40.77715,29.71228,Opet
ESA PETROL VE NAK.TAH. LTD.ŞTİ.,40.75721,29.80357,Opet
DEMİRTAŞ AKARYAKIT DAĞITIM TUR VE TİCARET LİMİTED ŞİRKETİ,40.786508,29.42388,Opet
İNCİ PETROL ÜR.P.TİC. SAN.LTD.ŞTİ.,40.7815,30.6794,Opet
ÖZEN PETROL PETROL ÜRÜNLERİ SANAYİ VE TİCARET LİMİTED ŞTİ.,40.68871,30.24358,Opet
KARABULUT PET. VE OTO. ÜR.TAŞ. İNŞ.TAAH. SAN VE TİC LTD.ŞTİ.,39.567017,27.039883,Opet
CAN PETROL NAKLİYE OTO.İŞL.MAD YAĞ.VE TAAH.SAN.TİC.LTD.ŞTİ.,39.619049,27.569866,Opet
URASLAR AKR.İNŞ.MALZ.TAR.ÜRÜN. YAK.MAD.OTOM.YEDEK PARÇ.PAZ.VE,39.401467,28.1218,Opet
GENİŞ PET.ÜR.İNŞ.TAAH. NAK.SANAYİ VE TİCARET LTD.ŞTİ,39.4984,26.9663,Opet
SEDAT İLGİ PETROL TURZ.İNŞ. SAN.TİC.LTD.ŞTİ,38.23841,27.28064,Opet
AKINTÜRK PET. VE PET. ÜRÜN. NA TUR. SAN. VE TİC. LTD. ŞTİ.,38.44402,27.18395,Opet
BAŞPET PETROL TURİZM GIDA TAR. SANAYİ VE TİCARET ANONİM ŞİRKE,37.7879,29.0877,Opet
DURLANIK PETROL ÜRN.TİC. LTD.ŞTİ.,40.9064,33.6479,Opet
SEZGİNLER PETROL ÜRN. NAK. VE TİC. LTD. ŞTİ.,40.09613,34.1309,Opet
GÖKÇE PET.TİC. VE SAN. KOLL.ŞT ADNAN ÇOŞKUN,39.18934,34.15162,Opet
ALTIPARMAKLAR PETROL SAN.VE Tİ LİMİTED ŞİRKETİ,39.16142,34.15935,Opet
EMİN GÖLBAŞI PETROL TARIM HAYVANCILIK SANAYİ VE TİCARET,39.366005,36.425289,Opet
COŞARLAR TARIM ÜRÜN.MOBİLYA TEMİZLİK SAN.VE TİC.LTD.ŞTİ,39.17656,35.23541,Opet
TOPALOĞLU PET. TAR. SAN.TİC.LTD.ŞTİ.,37.26115,35.6672,Opet
MERYEM YEŞİL,37.04666,35.28228,Opet
SARILAR ZİRAAT SEYA.OTOM.PET.T NAK.İNŞ.VE.İNŞ.MLZ.SAN.VETİC.L,36.68964,34.43094,Opet
MARİNA ENERJİ LİMİTED ŞİRKETİ,36.77524,34.5702,Opet
AYDIN PETROL ÜRN.PAZ. İNŞ. SAN TİC.LTD.ŞTİ.,38.69477,35.5416,Opet
AVCAN GIDA  VE PET.ÜRNL.PAZ. TİC.SAN.LTD.ŞTİ.,37.82863,32.49906,Opet
BİBERCİ İNŞ.NAK.PET. SAN.TİC.LTD. ŞTİ.,37.87465,32.47841,Opet
DEMİRCİLER PET. ZIR. ALET. SUL SAN. VE TİC. LTD. ŞTİ.,37.57331,32.76431,Opet
ABDULLAH HASIRCI,37.30337,36.79309,Opet
İBRAHİM KARAŞAHİN GALERİ OPET,38.58465,34.66488,Opet
ALAADDİN ÇATALTAŞ OTO. TİC.VE SAN.A.Ş.,37.16154,38.85907,Opet
KOÇ TAAHHÜT PETROL İTH. İHR. SAN. TİC. LTD. ŞTİ.,37.22077,38.79643,Opet
POLAT AKARYAKIT TRZ.OTO.GİY. SAN.VE TİC.AŞ,37.16369,38.80505,Opet
EREN PETROL TİC.  LTD.ŞTİ.,38.2888,34.31843,Opet
YURTSEVER PETROL ÜRN. DİN.TES. SAN VE TİC. LTD.ŞTİ.,37.18671,33.17928,Opet
DAĞCI NAK. İNŞ.TUR. HAY. VE PET. ÜRN. TİC. LTD. ŞTİ.,38.66972,39.18525,Opet
LATİF BAŞKAL AKY.TİC.VE SAN. A.Ş.,38.74329,35.54314,Opet
HUNT GROUP SİLAH OTOMOTİV SANAYİ VE TİCARET LİMİTED ŞİRK,37.90073,31.91122,Opet
İSLAH PTR.ÜRN.VETUR.İNŞ.TİC. LTD.ŞTİ.,41.20502,28.728184,Opet
MAVİKENT PET. ÜRN. LTD. ŞTİ.,39.28503,34.11409,Opet
KUYUBAŞI AKR.TUR.İNŞ.SAN.VE TİC.LTD.ŞTİ,37.14234,38.79827,Opet
KIDIK PETROL TİC. LTD. ŞTİ.,37.08677,36.25122,Opet
ÇAVDAROĞLU MOT. ARÇ. VE AKRY. SAN. TİC. LTD. ŞTİ.,38.28002,29.72369,Opet
HMK AKARYAKIT TURİZM TİCARET L ŞİRKETİ,37.943056,27.366389,Opet
HIZIR PETROL VE TARIM ÜRÜNLERİ GIDA NAKLİYE SANAYİ VE,38.75341,35.3391,Opet
ÖZTÜRKLER (ZİYARETTEPE-K)PET.S TİC.A.Ş.,36.94791,34.79288,Opet
BAŞARI AKARYAKIT NAKLİYE OTOMO İNŞAAT TAAHHÜT HAYVANCILIK GID,38.50631,27.04957,Opet
BAŞARI AKRY. NAKLİYE OTO.İNŞ.T HAYV. GIDA TUR. SAN. TİC. LTD.,38.59095,27.07433,Opet
AS PRESTİJ İNŞ.OTO.KOM.TURZ.SE ACEN.YAK.KONF.GIDA VE DAY.TÜK.,39.598133,26.9791,Opet
ÜNLÜLER PETROL İNŞ.KER.NAK.TİC SAN.LTD.ŞTİ.,41.41821,33.7778,Opet
İNPET OTOMOTİV PET.İNŞ. SAN.VE TİC.AŞ.,40.21141,28.97474,Opet
OZT PETROL ÜRÜNLERİ TAŞIMACILI KİRALAMA  LATİK TARIM ÜRÜN.,37.05179,35.8107,Opet
ŞAHİNTAŞ PET.OTO.SAN.VE TİC.AŞ,37.08263,37.42029,Opet
EBED İTH.İHR.VE PETROL ÜRN.TİC LTD.ŞTİ.,37.11981,37.39539,Opet
S.S. ÇORLU KOORDİNE SANAYİ SİT İŞLETME KOOPERATİFİ,41.150935,27.837963,Opet
KEMALETTİN ÖZTÜRK KONFEKSİYON AKARYAKIT PETROL GIDA VE PAZAR,40.63156,30.63619,Opet
İSTANBUL ENERJİ SANAYİ VE TİCARET A.Ş,41.003748,28.950078,Opet
NAMIK KEMAL YAY-PET TUR.OTOM.S TİC.LTD.ŞTİ.,40.946909,27.444339,Opet
MOBİPA MOBİLYA TEKS.İNŞ.NAK. P ÜRN.SÜPER MARK. VE TUR.SAN.TİC,40.0944,29.48564,Opet
ESENKENT PET.ÜRN.PAZ.TUR.İNŞ.S VE TİC.LTD.ŞTİ.,41.055227,28.671743,Opet
ŞAHUTOĞLU PET. OTO. İNŞ. NAK. GIDA TEKS. SAN. VE TİC. LTD. Ş,36.80341,34.60164,Opet
KÖMÜRLER ULUS.NAK.TİC.LTD.ŞTİ.,37.17853,36.73691,Opet
HÜR-PET PETROL ÜRÜN. SAN.VE TİC.LTD.ŞTİ.,38.2747,26.83794,Opet
ÖZYÖN PETROL ÜRÜNLERİ TİCARET ANONİM ŞİRKETİ,39.95219,32.79674,Opet
YELTEKİNLER PET.ÜRN.ELKTR.GIDA NAK.İTH.İHR.SAN.TİC.LTD.ŞTİ,38.52353,42.26971,Opet
ÇİNALLAR DAYANIKLI TÜKETİM MAL VE PETROL ÜRÜNLERİ ISITMA SİST,40.396233,27.841383,Opet
ÜÇ KARDEŞLER İNŞ. PET. ÜRÜN. S VE TİC. LTD. ŞTİ.,40.96815,29.25299,Opet
KARAKAŞLAR TRAKTÖR ANONİM ŞİRK,40.97065,34.85185,Opet
BAHRİ YANMAZ TAŞ.İNŞ.AKAR.NAKİ ARÇ.VE.OTO.PAZ.VE.TİC.LTD.ŞTİ,39.785933,26.3424,Opet
UTŞ GIDA İNŞ.TEKS.PET. VE AMBALAJ SANAYİ TİCARET LTD. ŞT,36.90932,34.88741,Opet
DALYAN PETROL AKARYAKIT TİC.SA TURZ.LTD.STİ,36.78801,28.83367,Opet
HESAPÇIOĞLU(GÜRSU)OTO PET.TUR. TAŞ.İNŞ.TAR.HAY.TİC.SAN.VE PAZ,36.86365,30.63177,Opet
AKDEMİR TURİZM PETROL ÜRÜN.TAŞ KUY.SAN.VE TİC. LTD.ŞTİ.,36.97956,37.46094,Opet
BOYTRANS LOJİSTİK HİZMETLERİ VE TİC. A.Ş.,38.70164,35.3782,Opet
BEHÇET GÜRE GÜRE PETROL,38.42933,27.18189,Opet
EMAR İNŞ. EĞT. MARK. PET. NAK. VE TİC. A.Ş.,37.89792,32.47143,Opet
MUSTAFA EROĞLU,37.56936,38.93891,Opet
KARDEŞLER PET. ÜRÜN. VE TURZ.,38.51598,43.371737,Opet
KARTALKAYA İNŞ. RENT A CAR SAN TİC.LTD.ŞTİ.,41.069878,28.292562,Opet
ESKİŞEHİR PETROL GIDA OTOM. SAN. VE TİC. A.Ş.,39.7905,30.480367,Opet
AKPA DAYANIKLI TÜKETİM LPG VE AKRY.ÜRN. PAZ. A.Ş.,39.746067,30.451417,Opet
ERDEMLİ BELEDİYESİ AKARYAKIT İ VE MARKET İŞLETMESİ,36.53405,34.22581,Opet
KIRÇİÇEĞİ TİC.TURZ.PETROL LTD.ŞTİ.,36.79225,31.41211,Opet
ÖZTÜRKLER (KARADUVAR) PET. SAN TİC. A.Ş.,36.8285,34.6836,Opet
KARAMANOĞULLARI TARIM İNŞ. PET ÜRÜN. SAN. VE TİC. LTD. ŞTİ.,40.70835,29.89461,Opet
DOĞANCAN AKAR.İNŞ.GIDA TİC. VE LTD.ŞTİ.,39.96361,32.65263,Opet
BEREKET PETROL TARIM TİC. VE SAN.A.Ş,37.9004,32.46724,Opet
YENİPINAR PET. OTO. TURZ. NAK. TİC. VE SAN. LTD. ŞTİ.,37.55728,36.92246,Opet
ÇAĞDAŞ PETROL ÜRÜNLERİ PAZARLA SAN.VE.TİC.LTD.ŞTİ,41.064912,28.671665,Opet
AYDOĞDU PET. TURZ. İNŞ. TAAH. VE SAN. LTD. ŞTİ.,36.75268,34.53503,Opet
TEKNOPET PET.ÜRN.GID.TURZ.NAK. SAN.VE.TİC.LTD.ŞTİ,38.75692,26.95571,Opet
ÖZALTAYLAR TEKS.TAR.PET.OTOM.İ TUR.SAN. TİC.A.Ş.,37.83805,40.61134,Opet
ÖZ-PET ÖZDEMİRLER PETROL ÜRN. TURZ.İNŞ.NAK.SAN.VE.TİC.LTD.ŞT,40.15605,26.4587,Opet
TAŞKIRANLAR PET. NAK. GIDA SAN. VE TİC. LTD. ŞTİ.,37.62563,34.2832,Opet
DİNÇ PET. İNŞ.NAK.TAAH.SAN. VE LTD.ŞTİ.,37.23028,36.89357,Opet
ORSA PETROL ÜRÜNLERİ SAN.VE TİC.LTD.ŞTİ,41.223003,28.455297,Opet
SEYMENOĞLU AKARYAKIT SANAYİ Tİ LİMİTED ŞİRKETİ,40.796111,30.742804,Opet
SAKARYA İNCİ PETROL TİCARET VE SANAYİ LİMİTED ŞİRKETİ,40.73426,30.36884,Opet
BAŞARI AKRY. NAKLİYE OTO.İNŞ.T HAYV. GIDA TUR. SAN. TİC. LTD.,38.477907,27.095875,Opet
İSTANBUL ENERJİ SANAYİ VE TİCARET ANONİM ŞİRKETİ,41.008361,29.022979,Opet
YERLİYURT PET.PAZ.TİC. VE SAN. LTD.ŞTİ.,39.72618,36.97,Opet
ARAT PETROL ÜRÜNLERİ VE TAŞIMACILIK TİC.LTD.ŞTİ,37.83978,29.13494,Opet
AKAR PETROL ÜRÜNLERİ SAN.VE.Tİ LTD.ŞTİ,41.002406,28.787645,Opet
TAŞELİ AKARYAKIT İNŞAAT NAKLİY GIDA TURİZM TİCARET VE,36.62268,33.44328,Opet
POLİMERNET PLASTİK SANAYİ VE TİCARET LİMİTED ŞİRKETİ,40.91031,29.21135,Opet
BABA PETROL ÜRN.TİC.PAZ.TUR. SEY. GIDA VE İNŞ.LTD.ŞTİ.,37.00919,30.3087,Opet
İPEK PETROL ÜRÜN.PAZ.NAKL.TUR. SAN. VE TİCLTD.ŞTİ,36.981700000000004,35.43575,Opet
FİKRET PETROL ÜRÜNLERİ PAZARLAMA SAN.VE.TİC.AŞ.,39.93593,32.7128,Opet
HORATA  AKARY. OTO. GIDA TURZ. VE SAN. LTD.ŞTİ,38.3363,38.23882,Opet
NE-KA YAPI İNŞ. PTR.ÜRN.TİC.VE SAN.AŞ.,37.87283,32.47925,Opet
KURANOĞLU PETROL TURİZM SAN.VE TİC.LTD.ŞTİ,37.21981,28.35119,Opet
HALİL EKİNCİ OĞULLARI PET.ÜRN. VE TİC.LTD.ŞTİ.,37.15581,37.41662,Opet
GÖKÇEBEL BAŞAR PET.ÜRN. TAŞ. TURZ. TİC. İTH. VE  İHR. LTD.,37.1112,27.32244,Opet
ŞENGÜN PETROL NAKLİYAT VE TURİ LTD.ŞTİ,40.83615,40.2721,Opet
CESAN PETROL VE İNŞAAT LTD.ŞTİ,39.75185,32.80518,Opet
BOZKANLAR PETROL ÜRÜNLERİ SANA TİCARET A.Ş.,37.02913,37.96592,Opet
ŞAHİN PETROL TİCARET A.Ş.,39.90926,32.79054,Opet
MEHMET KALKAN,36.04185,32.80653,Opet
NURPET PETROL TİCARET VE SANAYİ A.Ş.,40.25275,29.06451,Opet
EKKA PETROL TURİZM NAKLİYE İNŞ GIDA SANAYİ VE TİCARET LİMİTED,40.92668,29.31788,Opet
ELİF LPG VE AKARYAKIT DAĞITIM SANAYİ TİCARET ANONİM ŞİRKETİ,39.88926,32.702,Opet
ALTAN PET.TAR OR GID ÜRN TUR T MD.İNŞ.DAY.TÜK.ML.PZ.SAN.TİC.L,37.36475,36.05415,Opet
PRESTİJ PTR.TEKS.GIDA İNŞ. TURZ.SAN.TİC.LTD.ŞTİ,41.050014,28.812314,Opet
GÜNDOĞMUŞ PTR.ÜRN.İNŞ.TURZ. GIDA NAK.SAN.VE TİC.LTD.ŞTİ.,41.29246,36.2664,Opet
ALLAR NAK.DERİ İNŞ.OTO.AKARY. TURZ. SAN. VE TİC. LTD. ŞTİ.,40.82041,32.31388,Opet
KASAPOĞLU TURZ.KUY.NAK.GIDA İN PET.ÜRÜN. VE TİC.LTD. ŞTİ.,36.78611,31.43066,Opet
MEVLÜT YURTTAŞ,38.11384,31.02452,Opet
TAM BİRLİK GIDA PAZARLAMA PETR TAŞIMACILIK İNŞAAT TİCARET VE,37.51941,36.99966,Opet
GÜRCAN PETROLCÜLÜK ANONİM ŞİRKETİ,41.048279,28.985292,Opet
ADEM KOCATEPE KOCATEPE PETROL,36.64574,29.1757,Opet
HASAN DEMİR,38.35135,38.30205,Opet
ÇEŞME ARAS PET.TURZ.İNŞ.GIDA M VE MARK.İŞL.SAN. VE TİC.LTD.ŞT,38.31231,26.34519,Opet
SÜMER PETROL VE PETROL ÜRN.İNŞ TURZ. NAK. OTO. SAN. VE TİC.LT,37.00714,35.34717,Opet
İSTOÇ PETROL VE İNŞAAT LİMİTED ŞİRKETİ,41.069901,28.824956,Opet
ACARLAR MAL VE HİZMET ÜRETİM A GIDA TEMİZLİK İNŞAAT NAKLİYAT,36.7431,28.80762,Opet
GOLDENBRIDGE LOJİSTİK İNŞAAT G TARIM SANAYİ VE LİMİTED ŞİRKET,37.13091,37.30424,Opet
CE-KA PETROL TİC.LTD.ŞTİ.,36.21349,36.16764,Opet
KELKİT VADİSİ PTR.TURZ. OTOM. İNŞ.SAN.TİC. LTD. ŞTİ.,40.929234,29.146656,Opet
BAFRA PETROL ÜRÜN.SAN VE TİC. LTD.ŞTİ.,41.57035,35.87617,Opet
MURAT PTR. ÜRN. OTOM. TURZ. İN TİC. VE SAN. LTD. ŞTİ.,40.8027,29.4604,Opet
ÜÇLER (KIRIKHAN)AKARY.PET.ÜRÜN PAZ.TURZ.İNŞ.VE TİC.LTD.ŞTİ.,36.49971,36.37343,Opet
GÜLBAŞLAR PETROLCÜLÜK  TURZ. VE TİC. LTD. ŞTİ.,40.69813,29.65528,Opet
ATAKÖY PETROL TİCARET LTD.ŞTİ.,40.974003,28.873148,Opet
RAMAZAN ÇAKMAK,37.81479,38.60144,Opet
TAN PETROL TİC. VE SAN. A.Ş.,39.679083,27.934467,Opet
KARER GIDA ÜRETİM PAZARLAMA TEKEL MADDELERİ NAKLİYE,37.52512,34.03439,Opet
OKURLAR PETROL HAYVANCILIK TARIM İNŞAAT GIDA NAKLİYE,41.008074,29.201706,Opet
GÜLLÜOĞLU MADEN.TELEKOM PETROL ÜRÜN.TURZ.GIDA TİC. VE SAN. LT,39.94237,32.88806,Opet
TURANLI AKARY. TEKS. NAK. TİC. SAN.LTD.ŞTİ.,37.76824,38.56705,Opet
ŞAHİN PETROL TİCARET A.Ş.(İSKİTLER),39.95427,32.84114,Opet
ŞEREN PETROL ÜRN. SAN. TİC. LT,39.58432,32.14684,Opet
SAR-PET AKARY.ÜRÜN.GIDA PZLM. SAN. VE TİC. LTD. ŞTİ.,41.18194,27.774309,Opet
R&D DOKPET PETROL ÜRN.TEKEL MA OTOM.TAŞ.GIDA TİC.VE SAN.LTD.Ş,37.5881,36.88852,Opet
MANDIROĞLU MÜH.MİM.ELKT.OTO TI CİH.SAN VE DIŞ TİC.LTD.ŞTİ.,39.8218,32.56945,Opet
YENİER GIDA KUYUMCULUK İNŞ. TURZ. TİC. VE SAN. LTD. ŞTİ.,36.22716,29.70193,Opet
KIR-PET OTO.PET.TAR.GIDA TURZ. İNŞ SAN. VE TİC.LTD.ŞTİ.,37.24519,38.79372,Opet
DAĞ-SA PETROL ÜRÜN.NAKL.TAR.TE TUR.İTH.İHR.SAN.TİC.LTD.ŞTİ.,36.80314,34.60068,Opet
LİMANKÖY PETROL ÜRÜN.İNŞ.SAN. LTD.ŞTİ.,41.07562,40.68687,Opet
MOL PETROL AKARY. VE DİNL.TESİ TİCARET SANAYİ A.Ş,39.88145,32.65746,Opet
KARACAN MOTORLU ARAÇLAR ULUSLA NAK. AKARYAKIT SAN. VE TİC. A.,39.76415,30.55635,Opet
EFECAN AKAR.GID.İÇECEK TUR.İNŞ MALZ.HAYV.DERİ KONF.MOB.TAŞ.TA,36.94714,30.85211,Opet
KARACAN OTOMOTİV PETROL ÜRÜNLERI TİCARET VE,39.781417,30.487817,Opet
YA-PET PET.ÜRN.TİC.VE SAN.LTD.,37.37894,35.82833,Opet
ERNAZ SERVİS OTO.PAZ.SAN. VE TİC.A.Ş.,40.75941,30.42087,Opet
BANPET-BANDIRMA PET.TURZ. VE TİC.LTD.ŞTİ.,40.29965,28.029233,Opet
SÜZERLER PETROL ÜRÜN.NARENCİYE İNŞ. TUR. OTO SAN. VE TİC.LTD.,36.60136,34.30189,Opet
GÖKDEMİR TİCARET TURİZM İNŞAAT VE SANAYİ LİMİTED ŞİRKETİ,37.38174,27.28892,Opet
ÜÇLER PETROL ÜRÜN. NAKL. TURZ. VE TİC. LTD. ŞTİ.,41.23775,32.67481,Opet
KARALAR PETROL MAMÜLLERİ TARIM TURİZM NAKLİYAT VE TİCARET LTD,36.91397,31.12077,Opet
MOLA PETROL GIDA TURİZM NAK. TİC.LTD.ŞTİ.,41.524315,27.08301,Opet
OLUÇ PET.TURZ.SAN.VE TİC.LTD.Ş,37.77763,29.04887,Opet
ACARSAN MOTORLU ARAÇ.PETROL ÜR TURZ.İNŞ.SAN.VE TİC.A.Ş.,37.09153,37.44991,Opet
KÖSEOĞULLARI PETROL NAKL.TARIM ÜRÜN.İTH.İHR.SAN.VE TİC.LTD.ŞT,37.04341,36.63068,Opet
AYBABA PETROL ÜRÜN.TURZ.NAKL. GIDA TÜTÜN ÜR.İTH. İHR. VE,39.93061,32.84822,Opet
C.K.POLAT PETROL ÜRÜN.İNŞ.NAKL TURZ.TAAH.TAŞ.TİC.SAN.LTD.ŞTİ.,37.93636,40.18195,Opet
MNT-PET  PET. ÜRN. TURZ.GIDA SAN. VE TİC.LTD.ŞTİ.,38.27999,27.19906,Opet
BÜYÜKÇAVUŞLU RÜYA TESİS. PTR. GIDA TUR. SAN VE TİC. LTD. ŞTİ,41.249393,28.038021,Opet
YAPKIN PET.MADENİ YAĞ VE TAŞ.S VE TİC.LTD.ŞTİ.,38.67182,27.465,Opet
PETROLYAĞ PETROL YAĞLARI TİC. SAN. A.Ş.,38.43687,27.162,Opet
ŞEKER AKRYAKIT NAK.GID. MAD.SAN.TİC.LTD.ŞTİ.,38.69112,35.24301,Opet
DALGIÇLAR(2) GIDA PETROL VE TA PAZ.TİC.LTD.ŞTİ.,36.37304,30.3292,Opet
SÜLEYMAN SEVİMLİ PETROL TUR.NA İNŞ.GIDA SAN.VE TİC.LTD.ŞTİ.,41.0317,40.55547,Opet
MADENLER PET.VE.PET.ÜR.OTOM.YD NAK.TURZ.GID.BES.SAN.VE TİC.LT,38.10331,37.91116,Opet
SAHİL AKARYAKIT OTOMOTİV TİCARET LİMİTED ŞİRKETİ,41.4513,31.758,Opet
RAZPOL PETROLCÜLÜK TİCARET ANONİM ŞİRKETİ,41.031482,29.079843,Opet
KOÇ PETROL TURİZM NAKLİYAT VE İNŞAAT SANAYİ VE TİCARET LİMİT,41.054819,28.84035,Opet
HİLAL PTR. GAZ ÜRN.İNŞ. OTOM. İTH.İHR. SAN. VE TİC. LTD. ŞTİ,41.080848,28.893459,Opet
ERSİ PTR. ÜRN. OTOM. VE İNŞ. S TİC. LTD. ŞTİ.,41.088919,28.984688,Opet
DALGIÇLAR(1) GIDA PETROL VE TA ÜRN.PAZ.VE TİC.LTD.ŞTİ.,36.3522,30.28192,Opet
HALİMOĞLU PETROL ÜRN. TURZ. İN SAN.TAR.HAYV.TİC.İTH.İHR.LTD.Ş,36.80923,31.3826,Opet
APAK PETROL ÜRÜN.CANLI HAYV. VE OTOM.TİC.VE SAN.A.Ş.,37.71663,33.48864,Opet
SEKİLİ PETROL İNŞ.TURZ. SAN.TİC.LTD.ŞTİ.,37.75198,32.18831,Opet
HMZ AKARYAKIT VE PETROL  ÜRÜNLERİ ANONİM ŞİRKETİ,38.79041,41.49726,Opet
GÖKMENOĞLU MADENCİLİK PETROL İ NAKLİYE SANAYİ VE TİCARET ANON,40.84844,33.21624,Opet
SDF SELEK PETR.SOSYAL DİNLENM. FAAL. TURİZM SAN. TİC. A.Ş,40.98386,29.16603,Opet
BADEMCİ TUR.SEY.HAYV.TAR.GIDA. ÜRN.OTOM.İTH.İHR.SAN.TİC.LTD.Ş,37.82425,27.4897,Opet
SÖNMEZ PETROL TURZ. OTOM. SAN. VE TİC. LTD. ŞTİ.,38.47645,28.10048,Opet
EFEMAK OTOM.PETROL TURZ.SEYH.G TARIM HAYV.SAN.VE TİC.LTD.ŞTİ.,37.8021,27.83945,Opet
LÜLEBURGAZ RÜYA PETROL GIDA SANAYİ VE TİCARET LTD.ŞTİ,41.435937,27.375672,Opet
MOLA PETROL GIDA TURİZM NAK. TİC.LTD.ŞTİ.,41.523655,27.080318,Opet
İPAŞ PETROL ÜRÜN.İNŞ.MÜHENDİSL TURZ. İÇ VE DIŞ TİC.SAN. VE A.,39.96683,33.14703,Opet
GÜNAYDIN TİCARET KOLL. ŞTİ. İSMAİL GÜLPINAR,37.43055,31.85043,Opet
DAĞ-SA PETROL ÜRN.NAK.TAR.TEKS TUR.İTH.İHR.SAN.VE TİC.LTD.ŞTİ,36.95235,36.1627,Opet
KAZIM YAY AKARYAKIT VE TURİSTİ TESİSLERİ SAN.TİC.LTD.ŞTİ.,40.939276,27.305435,Opet
ENİS BAĞÇİVAN ECEM PETROL,38.18502,27.35469,Opet
UZUNLAR OTOMOTİV ZAHİRE SAN. VE TİC. LTD.ŞTİ,41.721901,27.216541,Opet
OKUMUŞLAR PETROL VE TARIM ÜRÜNLERİ SAN. VE TİC.LTD.ŞTİ.,39.445033,30.006133,Opet
ERHAN DEDEOĞLU PETROL ÜRÜN. PAZAR. VE TİC. LTD.ŞTİ.,40.993018,28.827292,Opet
AYBİL PETROL ÜRÜN.NAKL.TURZ.İN GIDA SAN.TİC.LTD.ŞTİ.,38.77471,35.57322,Opet
ERTANLAR AKARY. TUR. TİC. LTD.,36.87946,31.00562,Opet
AYYILDIZ TAŞIT KİRALAMA PETROL İNŞAAT GIDA NAKLİYE SANAYİ VE,39.807967,30.4082,Opet
OPET MARKET VE AKARYAKIT İSTASYON İŞLETMECİLİĞİ ANONİM,38.36275,27.14947,Opet
ÇİNALLAR DAYANIKLI TÜKETİM MAL VE PETROL ÜRÜNLERİ ISITMA SİST,40.435033,27.765917,Opet
ANAFARTA PETROL ÜRN. PAZ.NAKL.VE TİC.A.Ş.,41.051088,28.687711,Opet
ASP GAYRİMENKUL YATIRIMLARI VE ANONİM ŞİRKETİ,38.79041,30.45662,Opet
YÜZBAŞIOĞLU AKARYAKIT TAŞIMACI GIDA OTOM. TİC. VE SAN. LTD. Ş,40.33319,36.53108,Opet
PINAR HİSAR RÜYA PETROL GIDA SAN. VE TİCARET LİMİTED ŞİRKET,41.623177,27.534895,Opet
YÜCELER OTO. PET. ÜRÜN. VE PAZ,40.26477,29.65842,Opet
YENİ TRUVA TURZ.PETROL VE PETR ÜRÜN.NAKL.GIDA İNŞ.SAN.TİC.LTD,40.07,26.3724,Opet
KAYIKÇIOĞLU PETROL ÜRN. NAK. T LTD.ŞTİ,40.99745,39.7486,Opet
TOLU TUZ NAKL. PETROL İNŞ. TURZ.OTOM.SAN.VE TİC.LTD.ŞTİ.,38.91433,33.56678,Opet
KIRALLAR GIDA NAKLİYAT İNŞAAT SANAYİ VE TİCARET LTD. ŞTİ,37.52646,34.056,Opet
TURTAY İNŞ. PETROL AKARY.NAKL. VE SAN.TİC.LTD.ŞTİ.,39.92777,33.00717,Opet
ŞAHALİ İNCE(GÜRSU)PET.GID.TAR. TUR.TAŞ.OTOM.EMLAK SAN.TİC.LTD,36.85918,30.62426,Opet
ÖZTÜRKLER MADENİYAĞ.ÜRN.AKAR.T İNŞ.SAN.TİC.LTD.ŞTİ.,41.019741,28.908595,Opet
YALÇINKAYALAR PAZ.DAĞ.PETROL Ü SAN.TİC.LTD.ŞTİ.,38.72979,26.9793,Opet
SELAMET ÇIRÇIR FABRİKALARI SAN. VE TİC. A.Ş,36.9164,30.67548,Opet
ÇAYCUMA PETROL NAKLİYE GIDA SANAYİ VE TİCARET LTD.ŞTİ.,41.4398,32.09521,Opet
EFEOĞLU TAÇ DAY.TÜK.MALL.TURZ. KUYUM.OTOM.İNŞ.TAAH.SAN.VE TİC,39.08456,26.90772,Opet
KADOPET OTO SANAYİ AKARYAKIT A,40.993494,29.188507,Opet
ÖZTRAKYA AKARYAKIT SAN. VE TİC.LTD.ŞTİ.,39.11731,27.19903,Opet
DELTA PETROL İNŞ. NAK. İLAÇ GI HAYV. SAN. TİC. LTD. ŞTİ.,38.342111,38.423278,Opet
AYDOĞDU PTR. ÜRN. İNŞ. TAAH. VE NAK. TİC. SAN. LTD. ŞTİ.,39.92201,41.19413,Opet
AYDIN PETROLCÜLÜK VE TİCARET A.Ş.,40.84018,30.34028,Opet
PENDİK PETROL ÜRÜN.İNŞ.TUR.GID TİC. LTD. ŞTİ.,40.88139,29.24048,Opet
İSHAKOĞLU GIDA NAK. VE İNŞ. SAN. VE DIŞ TİC. LTD. ŞTİ.,41.050992,28.907569,Opet
ORGUN PETROL ÜRÜNLERİ İNŞ. TAAH.NAK.TİC.LTD.ŞTİ.,41.01193,39.612610000000004,Opet
ATARLAR HUBUBAT GÜBRE NAK GIDA PET. ÜRN. SAN. VE TİC.LTD,38.25259,33.50457,Opet
HESAPÇIOĞLU(100.YIL)OTO.PET.TR İNŞ.TAR.HAY.TİC.SAN.VE PAZ.ANO,36.89556,30.70891,Opet
OPET MARKET VE AKARYAKIT İSTAS İŞLETMECİLİĞİ ANONİM ŞİRKETİ,40.992812,28.793749,Opet
GÖNÜLLER PETROL OTOM.TAŞ.SEB.M VE SERVİS HİZM.TİC. VE SAN.LTD,36.83184,34.64924,Opet
ZENGİN PETROL SANAYİ TİCARET ANONİM ŞİRKETİ,41.101081,28.980024,Opet
FIRAT-MURAT KARDEŞLER MOBİLYA VE PAZARLAMA PETROL NAKLİYE VE,37.90619,41.12677,Opet
PETROLYAĞ PETROL YAĞLARI TİC.VE SAN. A.Ş.,38.42987,27.21914,Opet
BİBİNOĞLU PETROL LPG NAKLİYE İ TURİZM GIDA ENERJİ SAN. VE TİC,41.18194,41.82933,Opet
DAĞ-SA PETROL ÜRN.NAK.TAR.TEKS İTH.İHR.SAN.VETİC.LTD.ŞTİ.,36.9531,36.15875,Opet
ÖZTÜRKLER PETROL (ZİYARETTEPE- PTR. SAN. VE TİC. A.Ş.,36.946,34.79394,Opet
DİNÇ PETROL İNŞAAT NAK.TAAH.SA TİCARET LİMİTED ŞİRKETİ,37.22886,36.88947,Opet
AKİF YILMAZ AKARY. VE DİNLENME TİC. VE SAN. LTD.ŞTİ.,40.54965,30.30545,Opet
DEMPET DEMİRELLER (1)AKARY. NA TURİZM TİCARET LTD.ŞTİ.,38.5905,30.95273,Opet
MOBİPA MOBİLYA TEKS. İNŞ.NAK.P ÜRN.SÜPER MARK.VETUR.SAN.TİC.A,40.09381,29.48583,Opet
ÜNAL(1)PETROL HAYV.TEKSTİL TUR TAAH.SANAYİ VE TİCARET A.Ş,36.62115,29.12049,Opet
YENSUR KELEŞ PETROL NAK.İNŞ.GI TUR.PAZ.SAN. VE TİC.LTD.ŞTİ.,38.616433,39.291142,Opet
UFUK AKARYAKIT TİC.VE TUR. LTD.ŞTİ.,38.426223,27.191454,Opet
ÇOBANLAR LOJİSTİK MADENİ YAĞLA PETROL ÜRÜN. GIDA SAN. TİC.LTD,40.80754,29.50564,Opet
OLPET TURİZM NAKL. AKARY. ÜRN. İNŞ. SAN. VE TİC. LTD. ŞTİ.,37.77255,29.10001,Opet
SÜRAL SU BİRA MEŞRUBAT PETROL TAŞ.PAZ.DAĞITIM TİC. A.Ş,36.91124,31.17033,Opet
DEMİRCİOĞULLARI PETROL ÖZ.SAĞ. OTO.TEKS.İNŞ.TARIM SAN.VE TİC.,37.723477,38.183151,Opet
ÇETAY AKARYAKIT TİCARET VE İNŞAAT LİMİTED ŞİRKETİ,41.056491,28.965107,Opet
MAVİ BEYAZ AKARYAKIT İNŞ. PET. PAZARL. SAN. VE TİC. A.Ş.,37.06985,27.47001,Opet
MAVİ BEYAZ AKARYAKIT İNŞ. PET. PAZARL. SAN. VE TİC. A.Ş.,37.20709,27.64722,Opet
FİKRET AĞAOĞLU PTR ÜR.PAZR.OTO İNŞ.NAKLİYE SAN VE TİC. LTD.ŞT,40.33489,36.5476,Opet
SULTANELİ PETROL ÜRÜN TUR. İNŞ SAN. VE TİC. LTD. ŞTİ.,36.60147,31.80048,Opet
ÇANKAYA KARD.PET.ÜRN.İNŞ.VE İN MLZ.TA.TAŞ.TUR.GI.SAN.TİC.LTD.,39.42583,26.86037,Opet
RAMAZAN KESKİN AKAR. TURZ. DAY TÜK. MALL. SAN. VE TİC. LTD. Ş,38.675833,29.370833,Opet
MİRAP ULUS. NAK. TUR. OTO. AKA SAN. VE TİC. A.Ş. (BANDIRMA),40.34158,27.9799,Opet
MİRAP ULUS. NAK. TUR. OTO. AKA SAN. VE TİC. A.Ş. (POLATLI),39.69464,32.26132,Opet
ÇOKSEZGİNLER İNŞ. TAAH.NAKL.PE ÜRN.GIDA SAN. VE TİC.LTD.ŞTİ.,39.94113,34.0295,Opet
AKSOYLAR TÜKETİM MADDELERİ PAZ SANAYİ VE TİCARET LTD.ŞTİ.,41.562534,27.78736,Opet
TNC AKARYAKIT İNŞ.NAK.GIDA TUR SAN. VE TİC. LTD. ŞTİ.,37.83675,27.2592,Opet
ONPET ONUR PETROL ÜRÜNLERİ SANAYİ VE TİCARET LTD.ŞTİ.,41.2859,36.30567,Opet
TA-NE PETROL ÜRN. NAK.OTO.DAY. MAL.MAD.TAR.HAY.KONF.TUR.SAN.T,39.218175,36.110102,Opet
SONYAZ PETROL GIDA TEKS. SAN. VE TİC.LTD.ŞTİ.,36.82393,31.78345,Opet
ÖZERLER OTOM. VE PETROL ÜRÜN PAZARLAMA SAN. VE TİC. A.Ş.,41.1746,31.3911,Opet
YILMAZ MAYIŞ PETROL ÜRÜNLERİ TİCARET VE SANAYİ LİMİTED ŞİRK,37.5179,30.52705,Opet
HAS PETROL İNŞAAT TEKSTİL SANA VE TİCARET LİMİTED ŞİRKETİ,41.084038,28.036614,Opet
ALLAR (2) NAKLİYAT DERİ İNŞAAT AKARYAKIT TUR.SAN. VE TİC.LTD.,40.792683,32.214746,Opet
ALSEVİN PET.ÜRN.DAY.TÜK.MAL.TU MAK.OTO.SAN.İTH. İHR.TİC.LTD.Ş,37.02109,35.27434,Opet
BÖRKLÜLER OTOMOTİV SANAYİ VE TİCARET LİMİTED ŞİRKETİ,37.09425,36.24766,Opet
ŞEN-1 PETROL ÜRN.TAR.ÜRN.HAYV. İNŞ. SAN. VE TİC.LTD.ŞTİ.,40.36345,36.64368,Opet
MİNÖR GIDA RESTAURANT TEKSTİL ÜRÜNLERİ SANAYİ VE TİC. LTD.ŞT,40.22366,28.77767,Opet
OPET MARKET VE AKARYAKIT İSTAS İŞLETMECİLİĞİ ANONİM ŞİRKETİ,41.004857,28.637931000000002,Opet
FEMU PET. VE PET. ÜRÜN. GIDA N OTO. SAN. VE TİC. LTDİ ŞTİ.,38.37601,35.0905,Opet
EFE OTOM AKARYAKIT SANAYİ VE TİCARET LİMİTED ŞİRKETİ,40.75163,29.94953,Opet
İBRAHİM ATEŞ PET. GIDA İNŞ. TURZ. VE TİC. LTD. ŞTİ.,36.97431,30.62291,Opet
ONUR DIŞ TİCARET LİMİTED ŞİRKETİ,40.942627,29.14385,Opet
KARDEŞLER TARIM ÜRN.PAZ.NAK.CA PET.GIDA LOK.İNŞ.TUR.SAN.VE Tİ,37.01764,30.60056,Opet
BAYIR PETROL ÜRÜNLERİ OTOM. GIDA TİCARET VE SAN. A.Ş.,37.9308,32.53323,Opet
ÇİÇEKLİDAĞ PETROLCÜLÜK OTOMOTİ SANAYİ VE TİCARET LİMİTED ŞİRK,36.7863,34.60605,Opet
YERLİYURT ENERJİ DAY.TÜK.PETRO TAŞ.TİC.VE SAN.LTD.ŞTİ.,39.72078,37.01287,Opet
YERLİYURT LOJİSTİK DOĞALGAZ PE TİC.VE SAN.LTD.ŞTİ.,39.68987,37.00813,Opet
DEMSA AKARYAKIT İNŞAAT SANAYİ VE TİCARET,39.95465,32.77063,Opet
KALTUN MADENCİLİK SANAYİ NAKLİ VE AKARYAKIT TİCARET A.Ş.,37.63842,28.03404,Opet
CÖMERT AKARYAKIT NAKLİYAT İNŞA VE TURİZM İŞLETMELERİ TİC.LTD.,40.997734,28.605452,Opet
Y-EREN PTR. VE PTR.ÜRN.TAŞ.OTO GIDA TUR.İNŞ.TAAH.SAN.VE TİC.L,38.35081,27.13396,Opet
KAVPET AKARYAKIT VE SERVİS HİZMETLERİ TİCARET SANAYİ A.Ş.,40.1901,29.07193,Opet
OPET MARKET VE AKARYAKIT İSTAS İŞLETMECİLİĞİ ANONİM ŞİRKETİ,41.273266,27.973391,Opet
KİRAZLAR AKARYAKIT LASTİK SANA TİCARET ANONİM ŞİRKETİ,39.99521,32.77148,Opet
OPET MARKET VE AKARYAKIT İSTAS İŞLETMECİLİĞİ A.Ş,40.35649,28.91463,Opet
SOMPET AKARYAKIT VE GIDA ÜRÜN. SAN. TİC. LTD. ŞTİ.,38.7067,35.49605,Opet
KALAYOĞLU PETROL ÜRÜNLERİ KUY.  NAK.TUR.İNŞ. SAN. VE TİC. LTD,41.194592,31.943089,Opet
FAKILI OTOBÜSCÜLÜK PAZARLAMA İNŞAAT LTD. ŞTİ.,37.05281,37.41002,Opet
ONZ AKARYAKIT SANAYİ TİCARET ANONİM ŞİRKETİ,40.66682,30.35871,Opet
DEMİRKAYALAR PETR ÜRÜNL LPG GI MAD.BET.HAF. İNŞVE NKL TİC. LT,40.67936,35.82426,Opet
NİGPA GÜBRE NAKLİYE İNŞAAT PET ZİRAAT TİCARET VE SANAYİ A.Ş.,38.05131,34.76391,Opet
EGECEM PETROL GID.TAR.HAY.OTO. İNŞ.TUR.SAN.VE TİC.LTD.ŞTİ.,38.192131,27.34617,Opet
ÇALLI PETROL VE PETROL ÜRN. İN GIDA TUR MAD NAK SAN VE TİC LT,37.5634,43.76625,Opet
KORKMAZ GRUP AKAR. İNŞ. GIDA N TAAH. SAN. TİC. LTD. ŞTİ.,39.10354,39.55446,Opet
BAĞDAT PETROL ÜRÜNLERİ İNŞ.TAA NAK.SAN.VE TİC. LTD.ŞTİ.,38.643236,35.70216,Opet
KARASU SEFEROĞLU AKR.KUYUMCU. TUR.İNŞ.SAN.VE TİC. LTD.ŞTİ.,41.091648,30.726296,Opet
AVCIKIRAN PETROL SANAYİ TİCARE ŞİRKETİ,37.91806,40.1329,Opet
ÜNPET TUR. GIDA PETROL OTOM. SAN. TİC. LTD. ŞTİ.,38.70416,35.514920000000004,Opet
ERENLER TUR.TS.VEPT.ÜR.NK.GOTİ TAH.VEPLS.DĞ.İT.İHR.SN.TİC.LTD,41.46608,34.80945,Opet
ERSAS OTOMOTİV NAK. GIDA İNŞ. TEMZ. SAN. VE DIŞ TİC. LTD. ŞT,38.732778,27.586667,Opet
HİKMET ŞEFLEK NAK. OTO. PETROL ÜRN. TAR. SAN. TİC. LTD. ŞTİ.,37.96801,32.5157,Opet
OLYAP AKAR. OTOG. NAK. GIDA DA TÜK. MAD. TİC. VE PAZ. LTD. ŞT,40.53991,41.97188,Opet
ROYAL ABC PETROL TURİZM TEKSTİ İNŞAAT OTOMOTİV SANAYİ VE,38.3774,27.10975,Opet
SEÇKAR PETROL TURZ.İNŞ.MAL. GIDA SAN. TİC.LTD. ŞTİ.,38.46486,27.18967,Opet
MEF PETROL LOJİSTİK İNŞAAT SANAYİ TİCARET LTD.ŞTİ.,40.11213,32.59889,Opet
BUĞ-TAŞ AKRY. KUM ÇAK.MAD.HAR. İNŞ.TURZ.OTO.İML.TİC.SAN.LTD.Ş,39.74721,37.02438,Opet
ASCENAS PETROL İNŞAAT NAKLİYAT TURİZM GIDA,39.714218,43.019847,Opet
ERCANLAR SAĞLIK KUY.OTO.NAK.PE GIDA İNŞ.TURZ.SAN.VE TİC.LTD.Ş,36.99276,37.7777,Opet
YILMAR ET VE ET ÜRÜN. TEKSTİL GIDA MARKET BİLGİSAYAR TURİZM,40.21582,28.89421,Opet
NAS PETROL SANAYİ VE TİCARET LİMİTED ŞİRKETİ,37.23191,40.63238,Opet
ENES AKARYAKIT DAĞITIM İNŞAAT TURİZM TİCARET LİMİTED ŞİRKETİ,41.039014,28.917233,Opet
DALGIÇLAR PETROL TİCARET VE SANAYİ LİMİTED ŞİRKETİ,41.012526,28.537274,Opet
ADAR ENERJİ ÜRETİM AKARYAKIT SANAYİ VE TİCARET ANONİM ŞİRKE,41.094652,29.090993,Opet
ÖZTÜRK PETROLLERİ TİCARET VE S LİMİTED ŞİRKETİ,37.98127,34.71745,Opet
EKMEKÇİLER OTOMOTİV AKARYAKIT SANAYİ VE TİCARET LTD.ŞTİ.,41.36906,33.77045,Opet
MEPET METRO PETROL VE TESİSLER SAN. TİC. A.Ş.,37.37684,31.86919,Opet
TİMUROĞULLARI MÜHENDİSLİK İNŞAAT PETROL TAAHHÜT TİCARET,38.53991,43.33312,Opet
ASB PETROL ÜRÜNLERİ SANAYİ VE TİCARET LİMİTED ŞİRK,41.183474,28.597617,Opet
FİKRET GÜREL YAPI MALZ. İNŞ. A TURZ. SAN. VE TİC. LTD. ŞTİ.,39.54567,26.59047,Opet
TNC AKARYAKIT İNŞ.NAK.GIDA TUR SAN. VE TİC. LTD. ŞTİ.,37.83952,27.25982,Opet
ÖZ GÜNGÖR PETROL TURİZM İNŞAAT TAAHHÜT SANAYİ VE TİCARET LİMİ,40.91533,38.46273,Opet
KUZEYDENİZİ PT.GMEN.PZ.İNŞ.NA. İL.TEM.DAN.HZ.İT.İH.SAN.VETC.L,41.245657,27.885936,Opet
KARADERE TARIM ÜRÜNLERİ GIDA S VE TİC.LTD.ŞTİ.,40.954,38.72346,Opet
HESAPÇIOĞLU(KEPEZ)OTO.PET.TUR. TAŞ.İNŞ.TAR.HAY.TİC.SAN.VE PAZ,36.96329,30.6211,Opet
FİKRET GÜRE GÜRPET,38.23734,27.13567,Opet
YURTPET İNŞ. OTOM. PETROL ÜRN. ÖZEL EĞT. TİC. VE SAN. LTD. ŞT,37.18,33.26231,Opet
POLAT PETROL ÜRÜNLERİ MOT. ARÇ GID. VE TEM. MAD. TİC. PAZ. A.,36.99726,35.24937,Opet
KADRİ ÇİÇEKLİDAĞ ÇİÇEKLİDAĞ PETROL,36.72392,34.49696,Opet
PARMAKSIZLAR PETROL ÜRÜNLERİ VE NAKLİYAT TİCARET LTD. ŞTİ.,37.84161,27.83171,Opet
DAYI PETROL TURİZM SAN. VE TİC. A.Ş.,37.77436,30.54971,Opet
KIRTORUN PETROL ÜR.TİC.LTD ŞTİ,41.03375,38.99166,Opet
OPET MARKET VE AKARYAKIT İSTAS İŞLETMECİLİĞİ ANONİM ŞİRKETİ,41.04904,28.87647,Opet
KUMRULAR YAPI MALZEMELERİ VE PETROL TİCARETİ LİMİTED ŞİRKET,40.96106,29.28276,Opet
ERDEM ANTALYA PETROL (ÇALLI) Ü TİCARET ANONİM ŞİRKETİ,36.90337,30.6846,Opet
KOÇLAR PETROL PAZARLAMA VE NAKLİYAT LTD.ŞTİ.,36.9374,30.72041,Opet
YÜZBAŞIOĞLU PETROL ÜRÜNLERİ OTOMOTİV SAN. TİC. LTD.ŞTİ.,40.370528,36.097194,Opet
KURŞUNLU ŞELALE PETROL İNŞAAT TAAHHÜT TURİZM GIDA PAZ.,36.98859,30.81309,Opet
İTİMAT PETROL SANAYİ VE TİCARE ANONİM ŞİRKETİ,40.2432,27.27272,Opet
KEMAL CAN METAL SANAYİ VE TİCARET  LİMİTED ŞİRKETİ,40.73677,29.9556,Opet
SAZBEYİ YAKIT SANAYİ VE TİCARE ŞİRKETİ,40.91351,38.37706,Opet
HÜSNÜ DABAĞ PETROL ÜRN.NAK.TUR İNŞ.TAAH.İTH.İHR.LTD.ŞTİ.,40.46319,39.46579,Opet
NUR PETROL DAY.TÜK.MAL. TEK.KU İTH.İHR.SAN. VE TİC.LTD.ŞTİ.,40.68049,36.55064,Opet
PÜSAN PETROL ÜRÜNLERİ OTOM. TUR.TİC.A.Ş.,39.99124,32.63454,Opet
AHMET AYIK PETROL İNŞ. TURZ. SAN.VE TİC.LTD.ŞTİ.,39.96273,32.80878,Opet
PIRIL PETROL SERVİS HİZMETLERİ NAKLİYAT VE TİCARET ANONİM ŞİR,41.041258,28.967139,Opet
ÖZTÜRKLER (ESENYURT) PETROL SANAYİ VE TİCARET ANONİM ŞİRKE,41.023213,28.686434,Opet
İMGA TURİZM VE PETROL ÜRÜNLERİ TİCARET LİMİTED ŞİRKE,41.050342,28.62835,Opet
YÜCEL PETROL LİMİTED ŞİRKETİ,40.81947,29.30604,Opet
DAĞAÇIKAN PETROL ÜRÜNLERİ TAŞ. GIDA İNŞ. SAN. VE TİC. LTD. ŞT,36.70748,37.15559,Opet
HALİL AYDIN AKAR. İNŞ. TAAH. G NAK. HAFR. VE TİC. LTD. ŞTİ,38.782,35.4563,Opet
SERİNYIL PETROL NAKLİYE TURİZM PLASTİK SANAYİ VE TİCARET LTD.,38.32985,33.97543,Opet
PAŞA BEY ENERJİ AKARYAKIT TİCARET VE SANAYİ LİMİTED,39.8479,33.51072,Opet
BARANPET PETROL ÜRÜNLERİ TAŞ. İNŞAAT GIDA SAN. TİCARET LTD.Ş,40.216395,28.844125,Opet
HESAPÇIOĞLU(HBİ)OTO.PET.TUR. TAŞ.İNŞ.TAR.HAY.TİC.SAN.VE PAZ,36.91059,30.77126,Opet
HESAPÇIOĞLU(HKİ)OTO.PET.TUR. TAŞ.İNŞ.TAR.HAY.TİC.SAN.VE PAZ,36.90963,30.77158,Opet
SOMA BOZDOĞAN PETROL NAKLİYE SANAYİ VE TİCARET LİMİTED ŞİRK,39.18298,27.60085,Opet
ALLAR (3) PETROL OTO.DERİ.GIDA TEM. NAKL.ORM.ÜRÜN.SAN. VE TİC,40.8178,32.29469,Opet
DERELİ PETROL İNŞAAT TURİZM NAKLİYAT VE TİCARET LTD ŞTİ,40.93906,32.07167,Opet
AVCAN GIDA (2) VE PETROL ÜRÜNL PAZ. SAN. VE TİC. LTD. ŞTİ.,37.89927,32.50845,Opet
MEPET METRO PETROL VE TESİSLER SAN. TİC. A.Ş.,38.563984,28.589722,Opet
AN İNŞ. GIDA TUR.PETROL ÜRÜN.NAK.SAN.TİC.LTD.ŞTİ.,40.99762,35.77982,Opet
MAPET MALATYA PETROL ÜRÜNLERİ VE OTOMOTİV TİCARET A.Ş.,38.33629,38.23467,Opet
ABDULLAH GÜNDOĞMUŞ PETROL ÜRN. İNŞ.TUR. GIDA NAK.SAN.TİC,41.4006,36.1906,Opet
ERTÜRK PETROL İNŞAAT NAKLİYE OTOMOTİV İÇ VE DIŞ TİC.LTD.ŞTİ,41.51694,34.19843,Opet
ÜNAL PETROL (3) HAYVANCILIK TE TUR.İNŞ.TAAH.SAN.TİC.A.Ş.,36.62092,29.11994,Opet
OPET MARKET VE AKARYAKIT İSTAS İŞLETMECİLİĞİ ANONİM ŞİRKETİ,40.7249,31.46549,Opet
OPET MARKET VE AKARYAKIT İSTAS İŞLETMECİLİĞİ ANONİM ŞİRKETİ,40.72332,31.46675,Opet
MUSTAFA ÇİFTÇİ GIDA PTR. ÜRN. SAN. TİC.LTD.ŞTİ.,41.62955,32.35154,Opet
DALAMAN ACARLAR GIDA MAD.İNŞ.N OTO KOM.AKARY.LİKİT GAZ İTH.İH,36.69614,29.07133,Opet
GÜNEŞPET İNŞAAT PETROL ÜRÜN. SANAYİ VE TİCARET LİMİTED ŞİRK,41.007392,29.244327,Opet
FİKRET PETROL ÜRÜNLERİ PAZARLAMA SAN.VE.TİC.AŞ.,36.0761,32.84117,Opet
OTTOMAN PETROL HAFRİYAT İNŞAAT NAKLİYAT TUR. SAN VE TİC. LTD.,41.047728,28.859916,Opet
MERSİN GELİŞİM PETROLCÜLÜK LİMİTED ŞİRKETİ,36.80053,34.58935,Opet
SADIK OTO.AKR.EVALET.TURZ.TEKS MARKET LOK.İŞLT.SAN.VETİC.LTD.,37.80268,29.19814,Opet
MUSLUBAŞLAR AKARYAKIT ÜRÜNLERİ NAKLİYAT SAN. VE TİC. LTD. ŞTİ,40.03529,28.374390000000002,Opet
POLATOĞLU EP PETROL ÜRÜN. OTO. GIDA İNŞ. NAK. SAN. VE TİC. LT,38.20746,37.17445,Opet
ETİPET PETROL TURİZM OTOMOTİV SAN. VE TİC. ANONİM ŞİRKETİ,38.65682,39.76432,Opet
UZALTAŞ İNŞAAT TAAHHÜT İTHALAT İHRACAT PETROL,39.92165,32.81718,Opet
GÜNEYCE ORMAN ÜRÜN.İNŞ.MOB. DEK.TUR.TAŞ.OTO.PET.TEK.SAN.Tİ,38.06535,30.16537,Opet
DOĞRU PETROL TARIM ZİRAİ ÜRÜNL İTH.İHR. SAN. VE TİC. LTD. ŞTİ,37.969396,40.172425,Opet
UZUNLAR OTOMOTİV ZAHİRE SAN. VE TİC. LTD.ŞTİ,41.668996,26.569512,Opet
GÜZELTEPE PETROL ÜRÜN. MADEN. İNŞ. SAN. VE TİC.LTD.ŞTİ.,40.83634,29.40609,Opet
YÜZBAŞIOĞLU AKARYAKIT TAŞIMACI GIDA OTOM.TİC.VE SAN.LTD.ŞTİ.,40.390778,36.084583,Opet
HM AKARYAKIT NAKLİYE SANAYİ VE TİCARET LİMİTED ŞİRKETİ,38.55135,34.53651,Opet
NHT ENERJİ VE YATIRIM LİMİTED ŞİRKETİ,41.430004,27.922196,Opet
HALİMBEY GIDA PETROL SANAYİ VE TİCARET LİMİTED ŞİRKETİ,40.08284,32.6155,Opet
YUNUS HAF.NAK.TURZ.PET.OTO.O.P İNŞ.TAAH.SAN.VETİC.LTD.ŞTİ.,37.419832,29.362399,Opet
GÖKSAY PETROL ÜRÜNLERİ GIDA OTOMOTİV İNŞAAT VE TAAHHÜT,40.796061,29.401833,Opet
VİP İNŞAAT TİCARET VE SANAYİ LİMİTED ŞİRKETİ,37.15605,38.7876,Opet
PÜSAN PETROL ÜRÜNLERİ OTOM. TUR.TİC.A.Ş.,39.95942,32.96667,Opet
EKOL PETROL İNŞAAT TURİZM NAKLİYAT VE TİCARET LTD.ŞTİ.,41.189456,40.965234,Opet
ERASLAN AKARYAKIT RESTAURANT TAŞ. TUR. SAN. TİC. LTD. ŞTİ.,38.46889,43.34739,Opet
ADEM KOCATEPE KOCATEPE PETROL-2,36.92751,29.72388,Opet
YENİ TRUVA TURİZM PETROL VE PETROL ÜRÜNLERİ NAKL,40.36361,26.7038,Opet
BAYRAKTEPE AKT. ÜRÜN. İNŞ.TUR. NAK.MAĞ.İŞL.TAH.PAZ.TİC.LTD.ŞT,41.433718,31.729764,Opet
GÜVEN AKARYAKIT VE PET.ÜRÜN.TU İNŞ.PAZ.TİC.SAN.İHR.İTH.LTD.ŞT,36.29223,32.289320000000004,Opet
ALP PETROL ÜRÜNLERİ VE TİCARET LİMİTED ŞİRKETİ,38.24202,39.78333,Opet
EKMEKÇİLER OTOMOTİV (2) AKARYA SANAYİ VE TİCARET LTD.ŞTİ.,41.42289,33.80163,Opet
YILDIZTEPE AKARY. PETROL NAK. İNŞ. GIDA. SAN. VE TİC. LTD. Ş,37.99862,32.52631,Opet
ME-DU PETROL NAK.OTOM.TURİZM GIDA SAN. VE TİC. LTD.ŞTİ.,38.07832,30.43799,Opet
ASLANBEY OTO.MADEN. PET. ÜRÜN. GIDA İNŞ.NAK.SAN.TİC.LTD.ŞTİ.,37.76265,30.60896,Opet
ÖZDEMİR İNŞ. TAR. ÜRN.PET. PAZ SAN. VE TİC. LTD. ŞTİ.,38.41042,35.49159,Opet
ARVEN ŞAHİN ENERJİ TURİZM OTOMOTİV İNŞAAT MADENCİLİK NAK,39.80481,35.21115,Opet
ÖZET MÜHENDİSLİK ELEKTRİK İNŞA TAAHHÜT SANAYİ VE TİCARET LİMİ,40.80501,29.43374,Opet
FİLO ENERJİ İLETİŞİM PETROL İN TURİZM TAŞIMACILIK GIDA OTOMOT,40.00148,32.82189,Opet
STFC PETROL ÜRÜN. İNŞ. TURZ. T GIDA SAN. İÇ VE DIŞ TİC. LTD.,37.02409,37.31044,Opet
GÜRE PETROL İNŞAAT NAKLİYE TAA TUR. SAN. VE TİC. LTD. ŞTİ.,38.44112,27.27005,Opet
KARTEPE PETROL ÜRÜNLERİ TİCARET LİMİTED ŞİRKETİ,41.205773,36.703553,Opet
YIL NAKLİYE SAN VE TİC. LTD. Ş,38.78682,31.73467,Opet
KAR AKARYAKIT HARFİYAT İNŞAAT OTOMOTİV TİCARET LİMİTED ŞİRKE,41.38214,31.95355,Opet
HALİKARNAS AKRY. ELE. İNŞ.TUR. TEKS. SAN. İTH. VE İHR. TİC.LT,37.07029,27.45999,Opet
EROĞLU ENERJİ TARIM TURİZM NAK SANAYİ VE TİCARET LİMİTED ŞİRK,41.622208,32.321168,Opet
ORPİN PET. ÜR. TRZ. İNŞ. NAK. SAN. TİC. LTD. ŞTİ.,40.97592,37.90742,Opet
BEYKOZ PETROL TAŞIMACILIK OTOM.İNŞ.TİC.LTD.ŞTİ.,39.95095,33.06152,Opet
CANPET TURİZM NAKLİYAT İNŞAAT PETROL SAN. VE TİC. LTD. ŞTİ.,37.76498,38.23722,Opet
KOYUNCUOĞLU AHŞAP SANAYİ TİCARET A.Ş.,40.89143,29.23326,Opet
İVA-SE 2 GURUP PETROL ÜRÜN. EN İNŞAAT TAAHHÜT SAN. VE TİC.LTD,41.09422,37.40681,Opet
MEHMET KEMAL ATAKUL ORT,40.983888,29.03992,Opet
ARDA ZİRAİ ALETLER TEKST. VE T SAN. TİC. LTD. ŞTİ.,40.9628,35.66642,Opet
AVCAN GIDA VE PETROL ÜRÜN.PAZ. TİC.VE SAN.LTD.ŞTİ,37.91685,32.49243,Opet
ARICILAR PETROL TİCARET LİMİTE,37.72436,27.39171,Opet
GÜNDEŞLİ PETROL İNŞAAT KUYUMCULUK GIDA TARIM,37.50286,37.31849,Opet
HALİL PEKDEMİR ÇİFT. GIDA VE İ MAD.SANAYİ VE TİİC LTD ŞTİ,37.11674,28.38488,Opet
LARA BETON İNŞAAT SANAYİ VE TİCARET A.Ş,37.01502,37.37562,Opet
KAVALLIOĞLU PET.ÜRÜN.GID.TAR.H ENER.NAK.SAN.VETİC.LTD.ŞTİ.,38.70913,31.03414,Opet
TRUVA GRUP PET.NAK.OTO.İNŞ.SAN TİC.LTD.ŞTİ.,38.37596,34.0026,Opet
DEREM PETROL ÜRÜN.TEKSTİL TURİ KUYUM. ASANAYİ VE TİCARET LTD.,39.08249,27.11253,Opet
DERPAŞ MARKETÇİLİK TİCARET ANONİM ŞİRKETİ,40.73347,38.45172,Opet
KURUKAHVECİLER GIDA VE İHT. MA AKARY. DAĞ. PAZ. SAN. TİC. LTD,41.420868,27.196303,Opet
ORPET ENERJİ YATIRIM İMALAT PAZARLAMA SANAYİ TİCARET,41.07005,36.03048,Opet
HALİL PEKDEMİR(2) ÇİFTLİĞİ GID İHTİYAÇ MAD. TİC. SAN. LTD. ŞT,37.74395,29.11681,Opet
TOSYALI AKARYOTO. İNŞ. TUR.GID VE İHT. MAD. SAN. VE TİC. LTD.,41.01332,34.06805,Opet
KARTEPE AKARYAKIT SANAYİ VE Tİ LİMİTED ŞİRKETİ,41.21822,36.64246,Opet
BULUTLAR GIDA MAD. PET. ÜRN. N SERA. TAR. ÜRN. YETİ. TİC. LTD,40.99103,39.74913,Opet
İKİLER HAY.GID.MOB.TEK.PET. PE TUR.İNŞ.VE İNŞ.MAL.SAN.VE TİC.,38.60157,31.03038,Opet
BEYAN PETROL ÜRÜNLERİ SANAYİ VE TİCARET LİMİTED ŞİRKETİ,40.2233,29.0825,Opet
ÖNER GRUP PET.İNŞ.GID.TUR.TEK. İTH.İHR.SAN.VE TİC.LTD.ŞTİ.,38.05716,32.67153,Opet
UZN PETROL TİCARET LİMİTED ŞİRKETİ,41.060084,28.789826,Opet
FİKRET PETROL ÜRÜNLERİ PAZ.SAN VE TİC.A.Ş.,39.928614,32.868316,Opet
ELİF LPG VE AKARYAKIT DAĞITIM SANAYİ TİCARET ANONİM ŞİRKETİ,40.819705,29.444437,Opet
ÜNAL (4) PET.HAY.TEK.TUR.İNŞ.T SAN. VE TİC.A.Ş.,36.85361,30.77525,Opet
OPET MARKET VE AKARYAKIT İSTAS İŞLETMECİLİĞİ ANONİM ŞİRKETİ,41.155282,27.78211,Opet
ERŞANLAR PETROL OTOMOTİV İNŞAA TAAHHÜT TURİZM GIDA SANAYİİ,38.33765,38.26966,Opet
ORHAN ACAR,41.34711,36.24117,Opet
ÖZTÜRKLER ENERJİ ULAŞTIRMA VE PETROL İÇ DIŞ TİCARET,40.996961,27.973717,Opet
ADANA AKAR. HAFR. İNŞ.TURZ.GID OTO. EN. TAR. SAN. VE TİC LTD,37.01662,35.31996,Opet
MEHMET İSTANBULLU İNŞAAT AKARYAKIT,40.01791,30.17652,Opet
FİKRET PETROL ÜRÜNLERİ PAZ. SAN. VE TİC. A.Ş.,39.88134,32.81228,Opet
TÜRKÖZ İNŞ.TAAH.MOB.SAN.VE TİC LTD .ŞTİ.,40.77465,29.80321,Opet
KARGIN PETROL YEDEK PARÇA SANAYİ TİCARET LİMİTED ŞİRKETİ,37.62052,28.04915,Opet
ÖMER KIDIK PETROL SAN VE TİC LİMİTED ŞİRKETİ,37.056,36.19065,Opet
TUNÇER PETROL (3) İNŞAAT TAAHH TURİZM İŞL. SAN. VE .TİC. LTD.,37.032758,27.302738,Opet
KARAHALLILAR OTO. AKAR. DAY. T MAL. SAN. TİC. A.Ş.,39.66172,27.91152,Opet
CESAN (İ.Y)PET VE İNŞAAT LİMİTED ŞİRKETİ,38.793033,30.319615,Opet
NAS PETROL ÜRÜNLERİ SOĞ. HAVA VE GID. SAN.TİC.LTD.ŞTİ.,37.195335,33.21863,Opet
LARA BETON İNŞ.SAN.VE TİC. A.Ş,37.1126,37.38157,Opet
DURPET PETROL OTO. MAD. G. TUR TAAH. EM.HAY.SAN. VE TİC. LTD.,38.77496,30.56927,Opet
NURPET İNŞ.PET.ÜRÜN.GID. SAN.VE TİC.LTD.ŞTİ.,40.97192,29.2491,Opet
ARUSOĞLU PETROL İNŞAAT TAŞIMAC MADENCİLİK SAN. VE TİC. LTD. Ş,37.16517,38.82304,Opet
PAMA PETROL ÜRÜNLERİ SANAYİ VE TİCARET LİMİTED ŞİRKETİ,41.19265,36.70659,Opet
SEZGİNLER PETROL ÜRÜNLERİ NAK. VE TİC. LTD. ŞTİ.,39.81713,34.7887,Opet
OTTOMAN PET.HAF.İNŞ.NAK.TUR. SAN.VE TİC.LTD.ŞTİ.,40.9705,29.10099,Opet
ŞEYHMUSOĞULLARI AKARYAKIT SANAYİ TİCARET LİMİTED ŞİRKETİ,39.03395,43.36528,Opet
KARAHALLILAR OTO.AKARYAKIT DAY TÜK MAL SAN VE TİC A.Ş.,39.676781,27.932315,Opet
SARIÇAM KERESTE İNŞAAT TİCARET VE SANAYİ LTD. ŞTİ,38.31266,38.27024,Opet
ŞENTAV PETROL TARIM ÜRÜNLERİ G İTH. İHR. TİC. VE SA. LTD.ŞTİ,38.4893,43.3919,Opet
ÖZKOMPET AKARYAKIT ÜRÜNLERİ Tİ LİMİTED ŞİRKETİ,38.34849,38.36734,Opet
HESAPÇIOĞLU(VARSAK)OTO.PET.TUR İNŞ.TAR.HAY.TİC.SAN.VE PZ.AN.Ş,36.95602,30.70922,Opet
UTŞ GIDA İNŞ TEKS PETROL VE AM SAN VE TİC LTD ŞTİ,36.931717,34.912882,Opet
CE-KA PETROL TİC. LTD. ŞTİ.,36.22433,36.16173,Opet
BAŞARANLAR AKAR.TUR.NAK.GID.SA VE TİC.LTD.ŞTİ.,37.683979,38.056339,Opet
ŞEKER PET.ÜR.TUR.TAŞ.SAN.VE TİC.A.Ş.,39.89469,30.0613,Opet
NAKİPOĞLU PETROL ÜRÜNLERİ CANL HAYVAN VE NAKLİYECİLİK TİCARET,37.7266,33.16341,Opet
LATİF BAŞKAL (2) AKARYAKIT TİC VE SANAYİ ANONİM ŞİRKETİ,38.74669,35.44937,Opet
NUR PETROL MOB. DEK. TUR. TEKS OTO. İNŞ.  SAN. VE TİCARET A.Ş,40.026584,32.89657,Opet
PÜRLÜ OTOMOTİV SERV.YED.PARÇ. AKAR.ÜRÜN SAN.VE TİC.LTD.ŞTİ,37.761213,30.60205,Opet
OPET MARKET VE AKARYAKIT İSTAS İŞLETMECİLİĞİ A.Ş,41.01419,29.16401,Opet
MEHMET ERTEKİN FİKRET PETROL,37.93516,41.92855,Opet
MÜRSELOĞLU AKARYAKIT ÜRÜN.GIDA TAŞ. İNŞAAT SAN. VE TİC. LTD.,37.55746,36.95706,Opet
KARABULUT PETROL VE OTOM. ÜRN. TAŞ.İNŞ.TAAH.SAN.VE TİC.LTD.ŞT,39.55341,27.10598,Opet
ARSAŞ PETROL ÜRÜNLERİ PROJE İN VE TİCARET ANONİM ŞİRKETİ,39.9694,32.61172,Opet
HESAPÇIOĞLU(KORKUTELİ)OTO.PET. TAŞ.İNŞ.TAR.HY.TİC.SN.VE PAZ.Ş,37.049911,30.241303,Opet
KINAY KARDEŞLER PETROL ÜRÜN.İN NAK.TÜK. MALL.TUR.SAN. VE TİC.,38.35252,38.04488,Opet
YAKUTTAŞ PETROL TURİZM İNŞ. SANAYİ VE TİCARET ANONİM ŞİRKE,40.46693,32.65361,Opet
BEŞ N MERMER PETROL TURİZM SANAYİ VE TİCARET LİMİTED ŞİRK,37.77526,29.09852,Opet
SOMPET AKARYAKIT VE GIDA ÜRÜN. SAN. TİC. LTD. ŞTİ.,38.741,35.4913,Opet
AKIBEY PETROL TURİZ.TAŞ.TAR HAY.İNŞ. SAN. TİC. VE PAZ. LTD,38.26679,32.10698,Opet
GÖZÜYUKARI ENERJİ PETROL SANAYİ VE TİCARET,39.96541,32.85444,Opet
ŞABAN KARADAŞ,38.549167,28.676667,Opet
HESTAŞ ENERJİ NAK. MADENCİLİK AKAR.İNŞ.TURZ.SAN. VE TİC.A.Ş.,37.89509,28.2685,Opet
ANKAPET GAYRİMENKUL SANAYİ VE TİCARET ANONİM ŞİRKETİ,39.957635,32.885128,Opet
YANMAZLAR PET.ÜRN.GIDA NAK.TUR İNŞ.ENER.SAN.VETİC.LTD.ŞTİ,39.76567,26.35172,Opet
SÜTRE PETROL ÜRÜNLERİ TUR. VE NAK. İNŞ. SAN. TİC. LİMİTED Şİ,38.457111,42.149333,Opet
MER-SAV YAĞ PETROL İNŞ. SAN. V TİC. LİMİTED ŞİRKETİ,37.14077,38.72504,Opet
YALVAÇ BELEDİYESİ ESSOM İKTİSA İŞLETMESİ BİRİNCİ ŞUBESİ,38.303171,31.168936,Opet
DEMGÜN PETROL İNŞAAT LİMİTED Ş,37.03859,37.320183,Opet
SEL PET.İNŞ.GID.VE MAD.SAN. TİC.LTD.ŞTİ.,40.89564,29.24917,Opet
AZİMLİ TİC. PETROL ÜRÜNLERİ GI VE SAN. LTD. ŞTİ.,38.63015,34.85636,Opet
T GÜNEY TURİZM GIDA VE İNŞAAT TİCARET LTD. ŞTİ.,37.29871,28.17917,Opet
KOROĞLU PETROL İNŞ. GALERİ GID TUR. EĞİTİM SAN. VE TİC. LTD.,38.44894,27.3748,Opet
GÜN-SEV MÜTEAHHİTLİK GID.PET. SAN. VE TİC.LTD.ŞTİ,36.957,37.3804,Opet
HESTAŞ ENERJİ NAKLİYAT MADENCİ AKAR. İNŞ. TUR. SAN. VE TİC. A,39.96409,32.74498,Opet
YCL MADENCİLİK VE ENERJİ ANONİ,39.75805,32.80415,Opet
GÖZDEGNY PETROLCÜLÜK SANAYİ VE TİCARET LİMİTED ŞİRK,41.570709,27.147908,Opet
SERİN AKARYAKIT ÜRÜNLERİ TURİZ VE İNŞAAT ANONİM ŞİRKETİ,41.131837,28.827065,Opet
KERVAN AKAR. VE AKARY. ÜR. UN UNLU MAM.GID.SAN.TİC.LTD.ŞTİ.,38.75539,35.37907,Opet
AKSOY PETROLCÜLÜK İÇ VE DIŞ Tİ LİMİTED ŞİRKETİ,36.96234,36.17697,Opet
ÇAKAR BEYLİ PETROL VE PETROL ÜRÜNLERİ LİMİTED ŞİRKET,38.774232,41.49881,Opet
HASKAYA AKAR.LOJ.İNŞ.GID.VETUR SAN.TİC.LTD.ŞTİ,38.499833,43.372194,Opet
NACAR ALTIN PETROL ANONİM ŞİRKETİ,39.94477,32.75832,Opet
DENİZLER HAF.MAD.NAK.PET.İNŞ.G SAN.VE TİC.LTD.ŞTİ.,40.19824,28.99112,Opet
GENİŞ PET.ÜR.İNŞ.TAAH. NAK.SANAYİ VE TİCARET LTD.ŞTİ,39.55586,27.08386,Opet
UZUNKUM ORHAN PETROL TİCARET LİMİTED ŞİRKETİ,40.99516,39.66894,Opet
DÖNÜŞÜM PETROL SAN. VE TİC.AŞ,37.271239,42.150672,Opet
DOĞKAR AKARY.TURZ.GID.TAŞ.İNŞ TEMZ.SAN. VE TİC.LTD.ŞTİ,37.7724,38.2648,Opet
ALPAYLAR TUR.İNŞ.GID.HAY.PET.Ü PAZ.SAN.VE TİC.LTD.ŞTİ.,41.40849,32.08902,Opet
MER-SAV YAĞ PETROL İNŞ.SAN. VE TİC.LTD.ŞTİ,37.14,38.7414,Opet
YE ENERJİ SANAYİ VE TİC. A.Ş.,39.855889,32.679704,Opet
ÇAĞLAR PETROLCÜLÜK LTD.ŞTİ,39.105958,42.280755,Opet
SAVAŞ PET.ÜRÜN.SAN.TİC.LTD.ŞTİ,40.90451,29.27855,Opet
VADİ PETROL OTOMOTİV VE TİCARE ANONİM ŞİRKETİ,39.897535,32.842859,Opet
GÜNGÖR TARIM İNŞAAT SAN. VE TİC.A.Ş.,38.30043,38.10484,Opet
BÖLEK PET.AKAR.İNŞ.GID.PAZ.SAN TUR.TİC.LTD.ŞTİ,40.91734,29.143921,Opet
KARAKAYA MADENİ YAĞLAR VE PETROL ÜRÜNLERİ TİC. SAN. LTD.,37.071112,36.239305,Opet
SAİTOĞULLARI AKARYAKIT PETROL İNŞAAT MEDİKAL TURİZM TEKSTİL,37.9175,40.1576,Opet
EGESAN MERMER SAN. TİC. LTD. ŞTİ.,37.28258,28.19254,Opet
HAYSPET PETROL SAN.VE.TİC.A.Ş.,37.42552,36.882862,Opet
KARAMOLLA PETROL İNŞAAT SANAYİ VE DIŞ TİCARET LİMİTED ŞİRKETİ,41.01538,37.47141,Opet
MEHMETÇİK İNŞAAT İTHALAT İHRACAT VE PETROL A.Ş.,37.7529,27.40307,Opet
OBA PETROL ÜRÜNLERİ SANAYİ VE DIŞ TİCARET LTD.ŞTİ,41.01268,28.54142,Opet
İNCA PETROL ÜRÜNLERİ SANAYİ VE TİCARET ANONİM ŞİRKETİ,37.61414,29.14374,Opet
ARISOY PETROL ÜRÜNLERİ İNŞAAT SANAYİ VE TİCARET ANONİM ŞİRKE,38.75039,35.46882,Opet
HESAPÇIOĞLU(DEMRE)OTO.PET.TUR. İNŞ.TAR.HAY.TİC.SAN.VEPAZ.ANO.,36.25275,30.03737,Opet
EKOL SÜT VE SÜT ÜRÜNLERİ TARIM HAYVANCILIK İNŞAAT,38.0682,34.78342,Opet
ANKALE AKARYAKIT İNŞ. GAYR. GIDA TAŞIMA SAN. VE TİC.,39.95649,32.61532,Opet
SÖĞÜT İNŞ. TAAH. PETR. MADENC. NAK. İÇ VE DIŞ TİC. A.Ş.,39.95942,32.76397,Opet
SÖĞÜT İNŞ. TAAH. PETR. MADENC. NAK. İÇ VE DIŞ TİC. A.Ş.,39.94269,32.61945,Opet
SÖĞÜT İNŞ. TAAH. PETR. MADENC. NAK. İÇ VE DIŞ TİC. A.Ş.,39.96268,32.60595,Opet
ANKALE AKARYAKIT İNŞ. GAYR. GIDA TAŞIMA SAN. VE TİC.,39.94926,32.59745,Opet
BS NAKLİYE PETROL ENERJİ İNŞAA TAAHÜT SANAYİ VE TİCARET,40.765679,29.776942,Opet
DEMTRAK DEMİRELLER SAN.YATIRIM PAZ. VE TİC. A.Ş.,37.89949,30.348524,Opet
BOZOK PET.VE TİC.A.Ş.,40.98256,29.10597,Opet
İMKAR AKARYAKIT SANAYİ VE TİCARET ANONİM ŞİRKETİ,40.182701,28.363221,Opet
SALCIOĞLU PETROL TİC. LTD. ŞTİ,37.84751,27.84254,Opet
KUZEYKENT PETROL TAŞ. İNŞ. GID TAR. HAYV. SAN. VE TİC. A.Ş.,37.596909,36.877268,Opet
DEMSA AKARYAKIT İNŞAAT SANAYİ VE TİCARET,37.04189,27.43683,Opet
NOVA AKAR.İNŞ.TURZ.SAN. VE TİC,39.800752,32.810668,Opet
ÖZTAŞLAR MÜHENDİSLİK TARIM İNŞ VE İNŞAAT MALZEMELERİ HAY. VE,38.43404,30.24871,Opet
ÇİZMECİOĞLU PET.NAK.OTO.TUR.İN SAN.VE TİC.A.Ş.,40.73563,31.58561,Opet
GÜLEL GIDA ÜRETİM AKARYAKIT SANAYİ VE TİCARET LİMİTED ŞİRK,37.1241,38.8117,Opet
EKMEKÇİLER PETROL ÜR.LTD.ŞTİ,41.426238,33.823189,Opet
KOÇLAR İNŞAAT NAKLİYE VE PET. SANAYİ VE TİC. LTD. ŞTİ.,38.287602,31.902,Opet
ULUPINAR NAK.PET.VE AKAR.ÜR.Dİ TES.KOM.OR.TUR.VEGID.PAZ.S.T.L,38.794735,30.099529,Opet
ORHAN ACAR-ACAR PETROL TESİSLE,41.23045,36.42085,Opet
AKDENİZLİ AKARYAKIT TAŞ.İNŞ.SA VE TİC.A.Ş.,36.528803,29.3421,Opet
ORONTES YEM.TE.BİL.İŞ.VER.HAZ. GID.İNŞ.OR.HA.İTH.İHR.SA.TİC.L,36.2419,36.5635,Opet
ABDURRAHMAN YAZMACI PET. TAR. TEKS. TUR. İNŞ. SAN. VE TİC. L,37.2261,39.7338,Opet
ASLAN KARDEŞLER SEBZE MEYVE PE GID.TAŞ.İNŞ.TİC.LTD.ŞTİ.,36.912393,30.646532,Opet
KARACAN MOTORLU ARAÇLAR ULUSLA NAK. AKARYAKIT SAN. VE TİC. A.,39.75277,30.62838,Opet
SALİHOĞLU ENERJİ PETROL İNŞAAT ANONİM ŞİRKETİ,36.78894,34.589150000000004,Opet
GOLDENBRIDGE LOJİSTİK İNŞAAT G TARIM SANAYİ VE LİMİTED ŞİRKET,36.78572,34.55242,Opet
AKD AKARYAKIT SANAYİ VE TİCARET ANONİM ŞİRKETİ,40.9076,29.34367,Opet
MAVİ ÇARŞI PETROL ÜRÜNLERİ GID İNŞ. SAN. VE TİC. LTD. ŞTİ.,38.34839,33.95821,Opet
KÖKÜMER PET.SAN.VE TİC. LTD.ŞTİ.,40.784563,30.38889,Opet
H B M ÜNAL PETROL ÜRÜNLERİ TEK HAYVANCILIK TİCARET VE SANAYİ,40.789498,30.373856,Opet
KARTALKAYA İNŞ.RENT A CAR SAN. VE TİC.LTD.ŞTİ,41.063972,28.323,Opet
SELÇUK PETROL TİCARET VE SANAYİ LİMİTED ŞİRKETİ,40.21298,28.999743,Opet
AYTİM PETROL TAŞ. İNŞ.TUR.TAAH SAN. VE TİC. LTD. ŞTİ.,36.99221,35.31619,Opet
SINIRLI SORUMLU BİGADİÇ MOTORLU TAŞIYICILAR KOOPERATİF,39.5846,27.9317,Opet
MELİH AKAR.DAĞ.VE TİC. LTD.ŞTİ.,40.84125,31.14009,Opet
CİLO PET. ÜRÜN. İNŞ. GIDA MAD. İTH. İHR. TAAH.SAN.VETİC. LTD.,37.576767,44.195691,Opet
DENGİZLER İNŞAT TAAH. OTO. GID PET. ÜRÜN. TİC. SN. VE PZ. LTD,39.958847,41.29169,Opet
İNDEX PETROL SANAYİ VE TİCARET LİMİTED ŞİRKETİ,39.8782,41.2269,Opet
DEMSA AKARYAKIT İNŞAAT SANAYİ VE TİCARET,37.29169,27.78128,Opet
ÖZMİRİOĞLU TURİZM PET. ÜRN. SA TİC. LTD. ŞTİ.,36.53287,36.14951,Opet
BALLIPINAR PET GID.İNŞ.TİC. VE SAN.LTD.ŞTİ.,38.74522,30.55473,Opet
ÖRGÜN PETROL VE OTOMOTİV SANAY LIMITED SIRKETI,40.49527,29.310622,Opet
ELİF PETROL AKAR.ÜRÜN.SAN. VE TİC.LTD.ŞTİ.,41.15673,29.62835,Opet
YAVUZ DEKORAS.İNŞ.TİC.İHR.VE İ LTD.ŞTİ.,40.76011,29.97352,Opet
ŞEKER PET.(2)ÜRÜN.TUR.TAŞ.SAN. TİC.A.Ş.,39.89231,30.08166,Opet
HEDEF PET.İNŞ.OTOM.NAK.DIŞ.TİC LTD.ŞTİ.,40.9901,29.26376,Opet
ALİ BABANIN ÇİFTLİĞİ ZİRAAT PE ÜRÜN.SAN.VE TİC. ANONİM ŞİRKET,38.210162,32.360443,Opet
3E PETROLCÜLÜK LİMİTED ŞİRKETİ,36.792005,34.612537,Opet
AĞAOĞLU OTOMOTİV VE PETROL TİC. PAZARLAMA A.Ş.,38.675822,29.388971,Opet
YARDIMCI PAZ.SAN.VE TİC.A.Ş.,40.762,29.92035,Opet
ÖRGÜN PETROL VE OTOMOTİV SANAY LIMITED SIRKETI,40.47655,29.3048,Opet
BOZOK PETROL.TİC.A.Ş.,40.909395,29.295082999999998,Opet
ÇALLI PETROL VE PETROL ÜRN. İN GIDA TUR MAD NAK SAN VE TİC LT,41.011611,28.828445,Opet
YÜKSEL PETROL TUR. NAK. OTO. İ GIDA SAN. VE TİC. A.Ş.,38.76683,30.53128,Opet
ARTEZYEN PETROL VE TİC. LTD.ŞTİ.,36.750176,31.523147,Opet
CEBECİOĞULLARI AKARYAKIT NAKLİ TEM.İNŞ.TUR.SAN.TİC.LTD.ŞTİ.,39.85126,33.4834,Opet
BY SİSTEM YAPI ENERJİ TAAHHÜT TİC. ANONİM ŞİRKETİ,38.712651,35.532014,Opet
OPET MARKET VE AKARYAKIT İSTAS İŞLETMECİLİĞİ ANONİM ŞİRKETİ,40.190251,29.08174,Opet
KATRE PETROL İNŞAAT TİCARET VE SANAYİ LİMİTED ŞİRKETİ,38.896731,40.504604,Opet
RUMELİ PET.NAK.GID.İÇ VE DIŞ T LTD.ŞTİ.,40.88663,29.24163,Opet
KARCI AKAR.BAYİ NAK.KÖM.GID. ÜRN.TİC.LTD.ŞTİ,39.101005,27.345208,Opet
SARIÇAM OTOMOTİV PETROL İNŞ. SANAYİ VE TİCARET LİMİTED ŞİRK,38.33047,38.29606,Opet
HEDEF PET.İNŞ.OTOM.NAK.DIŞ.TİC LTD.ŞTİ.,40.93164,29.33905,Opet
ÇİMENLER OTOM.TİC. VE SAN.A.Ş.,39.938234,41.286011,Opet
KARACAN OTOMOTİV PETROL ÜRÜNLERI TİCARET VE,39.8404,30.12593,Opet
SÜREYYAPAŞA PET.VE AKAR.ÜRN.SA VE TİC.LTD.ŞTİ,41.027517,28.857486,Opet
MOBAY İNŞAAT NAKLİYAT PET.GID. GÜBRE SAN. VE TİC. LTD. ŞTİ.,37.427026,35.789348,Opet
SULTANELİ PETROL ÜRÜNLERİ TURİ İNŞAAT SANAYİ VE TİCARET LTD Ş,36.530682,32.047444,Opet
KAYALAR PLAZA OTOM.YAPI MALZ.S VE TİC.LTD.ŞTİ.,40.66085,30.3542,Opet
DÜNYA MEŞRUBAT GIDA İNŞ. TUR.P SAN.VE TİC. LTD. ŞTİ.,36.245837,36.156856,Opet
AVE ENERJİ TİCARET ANONİM ŞİRK,39.892807,32.935088,Opet
KUMUŞOĞLU İNŞ.TUR.SAN.VE TİC. LTD.ŞTİ.,40.3693,29.12773,Opet
OKUR KARDEŞLER PET.HAY.TAŞ.GID İNŞ.SAN.VE TİC.ANONİM ŞİRKETİ,38.344535,33.972145,Opet
SEVİNDİ PETROL TİCARET VE SANAYİ ANONİM ŞİRKETİ,40.592595,33.61924,Opet
RAMADA GRUP PETROL ÜRÜNLERİ SANAYİ TİCARET LİMİTED ŞİRKETİ,37.86691,41.151962,Opet
C.I.T.Y TURİZM TİC. VE SAN. LTD.ŞTİ,40.987598,28.883999,Opet
MURAT LASTİK VE PET. ÜRÜN.NAK. VE TİC.LTD.ŞTİ.,38.882781,35.144671,Opet
BOZDOĞAN TARIM MAKİNALARI TİCA VE SANAYİ LİMİTED ŞİRKETİ,36.9722,37.4613,Opet
DAĞAÇIKAN PETROL ÜRÜN. TAŞ. GIDA İNŞ. SAN. TİC. LTD. ŞTİ.,37.072636,37.37534,Opet
CEMCAN PET.ÜRÜN.İNŞ.NAKL.RENT CAR SAN.VE TİC.A.Ş.,40.23477,28.97802,Opet
CANKAR AKAR. MÜH. MİM. MÜTEAH. VE İNŞ. MAL. MARKET NAK. HARİT,38.479952,28.119021,Opet
ÇIRALI AKARYAKIT DİNLENME TESİ İNŞ.TUR.NAK.SAN.VE TİC.LTD.ŞTİ,38.523348,30.220474,Opet
TOSYALI AKAR.OTOM.İNŞ.TURZ.GID VE İH.MAD.SAN. VE TİC.LTD.ŞTİ,41.011748,34.045662,Opet
MAY PET.ENERJ.İNŞ.SAN.VE TİC. A.Ş.,40.88611,29.28636,Opet
AKSU KİMYA PETROL İNŞAAT GIDA SANAYİ VE TİCARET LİMİTED ŞİRK,41.006504,28.667564,Opet
YONCA AKARYAKIT NAK.İNŞ.TAR.HA SAN.VE TİC. LTD. ŞTİ.,37.342686,36.072784,Opet
AKYOL AKAR.SAN. VE TİC.LTD.ŞTİ,40.908083,33.632867,Opet
ONGU ENERJİ İNŞAAT TEKSTİL HAYVANCILIK GIDA AKARYAKIT,37.60294,36.81248,Opet
CBA PET.ÜRÜN.İNŞ.NAKL.GID.HAY. İHR.TUR.SAN.VE TİC.LTD.ŞTİ.,40.737226,31.657155,Opet
KEREM KOLÇAK AKARYAKIT PETROL ÜRÜNLERİ SANAYİ VE TİCARET,37.86442,32.50112,Opet
AVCAN GIDA  VE PET.ÜRNL.PAZ. TİC.SAN.LTD.ŞTİ.,37.864969,32.525275,Opet
ATILIM GSM İLETHİZTUROTO..MAD. GI.TEK.İN.MOB.TEM.TA.VE HAY.Tİ,40.191307,29.121461,Opet
İNCA PETROL ÜRÜNLERİ SANAYİ VE TİCARET ANONİM ŞİRKETİ,37.613736,29.143963,Opet
CEYLAN PET.OTO.GID.TEKS.SER. HİZM.İNŞ.TUR.LTD.ŞTİ,39.951465999999996,32.823897,Opet
PÜSAN PETROL ÜR.OTOM.TUR.TİC.A,39.958423,32.97286,Opet
UZ PET PETROL ÜRÜNLERİ PAZ. SAN. VE TİC. LTD. ŞTİ.,41.084139,28.784456,Opet
ENÇ EMLAK MÜŞ. İNŞ. PET.ENERJ. OTO. İTH. VE İHR. SAN. TİC. LT,37.917404,40.183975,Opet
YURTSEVER PETROL ÜRÜN. DİN.TES SAN.VE TİC. LTD. ŞTİ.,37.18423,33.19457,Opet
İMKAR AKARYAKIT SAN. VE TİC. A,41.151068,28.787777,Opet
ÖZ SOYSALLAR AKARYAKIT GIDA NA İNŞ. TEKS. SAN. VE TİC. LTD. Ş,38.425325,38.361922,Opet
ERDEM ANTALYA PETROL (HURMA) Ü TİCARET ANONİM ŞİRKETİ,36.856504,30.606049,Opet
OKTAY AKARYAKIT ÜRÜNLERİ SAN.,37.775385,30.511157,Opet
OPET MARKET VE AKARYAKIT İSTAS İŞLETMECİLİĞİ A.Ş,40.98778,29.1438,Opet
RENK PETROL TURİZM ANONİM ŞİRKETİ,41.02913,28.806471,Opet
RENK PETROL TURİZM ANONİM ŞİRKETİ,41.0192,28.63084,Opet
RENK PETROL TURİZM ANONİM ŞİRKETİ,40.989821,28.668528,Opet
BELEN PET.NAKL.TİC.LTD.ŞTİ.,41.27284,31.48793,Opet
DÖRTEL AKAR.VE TARIM.ÜRÜN.TİC. A.Ş.,39.73908,30.628593,Opet
A.KORKMAZ DIŞ TİCARET LİMİTED ŞİRKETİ,36.274277,36.189293,Opet
BAĞIRKANLAR PETROL TURİZM NAKL OTO.TEKSTİL SAN.VE TİC.LTD.ŞTİ,38.05577,30.139991,Opet
ADAVİS LOJİSTİK PETROL MÜH. SA VE TİC. LTD. ŞTİ.,36.64182,32.86636,Opet
İMES PET.OTOM.İNŞ.TUR.SAN.VE TİC.LTD.ŞTİ.,41.00798,29.19299,Opet
O-P GRUP ENERJİ MAD.VE İNŞ. A.Ş.,40.91224,29.19158,Opet
KARDELEN OTOMOTİV İNŞAAT SANAYİ VE TİCARET LİMİTED ŞİRK,37.93275,40.19398,Opet
EREN KARDEŞLER PETR.TURZ.İNŞ.N TAŞ.HAFR.GID.SAN. VE TİC.LTD.Ş,40.698627,37.404982,Opet
BOZKUŞLAR PET.ÜRÜN.OTO.NAK.TUR GIDA BAS.YAY.HAY.MAD.SAN.TİC.L,38.722216,37.280353,Opet
SÖĞÜT İNŞ. TAAH. PETR. MADENC. NAK. İÇ VE DIŞ TİC. A.Ş.,39.906389,32.885278,Opet
KERVAN AKAR. VE AKARY. ÜR. UN UNLU MAM.GID.SAN.TİC.LTD.ŞTİ.,38.02261,36.506685,Opet
OPET MARKET VE AKARYAKIT İSTAS İŞLETMECİLİĞİ ANONİM ŞİRKETİ,40.76244,30.3929,Opet
IMC YAPI SANAYİ TİCARET LİMİTED ŞİRKETİ,38.74886,41.50663,Opet
ÖZET MÜHENDİSLİK ELEKTRİK İNŞA TAAHHÜT SANAYİ VE TİCARET LİMİ,40.90174,29.2469,Opet
ÖZCANLAR ÖZ PETROL SAN. VE TİC.LTD.ŞTİ,41.8075,35.18549,Opet
HESAPÇIOĞLU(KUNDU) OTO.PET.TUR TAŞ.İNŞ.TAR.HAY.TİC.SAN.VE PAZ,36.866637,30.820702,Opet
ADEM KÖKSAL OĞULLARI KOLL.ŞTİ,40.982803,37.888129,Opet
A.KORKMAZ DIŞ TİCARET LTD.ŞTİ.,36.558518,36.10112,Opet
SİTE AKARYAKIT PETROL GAZ ÜRET SANAYİ VE TİCARET ANONİM ŞİRKE,39.95327,32.90724,Opet
ERKAYALAR ENERJİ PETROL SANAYİ VE TİCARET LİMİTED ŞİRKETİ,39.86426,32.8187,Opet
İMES PETROL OTO. İNŞ. TUR. SAN. VE TİC. LTD. ŞTİ.,41.00161,29.16424,Opet
CEM PETROL OTOMOTİV VE TURİZM TİCARET A.Ş,41.12571,37.28996,Opet
EFE OTOMOTİV AKARYAKIT SANAYİ VE TİCARET LİMİTED ŞİRK,40.79144,29.98054,Opet
ŞAH TARIM İNŞAAT TUR. SEY. YAT SAN. VE TİC. LTD. ŞTİ.,37.849955,27.94426,Opet
FİLİZ ÇELİK MAMÜLLERİ İNŞ AKAR TURİZM SAN. TİC. A.Ş.,40.57618,33.61721,Opet
FERAMUZ KOÇ(2) KOÇ PETROL,40.867766,35.458051,Opet
YKD ENERJİ TİCARET ANONİM ŞİRK,40.91936,38.32469,Opet
PORT ENERJİ SANAYİ VE TİCARET LİMİTED ŞİRKETİ,40.926633,29.315666,Opet
ACAMAR AKARYAKIT İNŞAAT SANAYİ ANONİM ŞİRKETİ,39.74841,27.99904,Opet
ÜNLÜLER PETROL İNŞAAT KERESTE NAKLİYAT TİCARET,41.397861,33.785907,Opet
YASİN TOPÇUOĞLU YASİN TOPÇUOĞLU İNŞAAT PETROL,38.027096,36.48535,Opet
TUNÇ PETROL TUR. İNŞ. TİC. VE ANONİM ŞİRKETİ,40.98164,28.890839,Opet
TUĞRA MAKİNA JEO. MAD. PET. TU İNŞ. MÜH.VE MÜŞ. SAN.TİC. LTD.,40.011663,32.795172,Opet
USER PETROL İNŞAAT TUR. İTH. İHR. SAN. TİC. LTD. ŞTİ.,40.83725,29.29608,Opet
CEMALETTİN HÜSNÜ DOĞAN DEDE PETROL,38.954063,40.034173,Opet
HESAPÇIOĞLU OTOMOTİV PETROL TURİZM TAŞIMACILIK İNŞAAT TARI,36.876726,30.818958,Opet
HESAPÇIOĞLU (ASPENDOS) OTO.PET TAŞ.İNŞ. TAR.HAY.TİC.SAN.VE PA,36.894948,30.758099,Opet
LARA BETON İNŞAAT SANAYİ VE TİCARET A.Ş,37.083085,37.327015,Opet
LARA BETON İNŞ.SAN.VE TİC. A.Ş,37.030839,37.357649,Opet
KAMPET PETROL ÜRÜNLERİ DAĞITIM PAZARLAMA VE TİCARET A.Ş.,41.065712,28.98752,Opet
RAHİM YILDIRIM PETROL ANONİM ŞİRKETİ,38.720427,39.872678,Opet
FİMAR PETROL A.Ş,40.571803,34.991445,Opet
GEZEM PETROL İNŞAAT NAKLİYE  SANAYİ VE TİCARET LİMİTED ŞİR,40.6063,35.81238,Opet
KENDİROĞLU PETROL ÜRÜNLERİ TİC LTD.ŞTİ.,36.787763,31.443436,Opet
Y-EREN PETROL VE PETROL ÜR.TAŞ OTO. GIDA TUR.İNŞ.TA.SAN.VE Tİ,38.182153,27.47678,Opet
HES PETROL İNŞAAT GAYRİMENKUL TİCARET A.Ş,39.94604,32.71737,Opet
ALSEVİN PET.ÜR.DAY.TÜK.MAL.TUR MAK.OTO.SAN.İTH.İHR.TİC.LTD.ŞT,37.0362,35.27327,Opet
KALTUN MADENCİLİK SANAYİ NAKLİ VE AKARYAKIT TİCARET A.Ş.,37.645458,28.029937,Opet
ATL PETROL ÜRÜNLERİ A.Ş.,40.720125,30.367768,Opet
MAG PETROLCÜLÜK VE İSTASYON İŞLETMECİLİĞİ A.Ş.,40.282322,28.994034,Opet
MAG PETROLCÜLÜK VE İSTASYON İŞLETMECİLİĞİ A.Ş.,40.282425,28.996603,Opet
AYDOĞDU PET. TURZ. İNŞ. TAAH. VE SAN. LTD. ŞTİ.,36.84199,34.58869,Opet
TEMPET AKARYAKIT NAKLİYAT İNŞAAT SANAYİ VE TİCARET,40.5094,30.19972,Opet
KARMA PETROL İNŞ TUR OTO SAĞ. TAŞ. VE HAF. TİC LTD. ŞTİ.,37.029359,35.294168,Opet
İMES PET.OTOM.İNŞ.TUR.SAN.VE TİC.LTD.ŞTİ.,40.95666,29.21405,Opet
ARTU PETROL DEMİR ÇELİK NAK. SAN. VE TİC. LTD. ŞTİ.,36.778293,36.214721,Opet
SAYDAM AKARYAKIT SANAYİ VE TİCARET ANONİM ŞİRKETİ,40.94574,29.12723,Opet
ULTRA LİFE YAPI İNŞAAT ANONİM ŞİRKETİ,39.656456,35.833022,Opet
SARILAR ZİRAAT SEYA.OTOM.PET.T NAK.İNŞ.VE.İNŞ.MLZ.SAN.VETİC.L,36.48887,34.179526,Opet
CENGİZ GÖL,36.978383,35.323442,Opet
TANKAR ENERJİ PETROL OTOMOTİV GIDATAŞ. VE SAN. TİC.LTD.ŞTİ.,38.401939,27.124555,Opet
CANKAR AKAR. MÜH. MİM. MÜTEAH. VE İNŞ. MAL. MARKET NAK. HARİT,38.35148,28.52273,Opet
CANKAR AKAR. MÜH. MİM. MÜTEAH. VE İNŞ. MAL. MARKET NAK. HARİT,38.495556,27.734167,Opet
ENİS OKUMUŞ AKARYAKIT TİCARET LİMİTED ŞİRKETİ,41.01637,29.14606,Opet
MNK ÖZGÖBEK METROPOL TURİZM İNŞ.GIDA PETROL OTO.SAN.VE TİC,38.672778,29.424167,Opet
GÜNGÖR KARDEŞLER PETROL TURİZM İNŞAAT NAKLİYAT GIDA SANAYİ VE,40.93816,38.19719,Opet
ŞAHALİ İNCE(HABİBLER)PET.GID.T TUR.TAŞ.OTOM.EMLAK SAN.TİC.LTD,36.949726,30.728952,Opet
SİDAŞ EMLAK OTO.NAK.İNŞ.TAAH.P TUR.REK.ORG.TEKS.DAY.TÜK.MAL.T,39.765294,37.054967,Opet
ULUSOY PETROL ÜRÜNLERİ TİC. A.Ş,41.300063,36.330922,Opet
PARS ALİ AKARYAKIT OTO.TUR.İNŞ ENERJİ GIDA HAYV.TİC.SAN.TİC.L,39.880601,37.718971,Opet
YENİ TRUVA TURZ.PETROL VE PETR ÜRÜN.NAKL.GIDA İNŞ.SAN.TİC.LTD,40.181407,26.355172,Opet
ELİTE PETROL İNŞAAT TAAHHÜT NAKLİYE TİC. VE SAN. LTD. ŞTİ.,38.99043,29.39984,Opet
BAŞARANSERA TARIM VE HAYVANCIL NAKLİYE İNŞAAT TAAHHÜT İTHALAT,40.16711,31.92327,Opet
OPET MARKET VE AKARYAKIT İSTAS İŞLETMECİLİĞİ ANONİM ŞİRKETİ,41.099688,28.766649,Opet
ERKAYALAR AKAR. İNŞ. SAN. VE TİCARET LİMİTED ŞİRKETİ,39.982373,32.569184,Opet
ABC GRUP OTELCİLİK YATÇILIK PE SANAYİ VE TİCARET LİMİTED ŞİRK,38.356,27.133967,Opet
HAMZAOĞLU PETROL ÜRÜNLERİ SANAYİ VE TİCARET LİMİTED ŞİRK,38.738598,41.54228,Opet
COB PETROL İNŞAAT TURİZM SAN. VE TİC. LTD. ŞTİ.,41.016333,28.626032,Opet
AKÇELİK AKARYAKIT MAD.TUR.YAPI İNŞ.TAAH. TİC VE SAN.LTD.ŞTİ,40.469167,40.978889,Opet
ERTEKİN PETROL ÜRÜN. TAŞ. İNŞ. TUR. LTD ŞTİ,41.292173,36.287339,Opet
MİRAP ULUSLARARASI NAKLİYAT TU OTO.AKARYAKIT SAN.VE TİC.A.Ş.,40.03686,27.07539,Opet
YÜZÜNCÜYIL GRUP PET.OTO.LOJ. SAN.VE.TİC.LTD.ŞTİ,39.8953,32.79679,Opet
KÖK PETROL SANAYİ VE TİCARET LTD. ŞTİ.,41.058852,28.831137,Opet
YILDIRIM KOÇ İNŞAAT GAYRİMENKU DANIŞMANLIĞI TİCARET VE,38.326297,34.009026,Opet
SERİNYIL PETROL NAKLİYE TURİZM PLASTİK SAN. ve TİC. LTD. ŞTİ.,38.3966,33.9862,Opet
AYSAN AKARYAKIT ÖZEL EĞ.HİZM.İ TURZ. GID. SAN. VE TİC. LTD. Ş,36.636788,29.371604,Opet
BERNU PETROL İNŞAAT TURİZM SAN. VE TİC. A.Ş.,41.679312,26.57689,Opet
ATL PETROL ÜRÜNLERİ ANONİM ŞİRKETİ,40.717154,30.131032,Opet
ANTTECH BİLİŞİM VE AKARYAKIT ANONİM ŞİRKETİ,36.559302,30.552919,Opet
ABAT ENERJİ PETROL ANONİM ŞİRK,41.081715,28.89624,Opet
DEMPET PETROL ÜRÜNLERİ İNŞ.TUR A.Ş.,40.98859,27.600064,Opet
LVN AKARYAKIT İÇ VE DIŞ TİCARET ANONİM ŞİRKETİ,39.836832,32.709507,Opet
MEHMET ŞAHİNOĞULLARI İNŞ. TEM. TUR. SAN. VE TİC. LTD. ŞTİ.,38.63633,34.70985,Opet
MAVİ BEYAZ AKARYAKIT İNŞ. PET. PAZARL. SAN. VE TİC. A.Ş.,36.862639,28.2725,Opet
HESAPÇIOĞLU(TOPALLI)OTO.PET.TU İNŞ.TAR.HAY.TİC.SAN.VE PAZ.ANO,37.025155,30.799044,Opet
SEFA MÜH. DAY. TÜK. GIDA İNŞ N VE PET. ÜR. SAN. VE TİC. LTD Ş,40.613675,36.792865,Opet
ER-BEY METAL TURİZM GIDA VE İNŞAAT PAZARLAMA SANAYİ,39.934034,32.83394,Opet
ALTERNATİF PETROL ÜRÜNLERİ PAZ VE MAKİNA İMA. SAN. TİC. LTD.,40.762233,29.956139,Opet
EYPET AKARYAKIT SANAYİ VE TİCARET ANONİM ŞTİ.,39.87053,33.44798,Opet
ACARLAR YATIRIM KİMYEVİ MADDE PETROL İNŞAAT,40.942034,35.658468,Opet
AHL TURİZM İNŞAAT PETROL ÜR. OTO. TEKS. SAĞ. HİZ. TİC. LTD.,41.359031,36.234072,Opet
YUSUF ZİYA ŞAHİN,40.7091,37.6221,Opet
KARSU AKARYAKIT İNŞ. TURZ. TİC VE SAN. A.Ş,40.73744,31.596388,Opet
AK OVA İNŞAAT SANAYİ TİCARET LİMİTED ŞİRKETİ,40.773865,29.74557,Opet
KARSU AKARYAKIT İNŞAAT TURİZM TİCARET VE SANAYİ ANONİM ŞİRKE,40.723713,31.609037999999998,Opet
ARSDEN PETROL ÜRÜNLERİ SANAYİ VE TİCARET ANONİM ŞİRKETİ,40.211017,29.109379,Opet
METEOR ENDÜSTRİ VE ENERJİ ANON,40.63513,29.2755,Opet
ÖZDEMİR 34 İNŞAAT GIDA PETROL AKARYAKIT ELEKTRONİK ENERJİ TA,39.829665,32.744263,Opet
ÖZÇELİKKAYALAR ALIŞVERİŞ MERKEZLERİ PETROL TARIM VE GID,37.8214,32.5175,Opet
İNTERLAND AÇIKHAVA REKLAMCILIK SANAYİ TİCARET LİMİTED ŞİRKETİ,41.00986,29.012238,Opet
BÜYÜKGEBİZLER PETROL ÜRÜN.TURZ İNŞ.VE SAN.TİC. A.Ş.,36.662693,30.548918,Opet
HIZLI PETROLCÜLÜK A.Ş.,41.032638,28.83409,Opet
ÇALLI PETROL VE PETROL ÜRN. İN GIDA TUR MAD NAK SAN VE TİC LT,37.570883,43.740984,Opet
OVA YAKIT ENERJİ NAKLİYE İNŞ.G OTO.MAD.TİC.SAN.LTD.ŞTİ,38.853152,40.543021,Opet
ELBİSTAN ENSAR PETROL ÜRÜNLERİ OTO.MAHR.SAN.TİC.LTD.ŞTİ.,38.206757,37.222821,Opet
YÜNTAŞ AKARYAKIT GIDA İÇECEK TUR. MER. ELEK. NAK. SAN. TİC.,38.746152,30.568359,Opet
ASGÜN PETROL LİMİTED ŞİRKETİ,39.641128,27.897476,Opet
RUMELİ AKARYAKIT SANAYİ  TİCARET LİMİTED ŞİRKETİ,41.057416,28.941504,Opet
RECAYİP UYGUR ÜÇ KARDEŞLER AKA TAAH. İNŞ SAN. VE TİC. LTD. ŞT,37.053982,35.170136,Opet
ENGGRUP PETROL ÜRÜNLERİ SANAYİ LİMİTED ŞİRKETİ,40.717938,29.76674,Opet
CANDAŞ AKARYAKIT ULAŞ. İNŞ. TU GIDA SAN. VE TİC. LTD. ŞTİ.,39.44392,31.56828,Opet
ERYİĞİT ENERJİ SANAYİ VE TİCAR LİMİTED ŞİRKETİ,40.29301,29.05697,Opet
ÖZ-AY PETROL İNŞAAT SANAYİ MÜHENDİSLİK TURİZM İÇ VE,40.21188,29.23604,Opet
ÖZTÜRKLER BRENT PETROL TAŞ.İNŞ İÇ VE DIŞ TİC. SAN.LMT.ŞTİ.,41.037231,28.84626,Opet
HAVES İNŞ. PETROL OTO.KUY.ULS. NAK.SAN. İÇ VE DIŞ TİC.LTD.ŞTİ,37.24783,42.435669,Opet
DOĞASEV EMLAK İNŞAAT AKAR. OTO TUR. SAN. VE TİC. LTD. ŞTİ,41.253158,31.422863,Opet
ER-ANADOLU PETROL ÜRÜNLERİ OTO NAK. İNŞ. SAN. VE TİC. LTD. ŞT,39.8969,41.2807,Opet
ÖZ YERLİKAYA PETROL BAKLİYAT G SANAYİ TİCARET ANONİM ŞİRKETİ,37.964503,34.68294,Opet
MOBİPA MOBİLYA TEKS.İNŞ.NAK. P ÜRN.SÜPER MARK. VE TUR.SAN.TİC,40.25832,28.95251,Opet
ÖZ ÖZCANLAR PETROL ÜRÜN. OTO. KUY. İNŞ.TUR. TİC. VE SAN. LTD,41.985559,35.095851,Opet
TOKTAYLAR PETROL NAK.GID.İNŞ VE DAY.TÜK.MAL.SAN.TİC.LTD.ŞTİ,38.7382,36.4253,Opet
ESA PETROL ÜRÜN. TUR. İNŞ. NAK. SAN. VE TİC. LTD. ŞTİ.,40.073014,32.942783,Opet
YURTSAN PETROL ÜRÜNLERİ TİCARE VE SANAYİ LİMİTED ŞİRKETİ,37.21822,33.298706,Opet
BOZKANLAR ENERJİ SANAYİ VE TİCARET ANONİM ŞİRKETİ,38.45112,27.48497,Opet
AYDIN MARKET SANAYİ VE TİCARET LİMİTED ŞİRKETİ,38.155124,27.36528,Opet
MERVAN OTO.TARIM NAK.PETROL KU TİC. VE SAN.LTD.ŞTİ,37.191941,40.519124,Opet
AKINTÜRK PETROL VE PETROL ÜRÜN NAKL.İNŞ.TURZ.SAN.VE TİC.LTD.Ş,37.90981,28.32739,Opet
OPET MARKET VE AKARYAKIT İSTAS İŞLETMECİLİĞİ ANONİM ŞİRKETİ,41.070027,28.916207,Opet
BALTA OTOMOTİV TAŞ.HAR.PET. ÜR.TUR.SAN. VE TİC. LTD.ŞTİ.,37.735658,38.219373,Opet
ENGİN NASIROĞLU,37.96145,41.14559,Opet
RECEP ÖRNEK AKARYAKIT VE PETRO ÜRÜN. TİCARET LİMİTED ŞİRKETİ,40.94388,38.26851,Opet
ENKA YATIRIM HİZMETLERİ SANAYİ VE TİCARET ANONİM ŞİRKETİ,36.858636,30.775763,Opet
DENBAY PETROL VE MADENCİLİK  LİMİTED ŞİRKETİ,37.345678,38.533972,Opet
YEŞİLYURT MÜHENDİSLİK MÜS.İNŞ. TUR.PET.SAN. VE TİC.LTD.ŞTİ,37.525465,34.069856,Opet
GÜRE AKARYAKIT SANAYİ VE TİCARET LİMİTED ŞİRKETİ,38.426338,27.2431,Opet
İ.S. ERTÜRK PET(SARIGÖL)TAR ÜR NAK T TEK ÜR KAN İŞL MOT ARA S,38.244152,28.67106,Opet
İ.S. ERTÜRK PET(DELEMENLER) T. NAK T TEK ÜR KAN İŞL MOT ARA S,38.274739,28.619969,Opet
NAKKAŞ PETROL İNŞAAT SANAYİ VE TİCARET ANONİM ŞİRKETİ,40.91639,29.14694,Opet
İZNEBİOĞLU PETROL ÜRÜNLERİ SAN.VE.TİC. A.Ş.,36.34053,36.20765,Opet
FOÇALILAR PETROL DENİZ NAK. SA VE TİC. LTD. ŞTİ,38.394014,27.01092,Opet
HAN ZADE PETROL VE PETROL ÜRÜNLERİ SANAYİ VE TİCARET,40.395821,26.887211,Opet
GÖÇYOLU PETROL ÜRÜNLERİ SAN.VE.TİC.LTD.ŞTİ.,37.46262,35.82271,Opet
HASBİL PETROL ÜRÜNLERİ SANAYİ VE TİCARET LİMİTED ŞİRKETİ,40.828502,30.469904,Opet
Bİ PETROL SANAYİ VE TİCARET LİMİTED ŞİRKETİ,41.03254,28.8837,Opet
GÖKYILDIZ TEKSTİL VE KONFEKSİY SANAYİ VE TİCARET LİMİTED ŞİRK,40.21044,29.28307,Opet
BALLIPINAR(K.Y.)PET GID İNŞ. TİC. VE SAN.LTD.ŞTİ,38.8372,30.433,Opet
MEF PETROL LOJİSTİK İNŞAAT SANAYİ TİCARET LTD.ŞTİ.,39.97617,32.86656,Opet
HAS PETROL İNŞAAT TEKSTİL SANAYİ VE TİCARET LİMİTED ŞİRK,40.856966,29.397823,Opet
SAR GLOBAL ENERJİ ANONİM ŞİRKETİ,41.021017,28.563154,Opet
DENİZ YALÇIN AKARYAKIT İNŞAAT NAKLİYE LİMİTED,38.679444,27.478889,Opet
MAVİ BEYAZ AKARYAKIT İNŞ. PET. PAZARL. SAN. VE TİC. A.Ş.,39.947991,32.747417,Opet
SEDAT ALTAY ZEYTİN YAĞ ZEYT ÜR PET TUR İNŞ PAZ SAN VE TİC LTD,39.083847,27.711849,Opet
FAVORİ PETROL OTOMOTİV TİCARET VE SANAYİ LİMİTED ŞİRKETİ,39.74514,37.02935,Opet
SAHA-BED PET.ÜRN. VE LİKİT PET GD.TAŞ.OTO.TAR.SAN.VE TİC.LTD.,38.09697,27.72424,Opet
İRFAN SAVAŞ PETROL VE PETROL ÜRÜNLERİ SANAYİ TİCARET LTD. Ş,40.8595,29.28177,Opet
ZİVER PETROL ANONİM ŞİRKETİ,38.66643,39.22687,Opet
ÖZTAŞLAR MÜHENDİSLİK TARIM İNŞ VE İNŞAAT MALZEMELERİ HAYV. VE,38.786806,30.6054,Opet
ZİVER PETROL ANONİM ŞİRKETİ,40.971334,29.257258,Opet
MERTER AKARYAKIT PAZ.İNŞ.TAAH. SAN.VE TİC.LTD.ŞTİ.,41.014271,28.900473,Opet
COŞKUN PETROL VE OTOMOTİV TİCARET LİMİTED ŞİRKETİ,40.473502,34.881871,Opet
SARIHANLAR PETROL ÜRÜNLERİ SANAYİ VE TİCARET LİMİTED ŞİRK,40.732864,30.186984,Opet
BLC HAZIR BETON İNŞAAT SANAYİ VE TİC. LTD. ŞTİ.,41.086146,31.178345,Opet
HAKKI ZORLU AKARYAKIT LİMİTED ŞİRKETİ,39.719709,39.568036,Opet
ERHAN İTHALAT İHRACAT SAN. VE TİC. A.Ş.,37.148773,37.402762,Opet
UFUK ÖZEL PETROL İNŞ.TUR.SAN. VE TİC.LTD.ŞTİ,37.41583,41.36939,Opet
REMAN İNŞAAT SANAYİ VE TİCARET LİMİTED ŞİRKETİ,38.626514,39.255348,Opet
GÖKKUŞAĞI PETROL İNŞAAT TURİZM TİCARET VE SAN. LTD. ŞT,41.023494,29.041696,Opet
DM PETROLCÜLÜK(İZMİR YÖNÜ) SAN.VE.TİC.A.Ş.,38.488137,27.573162,Opet
REŞPET AKARYAKIT PETROL ÜRÜNLERİ TAŞIMACILIK VE,37.69315,37.85079,Opet
DM PETROLCÜLÜK SAN.VE.TİC.A.Ş.,38.486366,27.576124,Opet
EMİN EMMOĞLU PETROL PAZARLAMA GIDA TİCARET LİMİTED ŞİRKETİ,36.164411,36.139797,Opet
HANCILAR PETROL TURİZM OTELCİL SANAYİ VE TİCARET LİMİTED ŞİRK,40.2873,38.3992,Opet
HİLMİ BEKEN TUR.PET.ÜRN. NAK. VE TİC. LTD.ŞTİ.,36.959103,30.605771,Opet
AYPET PETROLCÜLÜK SANAYİ VE TİCARET ANONİM ŞİRKE,37.093113,41.196665,Opet
KARTAL PETROL ÜRÜNLERİ TİCARET VE SANAYİ . A.Ş.,40.91106,29.18201,Opet
DALGIÇ LOJ.ULUS.TAŞ. PET.ÜRN.PAZ.TİC.LTD.ŞTİ,37.19167,37.26949,Opet
TURKUAZ YAKIT TAŞ.TEM.TEKS.GID TİC.VE SAN.LTD.ŞTİ.,38.90796,40.55723,Opet
USSA AKARYAKIT VE TİC.ANO.ŞTİ,41.016405,28.911508,Opet
ERKAYALAR LOJİSTİK PETROL İNŞ.SAN.VE TİC.LTD.ŞTİ.,39.976142,32.586839,Opet
KARESİ AKARYAKIT DAĞITIM VE TİCARET ANONİM ŞİRKETİ,39.668684999999996,27.90216,Opet
AVŞAR OĞULLARI AKARYAKIT  ÜRÜNLERİ ET ÜRÜNLERİ YEMEK,39.95088,32.89865,Opet
BAŞKENTLİLER AKARYAKIT İSTASYO İŞLETMECİLİĞİ TİCARET VE SANAY,39.4493,31.57068,Opet
ABC GRUP OTELCİLİK YATÇILIK PE SANAYİ VE TİCARET LİMİTED ŞİRK,41.000482,28.691519,Opet
İK SA PETROL OTO. İNŞ. NAK. TU SAN. TİC. İTH. İHR. LTD. ŞTİ.,40.60857,43.107612,Opet
TORUNOĞULLARI YAPI TURİZM İNŞ.TAAH.SAN.TİC.LTD.ŞTİ.,41.01062,38.851905,Opet
GÜLPAŞ PETROL VE PET.ÜRN. PAZ.TİC.LTD.ŞTİ.,41.027495,28.812575,Opet
KAYNAKLI AKARYAKIT SANAYİ VE TİCARET LİMİTED ŞİRKETİ,38.487565,27.694507,Opet
AKSOYLAR(2)TÜK.MAD.PAZ. SANAYİ VE TİCARET LTD.ŞTİ.,41.406082,27.337171,Opet
KAPTAN AKARYAKIT NAKLİYAT LİMİTED ŞİRKETİ,40.767368,29.968077,Opet
OSMAN ÜNAL PETROL SAN.VE.TİC.LTD.ŞTİ.,39.81025,32.70646,Opet
MOBİPA MOBİLYA TEKS.İNŞ.NAK. P ÜRN.SÜPER MARK. VE TUR.SAN.TİC,40.1119,29.4572,Opet
ŞAHİNLİ PETROL İNŞ.OTO.GID. SAN VE TİC.LTD.ŞTİ,37.977999,40.360855,Opet
YİĞİT EFE PET. LTD.ŞTİ.,37.06978,37.440278,Opet
CESAN(A.Y) PET.VE İNŞ. LTD.ŞTİ.,38.7598,30.3625,Opet
FEYZİOĞLU İNŞ. EMLAK SAN. İÇ VE DIŞ TİC. LTD. ŞTİ.,41.0221,37.54601,Opet
ALEV PETROL SERVİS HİZMETLERİ NAKLİYAT VE TİCARET AŞ.,41.054256,29.033865,Opet
BALIKESİR DEĞİRMEN AKARYAKIT RESTORAN TİCARET ANONİM,39.750280000000004,28.00024,Opet
DLN LOJİSTİK TAŞIMACIIK ANONİM ŞİRKETİ,39.909358,32.859172,Opet
SÖNMEZ(ANT.YOLU) PETROL ÜRÜN. TUR. VE TİC.LTD.ŞTİ,37.406448,30.540751,Opet
ALİŞEROĞLU AKDENİZ PETROL VE P  ÜRÜN.NAK. GIDA İNŞ. TUR. A.Ş.,37.05101,35.25829,Opet
AKDENİZLİ AKARYAKIT TAŞ. İNŞ.SAN. VE TİC.,36.642852,29.204172,Opet
ÖZPAR GIDA PETROL ÜRÜNLERİ KUY VE İNŞ. TİC. LTD. ŞTİ.,37.881111,32.431389,Opet
ÖZTÜRKLER MADENİYAĞ.ÜRN.AKAR.T İNŞ.SAN.TİC.LTD.ŞTİ.,41.070244,28.892633,Opet
ISBAŞ ISPARTA BEL.BİMS YAPI ELE.SAN. VE TİC.,37.76068,30.57268,Opet
ADALET SOSYAL HİZ.İNŞ.GID.TUR. PET.TAR.SAN.VE TİC.LTD.ŞTİ,37.933,40.1392,Opet
ALİUÇAR PETROL OTOMOTİV İNŞAAT MAKİNA İMALAT İTHALAT İHRACAT,41.558382,35.899849,Opet
NF PETROL TAŞ.İNŞ. LTD.ŞTİ,36.98815,35.34928,Opet
ODABAŞI MADENİ YAĞ AKAR. VE PET.ÜRN.SAN.TİC.LTD.ŞTİ,38.004025,40.120082,Opet
ÇANAKKALE BOĞAZ PETROL İNŞAAT TİCARET LİMİTED ŞİRKETİ,40.132088,26.440023,Opet
İÇKALE SOSYAL HİZM.TAŞ.İNŞ.GID OTO.SAN VE TİC.LTD.ŞTİ.,41.080375,28.652765,Opet
DOĞA AKARYAKIT PETROL ÜRÜNLERİ SANAYİ VE TİCARET LİMİTED ŞİRK,38.491364,27.706397,Opet
BURSA GİZ PETROL TEKSTİL İNŞAAT SANAYİ VE TİCARET,40.21888,29.09824,Opet
COB(2) PET.İNŞ.TUR.SAN. VE TİC.LTD.ŞTİ,41.026073,28.979843,Opet
ÖZ YÜKSEL KUYUMCULUK PETROL İN SANAYİ VE TİCARET ANONİM ŞİRKE,39.98296,32.77172,Opet
ÇELİKKESER PETROL İNŞAAT GIDA SANAYİ TİCARET LİMİTED ŞİRKETİ,40.74959,30.04449,Opet
ELİF LPG VE AKARYAKIT DAĞITIM SANAYİ TİCARET ANONİM ŞİRKETİ,40.87178,29.37162,Opet
SÖNMEZ(SANAYİ)PETROL ÜRÜN. TUR. VE TİC.LTD.ŞTİ,37.46552,30.57006,Opet
KULE GRUP PETROL ÜRÜNLERİ TİCARET ANONİM ŞİRKETİ,39.9786,32.76391,Opet
GAZİ NUR PETROL TAŞIMACILIK TE İNŞ.TUR. SAN. VE TİC. LTD. ŞTİ,36.964411,35.024851,Opet
YENİ TRUVA TURZ.PETROL VE PETR ÜRÜN.NAKL.GIDA İNŞ.SAN.TİC.LTD,39.341167,26.753783,Opet
OBA PASLANMAZ METAL VE PETROL ANONİM ŞİRKETİ,40.5707,34.9526,Opet
İPEK TUĞLA ANONİM ŞİRKETİ,38.77442,30.54377,Opet
ÖZKAYA PETROLCÜLÜK VE TİCARET ŞİRKETİ,39.207595,42.830833,Opet
YENİDOĞAN AKARYAKIT SANAYİ VE TİCARET LİMİTED ŞİRKETİ,40.83092,35.63299,Opet
ASPİR PETROL OTOMOTİV TARIM TU SANAYİ VE TİCARET LİMİTED ŞİRK,36.811153,34.623681,Opet
AZMİ ÖZCAN ÖZCAN PET.TİC.VE SAN.LTD.ŞTİ,36.894,30.5845,Opet
BULUTLAR PETROL İNŞAAT NAKLİYE VE TİCARET LİMİTED ŞİRKETİ,38.392521,35.507374,Opet
EGE BİRLİK İNŞAAT ANONİM ŞİRKETİ,37.7677,27.2801,Opet
YALIN PETROL ÜRÜNLERİ NAKLİYAT TURİZM TİCARET LİMİTED ŞİRKETİ,40.983893,39.82427,Opet
YERGÜN İNŞ. TUZ. OTO. GIDA VE,40.805003,29.367088,Opet
AK SA PET. ÜRÜN. İNŞ. TAAH. MA GIDA HAYV. SAN. VE TİC. LTD. Ş,39.9869,41.5843,Opet
OPET MARKET VE AKARYAKIT İSTAS İŞLETMECİLİĞİ ANONİM ŞİRKETİ,41.022231,29.115856,Opet
TPO TUNÇ PETROL OTOMOTİV LİMİTED ŞİRKETİ,41.10213,42.7085,Opet
ERTUĞRUL ALİBEYOĞLU,40.62997,43.13206,Opet
SABRİOĞLU PETROL SANAYİ VE TİCARET LİMİTED ŞİRKETİ,40.80106,42.61978,Opet
ALDES PETROL ANONİM ŞİRKETİ,40.8454,31.15196,Opet
AKDEMİR REST.PET.GID.TUR.SAN VE TİC.LTD.ŞTİ,40.984357,29.057126,Opet
ZİVER PETROL A.Ş.,38.64981,39.13859,Opet
SABAHOĞLU PETROL İNŞAAT ELEKTR NAK.GID.SAN. VE TİC. A.Ş.,39.998555,32.821866,Opet
MUHİTTİN CAN OĞULLARI TUR. İNŞ PET. ÜRN. NAK. İTH. İHR. SAN.,37.325084,40.718733,Opet
MEDEV İNŞAAT PETROL ANONİM ŞİRKETİ,37.07363,37.41277,Opet
TÜRKERİ SAĞLAM İNŞAAT PETROL ÜRÜN.GIDA İTH.İHR. VE TİC. LTD,40.77592,29.37789,Opet
FULYA AKARYAKIT TİCARET SANAYİ ANONİM ŞİRKETİ,41.055177,28.999214,Opet
Y-EREN PETROL VE PETROL ÜR.TAŞ OTO. GIDA TUR.İNŞ.TA.SAN.VE,38.170906,27.451715,Opet
ESBAŞ PETROL İNŞAAT GIDA TİCAR LİMİTED ŞİRKETİ,39.646246,27.785723,Opet
KAYABAŞ PETROL TAŞ.TEKS.EN.SAĞ İNŞ.TAH.İTH.İHR.SAN.VE TİC.LTD,36.704484,37.111254,Opet
10 NOLU AKARYAKIT İNŞAAT TAAHÜ TİCARET VE SANAYİ ANONİM ŞİRKE,40.8776,35.5872,Opet
SANKOT PETROL A.Ş.,37.251521,27.726321,Opet
ZİYADE PETROL ÜRÜNLERİ GIDA OT İNŞ. VE TAAH. SAN. VE TİC. A.Ş,40.875965,29.263198,Opet
ADM AKAR.İNŞ.PET.SAN VE TİC.LTD.ŞTİ,37.202921,38.799,Opet
ASLANLAR ANTALYA PETROL ÜRÜNLERİ VE TİCARET A.Ş.,37.11762,30.597376,Opet
G.N.H KARATAŞ İNŞAAT MALZEMELE HAF. SAN. PAZ. TİC. LTD. ŞTİ.,36.169662,36.109068,Opet
YOLPET PETROL GIDA SANAYİ VE TİCARET LİMİTED ŞİRKETİ,40.809951,29.565633,Opet
NEFT LOJİSTİK TİCARET LİMİTED ŞİRKETİ,40.98711,29.2261,Opet
BURSAPET AKARYAKIT İNŞAAT NAKL GIDA SAN. VE TİC. LTD. ŞTİ.,40.228808,29.061914,Opet
KLC GRUP MÜHENDİSLİK İNŞAAT PETROL OTOMOTİV GIDA İTHALAT,39.907753,32.9108,Opet
ELMALIK PETROL ÜRÜNLERİ NAKLİYE OTOMOTİV GIDA,40.721043,31.452923,Opet
İŞLER PETROL SANAYİ VE TİC. LT,37.788063,38.616695,Opet
GÜLNAR NAK. OTO. PETROL ÜRÜN. İNŞ. TUR. GIDA SAN. VE TİC.,39.245781,31.402161,Opet
TEMPET AKARYAKIT NAKLİYAT İNŞAAT SANAYİ VE TİCARET,39.898762,28.159078,Opet
HMZ AKARYAKIT VE PETROL ÜRÜNLE,40.870733,31.169195,Opet
HÜSEYİN DURAK PETROL TİCARET VE SANAYİ LİMİTED ŞİRKETİ,37.9468,34.63018,Opet
RENPET YATIRIM TİC. LTD. ŞTİ.,36.6408,36.21206,Opet
ALMEN GIDA İNŞAAT KUYUMCULUK M ENERJİ DAYANIKLI TÜKETİM HAYVA,38.45159,30.26326,Opet
KUBİLAY ENDÜSTRİYEL MUTFAK MALZEMELERİ TEMİZLİK GIDA İNŞA,38.616604,39.1007,Opet
ERTANLAR AKARYAKIT TURİZM TİCA LİMİTED ŞİRKETİ,36.8912,31.0066,Opet
OSMANLI PETROL NAKLİYAT SANAYİ  VE TİCARET LİMİTED ŞİRKETİ,41.1077,28.6339,Opet
STFC PETROL ÜRÜNLERİ İNŞAAT TURİZM TEKSTİL GIDA SANAYİ,36.992912,37.31419,Opet
ÖZTÜRKLER ENERJİ ULAŞTIRMA  VE PETROL İÇ DIŞ TİCARET,41.00126,27.976618,Opet
OPET MARKET VE AKARYAKIT İSTASYON İŞLETMECİLİĞİ,41.015705,29.074532,Opet
DEMTRAK DEMİRELLER SANAYİ YATIRIM PAZARLAMA VE TİCARET,37.8979,30.3547,Opet
HAS PETROL ÜRÜNLERİ TİC.VE.PAZ.LTD.ŞTİ,37.098431,28.37911,Opet
GÜVENCE ENERJİ GAYRİMENKUL ANONİM ŞİRKETİ,40.785446,29.38818,Opet
OPET MARKET VE AKARYAKIT İSTAS İŞLETMECİLİĞİ ANONİM ŞİRKETİ,41.1956,28.57,Opet
OPET MARKET VE AKARYAKIT İSTAS İŞLETMECİLİĞİ ANONİM ŞİRKETİ,41.1922,28.5709,Opet
ALİŞEROĞLU AKDENİZ PETROL VE PETROL ÜRÜNLERİ NAKLİYE,36.831652,36.195492,Opet
ALSANCAK AKSOY PETROL SANAYİ TİCARET LİMİTED ŞİRKETİ,40.874458,29.412574,Opet
BAŞARI AKRY. NAKLİYE OTO.İNŞ.T HAYV. GIDA TUR. SAN. TİC. LTD.,38.478077,27.0976,Opet
BAŞARI AKRY. NAKLİYE OTO.İNŞ.T HAYV. GIDA TUR. SAN. TİC. LTD.,38.422587,27.149732,Opet
AKAR MOTORLU TAŞITLAR AL. SAT.  YED. PAR. İNŞ. TUR. TAŞ.,39.654773,27.864421,Opet
DEM AŞ AKARYAKIT NAKLİYE İNŞ. HAYVANCILIK SAN. VE TİC. A.Ş.,37.4779,34.0472,Opet
GÜLTEKİNLER AKARYAKIT PETROL İTHALAT İHRACAT GIDA,39.556686,44.087169,Opet
SERHAD GRUP PETROL İNŞAAT KUYUMCULUK TARIM HAYVANCILIK,38.958639,41.036576,Opet
OPET MARKET VE AKARYAKIT İSTAS İŞLETMECİLİĞİ A.Ş,40.92882,29.436108,Opet
OPET MARKET VE AKARYAKIT İSTAS İŞLETMECİLİĞİ A.Ş,40.928969,29.439423,Opet
NİHAT KONDUMER PETROL ÜRÜNLERİ SANAYİ VE TİCARET,40.88102,29.23225,Opet
PETON ONUR PETROL ÜRÜNLERİ İNŞ SANAYİ TİCARET LİMİTED ŞİRKETİ,41.2612,36.315,Opet
ANS TUZ OTOMOTİV PETROL ÜRÜN. GIDA TURİZM.TİC.VE SAN.LTD.ŞTİ,38.631662,32.922932,Opet
BURDUR İHTİYAÇ MADDELERİ VE İNŞAAT SANAYİ TİCARET,37.720923,30.289404,Opet
BLUE PETROL ÜRÜNLERİ İNŞAAT TAAHHÜT SANAYİ VE,41.0294,28.7958,Opet
KÖKLER MİMARLIK MÜHENDİSLİK PE İNŞAAT VE TAAHHÜT İŞLERİ LİMİT,41.2816,27.9966,Opet
KENAN KARATAŞ İNŞAAT PETROL SANAYİ İÇ VE DIŞ TİCARET,41.016,28.8038,Opet
SEDAT ALTAY ZEYTİN YAĞ ZEYT ÜR PET TUR İNŞ PAZ SAN VE TİC LTD,38.520101,27.275657,Opet
KAREKSAN GIDA PETROL ÜRÜNLERİ SANAYİ VE TİCARET,40.898289,29.164125,Opet
SOĞANCILAR PETROL TURİZM MOBİL MEFRUŞAT TEKSTİL ÜRÜNLERİ SANA,41.212845,36.944069,Opet
KNC PETROL ÜRÜNLERİ İÇ VE DIŞ TİCARET LİMİTED ŞİRKETİ,40.999561,28.713709,Opet
BÜYÜKÇEKMECE PETROL GIDA İNŞAA TURİZM OTOMOTİV SANAYİ VE TİCA,41.023191,28.618808,Opet
HALİL AYDIN AKAR. İNŞ. TAAH. G NAK. HAFR. VE TİC. LTD. ŞTİ.,38.7843,35.2478,Opet
MY YAVUZLAR PETROL SANAYİ VE TİCARET LİMİTED ŞİRKETİ,37.569218,36.912743,Opet
ŞERAFETTİN ÇEBİ PETROL ÜRÜN. İ HAFRİYAT NAKLİYE TUR. SAN.,40.981726,27.554083,Opet
ACAMAR AKARYAKIT İNŞAAT SANAYİ TİCARET ANONİM ŞİRKETİ,40.658102,29.29186,Opet
BAYTAŞ AKARYAKIT NAKLİYAT İNŞA SANAYİ TİCARET LİMİTED ŞİRKETİ,37.5954,34.1732,Opet
OZT PETROL ÜRÜNLERİ TAŞIMACILI KİRALAMA LASTİK TARIM ÜRÜN.TİC,36.7679,34.5489,Opet
FLZ AKARYAKIT ENERJİ ÜRETİM İNŞAAT NAKLİYAT SAN. VE TİC. A,39.957206,32.691654,Opet
CK PETROL İNŞAAT TURİZM TİCARET LİMİTED ŞİRKETİ,37.0608,27.3397,Opet
BUHARA PETROL ÜRÜNLERİ SANAYİ TİCARET ANONİM ŞİRKETİ,41.02688,29.24269,Opet
OPET MARKET VE AKARYAKIT İSTAS İŞLETMECİLİĞİ A.Ş,38.952003,27.061961,Opet
OPET MARKET VE AKARYAKIT İSTAS İŞLETMECİLİĞİ A.Ş,38.954664,27.060169,Opet
OPET MARKET VE AKARYAKIT İSTAS İŞLETMECİLİĞİ A.Ş,38.660732,27.075878,Opet
OPET MARKET VE AKARYAKIT İSTAS İŞLETMECİLİĞİ A.Ş,38.664507,27.07375,Opet
EMTRAK OTOMOTİV SANAYİ VE TİCARET LİMİTED ŞİRKETİ,37.7825,30.5665,Opet
DURLANIK PETROL ÜRÜNLERİ TİCARET VE SANAYİ,39.78144,32.784184,Opet
BAŞ-TAŞ İNŞAAT SANAYİ VE TİCARET LİMİTED ŞİRKETİ,40.331388,27.891625,Opet
ÜNNAK MADENCİLİK PETROL  İNŞAAT TURİZM NAKLİYAT,37.958122,41.713062,Opet
DİCLEKENT PETROL ÜRÜN. İNŞ. SAN. TİC. LTD. ŞTİ.,37.939595,40.180306,Opet
OPET MARKET VE AKARYAKIT İSTAS İŞLETMECİLİĞİ ANONİM ŞİRKETİ,41.084773,29.332026,Opet
YÜKSEL PETROL ÜRÜNLERİ PAZARLA SANAYİ VE TİCARET LİMİTED ŞİRK,41.064208,28.982137,Opet
DMG PETROL SANAYİ TİCARET ANONİM ŞİRKETİ,38.620464,27.131669,Opet
YILSA İÇ VE DIŞ TİCARET GIDA SANAYİ LİMİTED ŞİRKETİ,37.2883,37.5751,Opet
KARABÜK ANADOLU PETROL VE TURİ SEYAHAT LTD. ŞTİ.,41.21519,32.648234,Opet
KARDELEN OTOMOTİV İNŞAAT SANAYİ VE TİCARET LİMİTED ŞİRK,37.864128,40.22212,Opet
YAŞAROĞLU ZÜMRÜT PETROL TURİZM TAAH. NAK. GIDA HAYVAN. MOB. O,41.00785,37.512374,Opet
TEMPET AKARYAKIT NAKLİYAT İNŞAAT SANAYİ VE TİCARET,41.097535,30.688243,Opet
ER-ANADOLU PETROL ÜRÜNLERİ OTO NAK. İNŞ. SAN. VE TİC. LTD. ŞT,39.898323,41.271297,Opet
TOPET TOKAT PETROL TUR. İNŞ. OTO. GIDA VE HAYVANCILIK,40.329307,36.557319,Opet
HİSAR PET.VE PET.ÜRN.OTO.ZİR.Ü OTEL VE GID.ÜRN.NAK.İNŞ.SAN.T.,39.101077,34.220897,Opet
AS KAR PETROL ENERJİ TİCARET VE SANAYİ LİMİTED ŞİRK,39.9245,40.7065,Opet
ARICI PETROL İNŞAAT ANONİM ŞİRKETİ,37.714913,27.385708,Opet
YB AKARYAKIT ÜRÜNLERİ TİC. LTD. ŞTİ.,39.57185,32.11394,Opet
ZYD PETROL ENERJİ BİLİŞİM TİCARET LİMİTED ŞİRKETİ,40.869015,29.334608,Opet
PRİME MOBİLE ELEKTRONİK LTD. Ş,38.371327,26.851123,Opet
TEKOĞLU AKARYAKIT İNŞ.OTO.GID. TURZ.İTH.İHR.SAN.VE TİC.LTD.ŞT,38.633824,27.438979,Opet
CEYNAK LOJİSTİK VE TİCARET A.Ş,41.0165,28.811700000000002,Opet
TAŞELİ AKARYAKIT İNŞAAT NAKLİY GIDA TURİZM TİC. VE SAN. LTD.,36.3363,33.9057,Opet
NATÜREL PETROL İNŞAAT GIDA TUR NAKLİYE SANAYİ VE TİCARET LİMİ,40.874283,35.237263,Opet
KARBEYAZ AKARYAKIT PETROL VE TAŞIMACILIK ANONİM ŞİRKETİ,39.903564,32.813979,Opet
ALTINTAŞ TAŞIMACILIK OTOMOTİV GIDA HAYVANCILIK PETROLCÜLÜK,41.0991,42.714,Opet
GÜNGÖR KARDEŞLER PETR.TURZ. İNŞAAT NAK.GID.SAN.VE TİC.LTD.,40.900844,38.438793,Opet
İHSAN KOL,40.507416,34.910007,Opet
BİRLEŞİM BAŞAKŞEHİR AKARYAKIT VE PETROL ÜRÜNLERİ PAZARLAMA,41.1135,28.798000000000002,Opet
FİKA ENERJİ PETROL İNŞAAT TURİ GIDA LİMİTED ŞİRKETİ,40.916916,29.195698,Opet
DİNAMİK AKARYAKIT PETROL ÜRÜNLERİ SANAYİ VE TİCARET,39.678,32.745,Opet
DURMUŞ ALİ ÇIKLA,36.827227,31.336258,Opet
DİNAMİK AKARYAKIT PETROL ÜRÜNLERİ SANAYİ VE TİCARET,39.6763,32.7425,Opet
OPET MARKET VE AKARYAKIT İSTAS İŞLETMECİLİĞİ ANONİM ŞİRKETİ,38.4449,34.4331,Opet
OPET MARKET VE AKARYAKIT İSTAS İŞLETMECİLİĞİ ANONİM ŞİRKETİ,38.4438,34.4315,Opet
ASAL PETROL OTOMOTİV SANAYİ VE TİCARET ANONİM ŞİRKE,41.328388,36.2971,Opet
ATEŞ PETROLCÜLÜK ENERJİ TİCARET LİMİTED ŞİRKETİ,41.524883,35.970672,Opet
ATAKO K PETROLCÜLÜK ANONİM ŞİRKETİ,36.859115,34.759394,Opet
UĞURKAYA GIDA PETROL SANAYİ VE DIŞ TİCARET LİMİTED,37.868544,27.649057,Opet
HATTAT YAKIT A.Ş.,38.800236,35.596268,Opet
AÇIKDENİZ ALTERNATİF ENERJİ SİSTEMLERİ OTOMOTİV PAZARLAMA,40.760305,30.364348,Opet
DOĞUKENT HARPUT PET. ÜRN. NAK. GIDA İNŞ.TURZ.SAN.VE TİC.LTD.Ş,38.67461,39.256134,Opet
DENGİZ PETROL İNŞAAT GIDA TURİZM LİMİTED ŞİRKETİ,37.903076,39.965805,Opet
ALYAN PETROL ÜRÜNLERİ NAKLİYE İNŞAAT TAAHHÜT SANAYİ VE,37.774532,27.443461,Opet
AS PRESTİJ İNŞ.OTO.KOM.TUR.SEY ACEN.YAK.KON.GI.AKAR.LTD.ŞTİ.,39.596107,26.962044,Opet
ERDOĞANLAR TURİZM A.Ş.,36.9957,35.2614,Opet
PETROL 24 PETROL ÜRÜNLERİ PAZA SANAYİ VE TİCARET ANONİM ŞİRKE,39.7382,39.5221,Opet
ERDAĞI PETROL SAN. TİC. LTD. Ş,41.204,28.0768,Opet
BAŞTAŞ OTOMOTİV SANAYİ VE TİCARET AŞ,39.436959,30.000137,Opet
KURUBAŞ PETROL NAKLİYAT TİCARET LİMİTED ŞİRKETİ,36.715961,29.920274,Opet
İ.S. ERTÜRK PETROL TARIM ÜRÜNL GIDA NAKLİYAT TURİZM TEKEL ÜRÜ,37.9404,28.9215,Opet
BÜYÜKHANLI KARDEŞLER İNŞ.  TUR. VE TİCARET ANONİM ŞİRKET,39.878969,32.862003,Opet
ERDEM ANTALYA PETROL (SAKARYA) TİCARET ANONİM ŞİRKETİ,36.921672,30.676235,Opet
KEMKÖSE PETROL LPG GIDA İNŞAAT TURİZM ENERJİ OTOMOTİV,39.316914,26.72105,Opet
ATLI OTOMOTİV NAKLİYAT SANAYİ TİCARET LİMİTED ŞİRKETİ,40.8881,29.3749,Opet
ÖZ-NİDA PETROL VE PETROL ÜRÜNLERİ PAZARLAMA SAN.,40.796794,29.992251,Opet
METELER AKARYAKIT İNŞAAT TURİZM OTOMOTİV TİCARET,36.6333,29.1318,Opet
İZMAR PETROL LOJİSTİK TURİZM VE GIDA SANAYİ,38.501949,27.873827,Opet
C KAYA PETROL SANAYİ VE TİCARET LİMİTED ŞİRKETİ,37.2269,27.6927,Opet
YELKENBİÇER PETROL ÜRÜNLERİ TİCARET VE SANAYİ A.Ş.,38.459426,27.215243,Opet
AKKUŞ MOTORLU ARAÇLAR PETROL TURİZM İNŞ. SAN.,40.54649,34.92758,Opet
ÖRNEKPET AKARYAKIT VE PETROL ÜRÜNLERİ TURİZM TAŞIMACILIK,37.961759,27.372384,Opet
OPET MARKET VE AKARYAKIT İSTAS İŞLETMECİLİĞİ ANONİM ŞİRKETİ,41.005873,28.659661,Opet
TEMİZ GRUP ENERJİ AKARYAKIT İNŞAAT TURİZM TİCARET,36.9466,28.7352,Opet
KALE HAZIR BETON PETROL AKARYA ÜRÜNLERİ İNŞAAT MADENCİLİK HAF,39.720759,36.933926,Opet
AYTUR AKARYAKIT ENERJİ PETROL ÜRÜNLERİ SANAYİ TİCARET,38.6844,35.2382,Opet
MUHAMMET YILMAZ PETROL SANAYİ VE TİCARET LİMİTED ŞİRKETİ,38.686026,39.088653,Opet
GKM AKARYAKIT SANAYİ TİCARET LİMİTED ŞİRKETİ,40.848,33.2183,Opet
YUSUFOĞLU PETROL NAK. TAAH. VE TUR. TİC. SAN. LTD.ŞTİ.,41.233802,33.307362,Opet
İKETAŞ PETROL ÜRÜNLERİ SANAYİ VE TİCARET LİMİTED ŞİRKETİ,36.203331,36.150375,Opet
GOMAN ÇEVLİK PETROL LİMİTED ŞİRKETİ,39.9281,33.0065,Opet
YAŞAR PETROL TURİZM İNŞAAT MOBİLYA KUYUMCULUK NAKLİYE,41.068647,37.462741,Opet
LKS TURİZM TAŞIMACILIK ORGANİZ İNŞAAT LOJİSTİK VE PETROL ÜRÜN,41.152126,37.114791,Opet
ESRA PETROL TURİZM DİNLENME TE LOKANTA İŞL. ORMAN ÜRÜN.,37.828014,29.595653,Opet
ATİK ALTYAPI İNŞAAT PETROL SANAYİ VE,37.92064,40.22964,Opet
HKD DEMİR AKARYAKIT SANAYİ TİCARET LİMİTED ŞİRKETİ,41.1578,32.643036,Opet
KALE MADENCİLİK SANAYİ VE TİCARET ANONİM ŞİRKETİ,40.874828,26.662801,Opet
ARSEMİA PETROL LOJİSTİK GIDA İNŞAAT SANAYİ,37.79736,37.662659,Opet
ÖZET MÜHENDİSLİK ELEKTRİK İNŞA TAAHHÜT SANAYİ VE TİCARET LİMİ,40.814273,29.432003,Opet
SALİHLİ PETROL ÜRÜNLERİ GIDA İNŞAAT NAKLİYE SANAYİ,38.495158,28.180821,Opet
YUSUF AKARYAKIT ÜRÜNLERİ TURİZM SANAYİ VE,36.815814,34.595892,Opet
TORUNOĞULLARI YAPI TURİZM İNŞAAT TAAHHÜT SANAYİ VE,41.287222,36.202111,Opet
EDİRNE AKARYAKIT ÜRÜNLERİ VE PETROL HAYVANCILIK İNŞAAT,41.6373,26.6087,Opet
SALUT PETROL ÜRÜNLERİ İNŞAAT NAKLİYAT GIDA HAYVANCILIK TEKS,38.16589,41.50325,Opet
ÇALLI PETROL VE PETROL ÜRÜNLER İNŞAAT GIDA TURİZM MADENCİLİK,41.0154,28.8244,Opet
PRİNÇCİ PETROL ÜRÜNLERİ LPG NAKLİYE İNŞAAT TURİZM,40.657038,35.835608,Opet
ÜNYAZ OTOMOTİV PETROL ÜRÜNLERİ PAZ.SAN. VE TİC.A.Ş.,38.964947,33.513431,Opet
KUBİLAY ENDÜSTRİYEL MUTFAK MALZEMELERİ TEMİZLİK GIDA,38.647487,39.186462,Opet
BANKOĞLU PETROL ÜRÜNLERİ TAŞIMACILIK GIDA TİCARET VE,36.896431,31.21431,Opet
SARIÇAM PETROL İNŞAAT SANAYİ VE TİCARET LİMİTED ŞİRKETİ,38.3157,38.1426,Opet
MUSTAFA ALTUNBAŞ İNŞAAT TURİZM GIDA PETROL TARIM EMLAK OTOM.,36.9049,30.7139,Opet
BORDO MAVİ ENERJİ ELEKTRİK ÜRETİM TİCARET ANONİM ŞİRKETİ,40.985306,28.785816,Opet
DENİZ YALÇIN AKARYAKIT İNŞAAT NAKLİYE LİMİTED,38.451539,27.565293,Opet
İKRA PETROL YÖNETİM HİZMETLERİ İNŞAAT TURİZM TAŞIMACILIK TARI,37.394756,38.864239,Opet
SALTAN PETROLCÜLÜK ANONİM ŞİRK,37.511951,42.448184,Opet
MODA PETROL NAKLİYE İNŞAAT TİCARET LİMİTED ŞİRKETİ,40.772609,29.740812,Opet
OPET MARKET VE AKARYAKIT İSTAS İŞLETMECİLİĞİ ANONİM ŞİRKETİ,40.3984,26.6171,Opet
OPET MARKET VE AKARYAKIT İSTAS İŞLETMECİLİĞİ ANONİM ŞİRKETİ,40.3984,26.6143,Opet
SRT MÜHENDİSLİK İNŞAAT ELEKTRİ SANAYİ VE TİCARET LİMİTED ŞİRK,41.087,28.9505,Opet
ERDENİZ PETROL İNŞAAT MOB.TİC.,40.974205,37.928325,Opet
DÜZLER MARKET TARIM PETROL NAK TEKSTİL SANAYİ VE TİCARET LİMİ,38.9217,30.3688,Opet
DEMGÜN ENERJİ YAPI SANAYİ TİCARET LİMİTED ŞİRKETİ,37.395,37.131649,Opet
AVCILAR PETROL ÜRÜNLERİ TURİZM GIDA VE İNŞAAT NAKLİYAT SANAYİ,36.918213,31.064085,Opet
ERSZ AKARYAKIT LİMİTED ŞİRKETİ,40.751178,30.414842,Opet
DİCLE FIRAT PETROL İNŞAAT GIDA EMLAK MADENCİLİK NAKLİYE,37.881035,40.063156,Opet
ÖZYÜCELLER OTOMOTİV PETROL İNŞAAT GIDA HAYVANCILIK SANAYİ,39.81295,35.175503,Opet
MİKAİL AYDIN AKARYAKIT İNŞAAT  TAAHHÜT NAKLİYE HAFRİYAT GIDA,38.63064,35.76301,Opet
ARKE PETROL TAŞIMACILIK İNŞAAT SANAYİ TİCARET LİMİTED ŞİRKETİ,38.22154,27.939610000000002,Opet
SEFA KUYUMCULUK İNŞAAT TİCARET TURİZM LTD. ŞTİ.,36.5987,30.5455,Opet
OSMANLI YAKIT ENERJİ VE PETROL ÜRÜNLERİ SANAYİ,38.73265,35.42593,Opet
SEVA AKARYAKIT SANAYİ VE TİCARET ANONİM ŞİRKETİ,37.023378,37.337412,Opet
ASMALI PETROL İNŞAAT  SANAYİ VE TİCARET LİMİTED,40.848991,31.083021,Opet
AYAMAK PETROL İNŞAAT TİCARET VE SANAYİ LİMİTED ŞİRKETİ,36.9183,30.7046,Opet
ALWAJI PETROL GIDA OTOMOTİV SANAYİ TİCARET LİMİTED ŞİRKETİ,41.204514,27.102671,Opet
ÖZDEN AKARYAKIT VE MADENİ YAĞ SANAYİ TİCARET ANONİM ŞİRK,41.051931,28.911166,Opet
EVCİ PETROL ÜRÜNLERİ TİCARET VE SANAYİ LİMİTED,37.809032,29.16523,Opet
AS PRESTİJ İNŞ.OTO.KOM.TURZ.SE ACEN.YAK.KONF.GIDA VE DAY.TÜK.,39.484348,26.936895,Opet
BURGEM AKARYAKIT GIDA NAKLİYE LİMİTED ŞİRKETİ,40.422679,29.155338,Opet
MERCANLAR PETROL ÜRÜNLERİ OTOMOTİV SANAYİ VE TİCARET,38.3198,27.138,Opet
ENDÜLÜS AKARYAKIT SANAYİ VE TİCARET LİMİTED ŞİRKETİ,39.18295,27.62678,Opet
GÜNDOĞAR PETROL ÜRÜNLERİ MOBİL  KUYUMCULUK İNŞAAT TAAHHÜT,40.7739,30.3827,Opet
İKTAŞ İNŞAAT TAAHHÜT PETROL ÜRÜNLERİ PAZARLAMA VE TİCARET,39.917072,41.276434,Opet
NİLDA MÜHENDİSLİK TİCARET LİMİTED ŞİRKETİ,41.073011,39.176409,Opet
MERTER PETROL NAKLİYAT SANAYİ VE TİCARET ANONİM ŞTİ.,40.677042,29.351298,Opet
DÖNÜŞÜM PETROL SANAYİ VE TİCARET ANONİM ŞİRKETİ,37.342567,42.175565,Opet
ÜSTÜNLER AKARYAKIT DAĞITIM PAZ NAKLİYE YAPI İNŞAAT TEKSTİL TU,40.19701,29.166039,Opet
YILSA İÇ VE DIŞ TİCARET GIDA SANAYİ LİMİTED ŞİRKETİ,37.095261,37.418261,Opet
AKYOL OTOGAZ AKARYAKIT TİCARET LİMİTED ŞİRKETİ,37.640354,29.216867,Opet
MERTER PETROL NAKLİYAT SANAYİ VE TİCARET ANONİM ŞİRKE,41.008101,28.881801,Opet
TUNACAN PETROL İNŞ.TUR.NAK. TİC.LTD.ŞTİ.,41.29422,27.54138,Opet
RAN PET PETROL GIDA TAŞIMACILI MADENCİLİK İNŞAAT SANAYİ,36.680645,34.414009,Opet
AYDOĞAN PETROL İNŞ. SAN.  TİC. LTD. ŞTİ.,38.4045,38.2235,Opet
MERCANLAR PETROL ÜRÜNLERİ OTOMOTİV SANAYİ VE TİCARET,38.3401,26.7793,Opet
SEVA AKARYAKIT SANAYİ VE TİCARET ANONİM ŞİRKETİ,37.055511,37.325394,Opet
ÖZLÜCE PETROL ANONİM ŞİRKETİ,40.250377,28.937168,Opet
KURTOĞLU PETROL TEKSTİL VE GID ÜRÜNLERİ SANAYİ VE TİCARET,41.3315,27.9707,Opet
ENİS OKUMUŞ AKARYAKIT TİCARET LİMİTED ŞİRKETİ,41.08337,28.99981,Opet
OPET MARKET VE AKARYAKIT İSTAS İŞLETMECİLİĞİ ANONİM ŞİRKETİ,41.117797,29.023826,Opet
ATEŞ AKARYAKIT DAĞITIM TİCARET ANONİM ŞİRKETİ,40.791397,29.423841,Opet
SEZER PETROL İNŞAAT NAK. DAYAN TÜKETİM MALLARI SANAYİ VE TİCA,40.942364,29.301062,Opet
OPALPET ENERJİ OTOMOTİV PETROL İNŞAAT SANAYİ VE,37.589795,36.83898,Opet
BAŞARANLAR AKARYAKIT TURİZM NA GIDA SANAYİ VE TİCARET,37.76385,38.273824,Opet
GANİOĞLU PETROL ÜRÜNLERİ MÜTEAHHİTLİK İNŞAAT TURİZM,36.557616,31.994158,Opet
MEGA PETROL İNŞAAT SANAYİ VE TİCARET LİMİTED ŞİRKETİ,37.844559,27.893246,Opet
KÜYAP PETROL SANAYİ VE TİCARET LİMİTED ŞİRKETİ,39.40056,30.01828,Opet
EKREM KIRALİ PETROL LİMİTED ŞİRKETİ,40.242164,40.244686,Opet
EMEK TİCARET LİMİTED ŞİRKETİ,39.575852,32.142932,Opet
FIRAT ANTREPOCULUK GÜMRÜKLEME PETROL İTHALAT İHRACAT SANAYİ,39.898396,44.061024,Opet
OPET MARKET VE AKARYAKIT İSTASYON İŞLETMECİLİĞİ,41.055195,29.188343,Opet
OPET MARKET VE AKARYAKIT İSTASYON İŞLETMECİLİĞİ,41.1991,29.148558,Opet
OPET MARKET VE AKARYAKIT İSTASYON İŞLETMECİLİĞİ,41.197498,29.146168,Opet
SAR-PET AKARYAKIT ÜRÜNLERİ GIDA PAZARLAMA SANAYİ,41.198742,27.829287,Opet
KUMCUOĞLU PETROL İNŞAAT  NAKLİYE OTOMOTİV VE GIDA,37.2531,36.4669,Opet
ÖZ PETROL OTOMOTİV İNŞAAT İNŞAAT TURİZM NAKLİYAT SANAYİ,39.899164,32.686877,Opet
SELAHATTİN KOÇAK,39.510671,35.358757,Opet
MSB PETROL ÜRÜNLERİ ENERJİ İNŞAAT NAKLİYAT,39.891281,32.926784,Opet
SARAÇOĞLU RESTORASYON İLETİŞİM İNŞAAT PETROL ÜRÜNLERİ OTOMOTİ,36.901932,30.73526,Opet
HÜSNA UZUN OTOMOTİV İNŞAAT AKARYAKIT TİCARET ANONİM ŞİRKE,36.89128,30.57632,Opet
S.S.G. İNŞAAT TAAHHÜT PETROL Ü SANAYİ VE TİCARET LİMİTED ŞİRK,40.21003,29.18601,Opet
FERHATOĞLU PETROL ÜRÜNLERİ TURİZM İNŞAAT OTOMOTİV VE GIDA,39.586426,26.887402,Opet
HAS PETROL ÜRÜNLERİ TİCARET VE PAZARLAMA,37.215447,28.348885,Opet
LİMAŞ PETROL SANAYİ VE TİCARET ŞİRKETİ,38.653627,39.255549,Opet
ÖZ YALÇINLAR AKARYAKIT GIDA İNŞAAT TURİZM NAK.,37.854893,27.553135,Opet
ÖZDEMİR PETROL ÜRÜNLERİ PETROL CİHAZLARI İNŞAAT VE,37.891113,32.470928,Opet
AKYAR AKARYAKIT İNŞAAT TAAHHÜT SANAYİ VE TİCARET ANONİM,38.6142,27.39202,Opet
PETAK AKARYAKIT LİMİTED ŞİRKET,36.897953,35.064785,Opet
BULUTLAR PETROL İNŞAAT NAKLİYE SANAYİ VE,38.408127,35.490158,Opet
ÖZ ÖZCANLAR PETROL ÜRÜNLERİ OTOMOTİV KUYUMCULUK İNŞAAT,41.9887,35.0944,Opet
ELİT YAPI İNŞAAT PETROL ÜRÜNLERİ MÜHENDİSLİK ZEMİN VE,37.939780999999996,41.938969,Opet
OPET MARKET VE AKARYAKIT İSTAS İŞLETMECİLİĞİ A.Ş.,36.89991,30.7064,Opet
ESENYURT PETROL VE TİCARET ANONİM ŞİRKETİ,41.029316,28.682653,Opet
CİNKAYA PETROL OTOMOTİV SANAYİ VE TİCARET ANONİM ŞİRKETİ,37.7971,29.0423,Opet
OPET MARKET VE AKARYAKIT İSTAS İŞLETMECİLİĞİ ANONİM ŞİRKETİ,41.177655,28.748218,Opet
PETAK AKARYAKIT LİMİTED ŞİRKET,36.907387,35.070126,Opet
FİLDİŞİ PETROL ÜRÜNLERİ SANAYİ TİCARET LİMİTED ŞİRKETİ,41.019153,28.917784,Opet
OPET MARKET VE AKARYAKIT İSTAS İŞLETMECİLİĞİ ANONİM ŞİRKETİ,40.759148,30.388641,Opet
GÖÇMENTÜRK DAYANIKLI TÜK. MAL.TİC.VE TUR.LTD.ŞTİ.,36.463287,32.121018,Opet
SELCAN OTOMOTİV SANAYİ VE DIŞ TİCARET LİMİTED ŞİRKETİ,41.007164,28.928377,Opet
TULPAR MADENCİLİK VE PETROL SA TİCARET LİMİTED ŞİRKETİ,36.748352,31.523507,Opet
OPET MARKET VE AKARYAKIT İSTASYON İŞLETMECİLİĞİ,37.910496,28.849661,Opet
OPET MARKET VE AKARYAKIT İSTASYON İŞLETMECİLİĞİ,37.908714,28.85294,Opet
DRK KURUMSAL YAPI İNŞAAT VE TİCARET LİMİTED ŞİRKETİ,37.108318,38.65044,Opet
MOBİPA MOBİLYA TEKSTİL İNŞAAT NAKLİYE PETROL ÜRÜNLERİ,40.252524,28.955708,Opet
ÖM-KA PETROL ÜRÜNLERİ GIDA OTOMOTİV İNŞAAT VE ENERJİ,41.102116,27.945902,Opet
SEİS AKARYAKIT TURİZM ENERJİ İ TAAHHÜT İTHALAT İHRACAT SANAYİ,37.9139,28.34655,Opet
DAĞLIGİL PETROL NAKLİYE İNŞAAT SANAYİ VE TİCARET LİMİTED ŞİRK,38.676251,29.501211,Opet
HALİL ERDEM,40.288001,37.802121,Opet
SERİN PETROKİMYA SANAYİ VE TİCARET LİMİTED ŞİRKETİ,41.0752,28.9695,Opet
HRA LOJİSTİK VE DEPOLAMA ANONİ,36.803537,34.632702,Opet
AKDOĞAN PETROL TEKSTİL RESTOUR TAŞIMACILIK VE TURİZM SANAYİ V,38.54939,28.67522,Opet
AYKAL PETROL ÜRÜNLERİ TEKSTİL TARIM NAKLİYE MOTORLU,37.836598,40.657197,Opet
ATAK PETROL VE TİCARET ANONİM ŞİRKETİ,41.027079,28.626632999999998,Opet
BURDUR İHTİYAÇ MADDELERİ VE İNŞAAT SANAYİ TİCARET,37.713799,30.249525,Opet
APEKSA TARIM DEĞERLENDİRME SANAYİ VE TİCARET ANONİM ŞİRKE,40.800795,30.412038,Opet
TOPRAK PETROL MADENCİLİK SANAY TİCARET LİMİTED ŞİRKETİ,37.510044,42.440916,Opet
MODOĞLU ENERJİ SANAYİ VE TİCARET ANONİM ŞİRKETİ,40.869148,29.281166,Opet
BUPET BURSA PETROL ÜRÜNLERİ SANAYİ VE TİCARET ANONİM ŞİRKE,40.20114,29.04005,Opet
HALİL PEKDEMİR ÇİFTLİĞİ GIDA VE İHTİYAÇ MADDELERİ TİCARET,37.748966,29.106264,Opet
SABIRLAR FINDIK İHRACAT LİMİTED ŞİRKETİ,40.963072,39.993367,Opet
MUSTAFA KAHRAMAN-FARUK KAHRAMA,36.48962,36.210569,Opet
CONVEY PETROL ÜRÜNLERİ SANAYİ VE TİCARET,41.0795,28.9305,Opet
KARBEL İZMİR KARABAĞLAR BELEDİ İNŞAAT TEMİZLİK TANITIM,38.402473,27.116745,Opet
KULU PETROL ÜRÜNLERİ DİNLENME TESİSLERİ NAKLİYE,39.09227,33.074276,Opet
KANAROĞLU GRUP AKARYAKIT TİCARET VE LİMİTED ŞİRKETİ,36.38244,33.95842,Opet
HASAN ÖZTOPRAK,38.70647,35.55534,Opet
GEDİK AKARYAKIT OTOMOTİV TURİZM SAN. VE TİC. LTD. ŞTİ.,41.264521,36.380622,Opet
TUNALAR AKARYAKIT NAKLİYAT TUR İNŞAAT OTOMOTİV SANAYİ VE,39.791252,37.099735,Opet
NURİ YILMAZ AKARYAKIT İNŞAAT TAAHÜT SANAYİ VE TİCARET,40.5795,36.925,Opet
HALİLOĞLU PETROL ÜRÜNLERİ PAZARLAMA SANAYİ VE TİCARET,40.958237,40.02372,Opet
OPET MARKET VE AKARYAKIT  İSTASYON İŞLETMECİLİĞİ,37.797876,27.941037,Opet
OPET MARKET VE AKARYAKIT İSTASYON İŞLETMECİLİĞİ,41.054867,29.186972,Opet
OPET MARKET VE AKARYAKIT İSTAS İŞLETMECİLİĞİ ANONİM ŞİRKETİ,41.097945,28.812331,Opet
ÖZSA UNLU MAMÜLLERİ VE EKMEK İMALATI SANAYİ,40.85222,29.3112,Opet
KILIÇÇIOĞLU PETROLCÜLÜK LİMİTED ŞİRKETİ,39.7561,27.9631,Opet
KILIÇÇIOĞLU PETROLCÜLÜK LİMİTED ŞİRKETİ,39.7577,27.9589,Opet
ÖZTÜRKLER ENERJİ ULAŞTIRMA VE PETROL İÇ DIŞ TİCARET,37.841377,27.833498,Opet
GÜVEN ELİF OTOYOL İŞLETMELERİ ANONİM ŞİRKETİ,41.092956,28.918648,Opet
YAP PET PETROL TİCARET LİMİTED ŞİRKETİ,40.178484,38.081625,Opet
GÖÇMENTÜRK DAYANIKLI TÜKETIM MALLARI TICARET VE TURIZM,36.553501,31.977391,Opet
OPET MARKET VE AKARYAKIT  İSTASYON İŞLETMECİLİĞİ,37.796916,27.939138,Opet
DEVECİ PETROL ÜRÜNLERİ SANAYİ VE TİCARET LİMİTED ŞİRK,39.736813,36.997547,Opet
YEŞİL BURSA PETROL ÜRÜNLERİ SANAYİ VE TİCARET LİMİTED ŞİRK,40.2105,29.0193,Opet
YALMAN PETROL ÜRÜNLERİ VE NAKLİYAT TİCARET,37.01376,35.303502,Opet
DÜNDAR HATİPOGLU AKARYAKIT İNŞ GIDA TARIM TURİZM NAKLİYAT SAN,38.804382,30.661129,Opet
FAHSEL OTOMOTİV AKARYAKIT ÜRÜNLERİ PAZARLAMA SANAYİ,40.824175,29.35198,Opet
BUZCAN SOĞUK DEPOLAMA VE İHRACAT,41.006965,28.871325,Opet
FURKAN PETROL ÜRÜNLERİ PAZARLAMA VE TİCARET,39.5381,29.4909,Opet
ÖZAYDIN PETROLCÜLÜK ANONİM ŞİR,37.350851,40.659393,Opet
AKDENİZLİ AKARYAKIT TAŞ. İNŞ.SAN. VE TİC.,36.559435,29.389237,Opet
ÖZGÜR PETROL İÇ VE DIŞ TİCARET VE SANAYİ LİMİTED ŞİRK,40.682652,36.563435,Opet
TTGS PETROL GRUP ANONİM ŞİRKET,37.056841,37.345391,Opet
SARITAŞ TURİZM İNŞAAT TİCARET NAKLİYAT,38.4616,27.3394,Opet
KILINÇERLER PETROL PETROL ÜRÜNLERİ İTHALAT İHRACAT,39.0028,43.3135,Opet
BATAKKÖYLÜ GIDA TARIM PET.ÜRN. TAŞ.HİZ.SAN.TİC.LTD.ŞTİ.,40.69283,30.62102,Opet
DOĞANPET GRUP PETROL LOJİSTİK OTOMOTİV ENERJİ GIDA,36.703056,34.451667,Opet
ÇAĞLAYANLAR AKARYAKIT TİCARET VE SANAYİ LİMİTED ŞİRK,39.06698,34.369482,Opet
YÜKSEL PETROL ÜRN. OTOMOTİV  ELEKTRİK ELEKTRONİK NAKLİYE T,38.053701,30.149795,Opet
ERDOĞAN KAYA,39.747749,39.46371,Opet
YILMAR ET VE ET ÜRN.TEKSTİL İNSAAT GIDA MARKET,40.214888,28.893935,Opet
BAUSAN BİNA PROJE ARAŞTIRMA SANAYİ ANONİM ŞİRKETİ,41.0242,29.0549,Opet
HATİPOĞLU PAZARLAMA PETROL ÜRÜNLERİ İTHALAT İHRACAT NAKLİ,38.814742,26.980849,Opet
AS ROYAL PETROL TİCARET LİMİTED ŞİRKETİ,41.032106,28.905484,Opet
YAMAÇ PETROL LİMİTED ŞİRKETİ,41.014145,29.189976,Opet
İSMAİL KAKAÇ PETROL ÜRÜNLERİ TİCARET VE SANAYİ,40.544997,34.945727,Opet
ÖZDEMİR PETROL ÜRÜNLERİ PETROL CİHAZLARI İNŞAAT VE OTOMOTİV,37.949167,32.498611,Opet
HARANİLER PETROLCULÜK NAKLİYAT TİCARET LİMİTED ŞİRKETİ,37.186681,33.233431,Opet
İŞBAŞARANLAR OTOMOTİV SANAYİ VE TİCARET,41.247097,26.685012,Opet
İKİZLER ERKAN YILMAZ PETROLCÜLÜK SANAYİ,37.0831,36.6466,Opet
1. MURAT PETROL OFISI,41.662883,26.578193,Petrol Ofisi
ADASARHANLI KÖYÜ PETROL OFISI,41.083913,26.355788,Petrol Ofisi
ADASARHANLI MERIÇ YOLU PETROL OFISI,41.086027,26.349995,Petrol Ofisi
BOSTANPAZARI CAD. PETROL OFİSİ,41.667305999999996,26.558651,Petrol Ofisi
ÇÖPKÖY PETROL OFISI,41.225952,26.810944,Petrol Ofisi
EDIRNE MERKEZ,41.6680892,26.5712227,Petrol Ofisi
EDIRNE MERKEZ PETROL OFISI,41.667894,26.570829,Petrol Ofisi
EDIRNE YOLU,41.6266441,26.6240316,Petrol Ofisi
ENEZ PETROL OFISI,40.715519,26.105647,Petrol Ofisi
ENEZKAVŞAĞI,40.8376315,26.6227886,Petrol Ofisi
HAMIDIYE PETROL OFISI,41.1554158,26.6649839,Petrol Ofisi
HAMZABEYLI YOLU PETROL OFISI,41.787608,26.686532,Petrol Ofisi
HAVSA,41.5661804,26.8287998,Petrol Ofisi
HAVSA PETROL OFISI,41.540127,26.8175921,Petrol Ofisi
İPSALA ÇIKIŞI PETROL OFİSİ,40.87524,26.564237,Petrol Ofisi
İPSALA YOLU PETROL OFISI,40.88025,26.41878,Petrol Ofisi
İPSALA-M,40.9083173,26.3719585,Petrol Ofisi
KAPIKULE GIRIŞI PETROL OFISI,41.711742,26.375462,Petrol Ofisi
KEŞAN AĞADAYI TESISLERI PETROL OFISI,40.856135,26.621451,Petrol Ofisi
KEŞAN ÇIKIŞI İPSALA YÖNÜ PETROL OFISI,40.8754892,26.6070804,Petrol Ofisi
KEŞAN ESKI TERMINAL PETROL OFISI,40.855678,26.631037,Petrol Ofisi
KEŞAN GIRIŞI GELIBOLU YÖNÜ PETROL OFISI,40.825557,26.640846,Petrol Ofisi
KEŞAN GIRIŞI İSTANBUL YÖNÜ PETROL OFISI,40.87518,26.674250999999998,Petrol Ofisi
KIREMITLIK,40.8702235,26.6293318,Petrol Ofisi
KOLAĞILI PETROL OFISI,41.587055,26.707122,Petrol Ofisi
LALAPAŞA PETROL OFISI,41.83867,26.742528,Petrol Ofisi
MERIÇ,41.230668,26.5180281,Petrol Ofisi
MERIÇ ÇIKIŞI PETROL OFISI,41.196688,26.4249788,Petrol Ofisi
MERIÇ PETROL OFISI,41.193012,26.421426,Petrol Ofisi
PAŞAYIĞIT PETROL OFISI,40.856093,26.320456,Petrol Ofisi
PAŞAYİĞİT PETROL OFİSİ,40.951942,26.637137,Petrol Ofisi
ŞÜKRÜPAŞA PETROL OFISI,41.68068,26.581659,Petrol Ofisi
UZUNKÖPRÜ ÇIKIŞI PETROL OFISI,41.2406659,26.6849615,Petrol Ofisi
UZUNKÖPRÜ HAVSA YOLU 2 PETROL OFISI,41.4389,26.81545,Petrol Ofisi
YENIKARPUZLU PETROL OFISI,40.840788,26.301707,Petrol Ofisi
ΕΡΜΗΣ ΑΕΜΕΕ ΥΠ/ΜΑ ΚΩΣ 2,36.802937,27.093583,Shell
ΕΡΜΗΣ ΑΕΜΕΕ ΥΠ/ΜΑ ΚΩ,36.874144,27.190164,Shell
ΕΡΜΗΣ ΑΕΜΕΕ ΥΠ/ΜΑ ΚΩΣ 1,36.885258,27.251298,Shell
TURGUT REİS BODRUM.,37.010007,27.267088,Shell
DATÇA,36.763699,27.723933,Shell
ACIBADEM H-BODRM,37.05502,27.34875,Shell
ORTAKENT BODRUM,37.055898,27.350957,Shell
ΛΟΥΚΑΡΑΣ EM.,36.123384,28.059184,Shell
KONACIK.,37.0491,27.391251,Shell
BODRUM ÇARŞI,37.037771,27.434645,Shell
YALIKAVAK.,37.103116,27.314983,Shell
ACIBADEM TM-BOD,37.04293,27.43235,Shell
DİDİM.,37.38875,27.250347,Shell
ΜΥΡΤΕΑ ΑΕ ΥΠ/ΜΑ ΡΟΔΟΥ-ΛΙΝΔΟΥ,36.282933,28.15797,Shell
ΣΤΑΥΡΟΥΛΑΚΗΣ ΙΩΑΝΝΗΣ,36.411803,28.121307,Shell
ΜΥΡΤΕΑ ΑΕ ΥΠ/ΜΑ ΡΟΔΟΥ 1,36.416357,28.140509,Shell
ΚΑΡΑΜΑΡΙΤΗΣ Ι. & ΣΙΑ Ε.Ε. ,36.363285,28.193898,Shell
ΜΥΡΤΕΑ ΑΕ ΥΠ/ΜΑ ΡΟΔΟΥ 2,36.420747,28.20569,Shell
ΣΑΡΙΚΑΣ ΙΚΕ,36.435094,28.218845,Shell
ΜΥΡΤΕΑ ΑΕ ΥΠ/ΜΑ ΡΟΔΟΥ,36.440566,28.236469,Shell
İÇMELER MARMARİS.,36.80125,28.219085,Shell
ORTASALMA.,37.179761,27.609531,Shell
HAVAALANI BODRUM.,37.219454,27.662047,Shell
MARMARİS ÇIKIŞI.,36.865172,28.274305,Shell
TAŞHAN.,36.925456,28.2793,Shell
KORU-MİLAS,37.258579,27.736156,Shell
AKBÜK,37.389388,27.433409,Shell
AHMET YESEVİ,37.288701,27.789083,Shell
MİLAS GİRİŞİ,37.34155,27.734181,Shell
MİLAS MERKEZ,37.326038,27.778387,Shell
GÖKOVA.,37.041171,28.381411,Shell
GÖKOVA ATAKÖY,37.040085,28.385522,Shell
SARIKEMER DOĞU.,37.563184,27.354399,Shell
BAYIR.,37.258928,28.221738,Shell
İNÖNÜ YATAĞAN,37.335803,28.123573,Shell
YATAĞAN.,37.338662,28.136883,Shell
ΕΡΜΗΣ ΑΕΜΕΕ ΥΠ/ΜΑ ΣΑΜΟΥ 2,37.700002,26.911416,Shell
AKÇAKONAK,37.691245,27.380841,Shell
GÜZELÇAMLI,37.717733,27.240807,Shell
ΕΡΜΗΣ ΑΕΜΕΕ ΥΠ/ΜΑ ΣΑΜΟΥ 1,37.737458,26.984885,Shell
DALYAN.,36.834271,28.643121,Shell
DALAMAN ÇIKIŞI,36.793755,28.824476,Shell
GÜLAĞZI.,37.134781,28.372931,Shell
GÜLAĞZI-AKYAKA YOLU,37.13734,28.369933,Shell
KÖYCEĞİZ,36.966311,28.711458,Shell
MUĞLA ÇEVRE YOLU.,37.206011,28.342441,Shell
TEKŞAH-MUĞLA..,37.252599,28.244979,Shell
YARAŞ MUĞLA,37.148483,28.506706,Shell
YAĞCILAR.,37.58179,28.058756,Shell
ÇİNE.,37.613781,28.058171,Shell
ÖLÜDENİZ.,36.589511,29.154921,Shell
FETHİYE MERKEZ.,36.624845,29.131826,Shell
FETHİYE.,36.646253,29.131447,Shell
PATARA,36.317164,29.330077,Shell
FETHİYE ÇEVREYOLU,36.684041,29.112462,Shell
SEYDİKEMER,36.641044,29.331808,Shell
ELMALI,36.6993,29.917,Shell
KALE MERKEZ,37.454951,28.858341,Shell
FINIKE..,36.318678,30.159192,Shell
KUMLUCA.,36.358807,30.28414,Shell
KUMLUCA MERKEZ,36.367532,30.282923,Shell
KUMLUCA KARŞIYAKA,36.36357,30.29903,Shell
ÇAVDIR.,37.156471,29.682321,Shell
TEKİROVA,36.519942,30.52731,Shell
ÇAMYUVA,36.5861,30.5422,Shell
KEMER,36.59875,30.544535,Shell
GÖYNÜK.,36.663513,30.549342,Shell
İMREHOR.,37.053244,30.234272,Shell
KORKUTELİ.,37.006268,30.360933,Shell
KARAMANLI.,37.375151,29.833341,Shell
ACIPAYAM,37.517025,29.303599,Shell
CANKURTARAN.,37.682281,29.222891,Shell
ÇUKURKÖY.,37.684348,29.222296,Shell
CUMHURİYET DENİZLİ,37.7584,29.1071,Shell
LİMAN ANTALYA.,36.833422,30.596219,Shell
KONYAALTI,36.847379,30.608944,Shell
UNCALI.,36.901129,30.637725,Shell
AKDENİZ SANAYİ SİTESİ,36.907001,30.6498,Shell
LARA.,36.867611,30.725301,Shell
DURALİLER.,36.918206,30.672743,Shell
ANTALYA,36.855249,30.747298999999998,Shell
NARENCİYE,36.8809,30.7205,Shell
SAKARYA BULVARI,36.921256,30.674415,Shell
SANAYİ GİRİŞİ ANTALYA.,36.908613,30.691442,Shell
KIRCAMİ.,36.865086,30.741811,Shell
ATA,36.9102,30.6967,Shell
FESTİVAL ÇARŞI,36.887079,30.734314,Shell
KONUKSEVER,36.9127,30.7147,Shell
YENİKÖY.,37.006464,30.630418,Shell
DÖŞEMEALTI.,37.012911,30.63233,Shell
GÜZELOBA.,36.855772,30.795896,Shell
AŞIK VEYSEL,36.908846,30.738097,Shell
DEMOKRASİ KAVŞAĞI.,36.898861,30.763171,Shell
GAZİ BULVARI.,36.902538,30.758666,Shell
KUNDU TURIZM YOLU,36.858407,30.860959,Shell
VARSAK.,36.949796,30.708253,Shell
HAVAALANI ANTALYA,36.889504,30.8205,Shell
ALTINTAŞ,36.891757,30.82175,Shell
AYYILDIZ,36.94189,30.733307,Shell
YENIBULVAR ALTINOVA.,36.933112,30.775249,Shell
AKSU.,36.94776,30.837999,Shell
BELEK.,36.869549,31.021563,Shell
PAMFİLYA,36.8916,31.007,Shell
SILLYON,36.935516,30.955940000000002,Shell
DİKMEN ANTALYA.,36.925841,30.997291,Shell
SERİK ÇIKIŞI,36.9178,31.066638,Shell
ARTEMİS,36.915292,31.080238,Shell
TAŞAĞIL MERKEZ.,36.892308,31.236034,Shell
ÇELTEK.,36.811272,31.37534,Shell
MANAVGAT.,36.770703,31.489178,Shell
KARACALAR.,36.729336,31.546743,Shell
İNCEKUM,36.627744,31.760324,Shell
KONAKLI,36.581188,31.897028,Shell
MARİNA ALANYA,36.560251,31.950301,Shell
ALANYA ÇEVRE YOLU.,36.556651,31.979981,Shell
ALANYA MERKEZ.,36.545488,32.02561,Shell
ALAİYE,36.507,32.0755,Shell
SANAYİ ALANYA,36.542715,32.031218,Shell
GAZIPASA HAVALİMANI,36.300519,32.284845,Shell
MERSİN YOLU GAZİPAŞA.,36.279091,32.303201,Shell
ANAMUR.,36.083469,32.854481,Shell
BOZYAZI DENİZ,36.138649,33.162881,Shell
HADİM.,36.990329,32.464637,Shell
SEYDİŞEHİR KONYA,37.404727,31.870876,Shell
YEŞİLOVACIK,36.191927,33.612916,Shell
MUT.,36.642164,33.440904,Shell
KARAMAN KONYA YOLU,37.186038,33.182523,Shell
HAMİDİYE KARAMAN.,37.18069,33.226466,Shell
SİLİFKE MERKEZ,36.375144,33.938767,Shell
NARLIKUYU,36.442707,34.109959,Shell
LİMONLU.,36.551628,34.240082,Shell
ERDEMLİ.,36.603631,34.307101,Shell
MERSİN TÖMÜK,36.652545,34.382683,Shell
KARGIPINARI,36.6763,34.4107,Shell
SOLİ MEZİTLİ.,36.735001,34.516341,Shell
MEZİTLİ.,36.740914,34.518713,Shell
MEZİTLİ BULVAR,36.744313,34.522903,Shell
FINDIKPINARI,36.756251,34.524017,Shell
34.CADDE MERSIN,36.780232,34.545906,Shell
GÖÇMENKÖY.,36.776971,34.574039,Shell
2.ÇEVRE YOLU MERSİN.,36.785152,34.57436,Shell
FORUM MERSİN,36.785344,34.578317,Shell
MERSİN 3.ÇEVREYOLU.,36.79982,34.58065,Shell
13.CADDE MERSIN,36.800398,34.58252,Shell
TOROSLAR.,36.804701,34.602241,Shell
MEHMETALİ MERSİN.,36.804921,34.616131,Shell
AKDENİZ,36.808119,34.62201,Shell
ESKİ OTOGAR MERSİN,36.812091,34.633858,Shell
MERSİN ÇIKIŞI,36.845001,34.587932,Shell
YENİ HAL MERSİN.,36.829594,34.651346,Shell
KARACAİLYAS,36.840001,34.704429,Shell
HUZURKENT.,36.881695,34.819853,Shell
NUSRAT.,36.906997,34.88241,Shell
TARSUS MERKEZ.,36.91945,34.868401,Shell
MEZARLIK KAVŞAĞI,36.93264,34.892464,Shell
BEYDEĞİRMENİ.,36.929504,34.924733,Shell
SOLAKLI.,36.806716,35.334158,Shell
YENİCE ATALAR,36.968611,35.041582,Shell
KÜÇÜKDİKİLİ.,36.994319,35.212437,Shell
ADANA HAL GİRİŞİ..,36.996691,35.246521,Shell
ADANA OTOGAR ÖNÜ.,36.996655,35.261418,Shell
DAMLAMA KUZEY.,37.136688,34.855584,Shell
DAMLAMA GÜNEY.,37.136235,34.861373,Shell
BARKAL,36.994239,35.282396,Shell
OBALAR CADDESİ,36.980766,35.318951,Shell
SEYHAN.,36.977501,35.339167,Shell
KANALÜSTÜ.,37.021968,35.254101,Shell
KİREÇOCAĞI.,37.030182,35.254223,Shell
TÜRKMENBAŞI.,37.024056,35.278037,Shell
YÜREĞİR.,36.987511,35.348771,Shell
GİRNE BULVARI,36.987683,35.352872,Shell
TOROS CADDESİ,37.005062,35.330528,Shell
KURTTEPE.,37.049941,35.269562,Shell
SAMANDAĞ.,36.080647,35.985941,Shell
ARSUZ.,36.415389,35.896992,Shell
ÇAMLIBEL,36.993783,35.390781,Shell
ZİYAPAŞA BULVARI,37.011342,35.330327,Shell
CEYHAN ÇIKIŞI ADANA.,36.978172,35.462592,Shell
İLLER BANKASI,37.032575,35.317146,Shell
KİREMİTHANE.,37.018421,35.391471,Shell
MAHFESIĞMAZ.,37.035906,35.313556,Shell
SAMANDAG YOLU.,36.186999,36.122549,Shell
DEFNE,36.2145,36.1244,Shell
ANTAKYA,36.208538,36.165533,Shell
ANTAKYA E 5.,36.245761,36.17466,Shell
ANTAKYA ÇEVREYOLU.,36.25663,36.173072,Shell
SERİNYOL.,36.339023,36.208319,Shell
KARAAĞAÇ HATAY.,36.563423,36.135122,Shell
BELEN,36.461802,36.278891,Shell
FRENKCIFTLIGI.,36.578928,36.162215,Shell
İSKENDERUN,36.582884,36.169918,Shell
KARADURMUŞLU.,36.488334,36.364614,Shell
SAYLAK YOLU.,36.613683,36.421295,Shell
MİSİS.,36.970669,35.592324,Shell
OCAKLI DÖRTYOL.,36.846972,36.221419,Shell
ŞEHİTLER BULVARI.,37.013438,35.821531,Shell
CEYHAN GAR,37.018471,35.816189,Shell
CEYHAN MERKEZ,37.028561,35.81166,Shell
ERZİN,36.97285,36.13172,Shell
AKTEPE.,36.693515,36.477216,Shell
TOPRAKKALE.,37.059113,36.116432,Shell
OSMANİYE ŞİRİNEVLER,37.061096,36.220188,Shell
OSMANİYE MERKEZ,37.076766,36.252426,Shell
OSMANİYE MEVLANA,37.095295,36.288795,Shell
İSTİKLAL CADDESİ KİLİS,36.714846,37.100952,Shell
İMAMOĞLU,37.238911,35.642052,Shell
KADİRLİ.,37.364605,36.052087,Shell
NURDAĞI,36.7675,37.2002,Shell
KİLİS YOLU,36.9474,37.3855,Shell
GAZİANTEP KARATAŞ.,37.015576,37.360237,Shell
RASAF YOLU,37.045945,37.324396,Shell
ÜNİVERSİTE BULVARI-GAZİANTEP,37.055235,37.321347,Shell
25 ARALIK,37.039089,37.379242,Shell
İBRAHİMLİ.,37.063033,37.33522,Shell
SARIGÜLLÜK.,37.067847,37.360423,Shell
YEŞİLVADİ KONUTLARI,37.03703,37.422512,Shell
ŞAHİNBEY.,37.041718,37.424652,Shell
İNCİRLİPINAR.,37.070437,37.372723,Shell
ŞEHİRGÖSTEREN,37.093933,37.327338,Shell
KAYAÖNÜ GAZİANTEP,37.079795,37.36675,Shell
İPEKYOLU,37.075171,37.375618,Shell
TEKSTİLKENT,37.056198,37.41106,Shell
GAZİANTEP ÇEVRE YOLU.,37.083796,37.360334,Shell
ŞEHİT KAMİL.,37.073136,37.395555,Shell
ŞİRİNEVLER GAZİANTEP,37.068377,37.41466,Shell
MERVEŞEHİR,37.086698,37.39781,Shell
BAŞPINAR.,37.137852,37.302122,Shell
ORGANİZE SANAYİ BAŞPINAR.,37.140071,37.300542,Shell
YIKILMAZ GAZİANTEP,37.158158,37.283808,Shell
AKTOPRAK.,37.175019,37.279381,Shell
KÜSGET SANAYİ SİTESİ.,37.083906,37.425899,Shell
BELKIS MAHALLESİ,37.097616,37.413594,Shell
BEYLERBEYİ.,37.102129,37.403129,Shell
YUNUS EMRE MAHALLESİ NİZİP,36.9968,37.7957,Shell
NİZİP.,37.010138,37.798574,Shell
DUTLU,37.009499,37.850232,Shell
NARLI.,37.383995,37.134831,Shell
OTOBAN GİRİŞİ ŞANLIURFA,37.19799,38.56103,Shell
OTOBAN ÇIKIŞI ŞANLIURFA,37.1982,38.56551,Shell
TÜRKOĞLU K.MARAŞ.,37.390313,36.851257,Shell
PAZARCIK,37.505751,37.343988,Shell
AKÇAKALE YOLU ŞANLIURFA,37.028812,38.879961,Shell
AKABE.,37.142279,38.734538,Shell
SÜLEYMANŞAH ŞANLIURFA,37.117208,38.81872,Shell
ŞANLIURFA.,37.160614,38.799358,Shell
HALİLİYE DOĞU,37.156031,38.823586,Shell
HALİLİYE BATI,37.157667000000004,38.822679,Shell
SIRRIN.,37.162833,38.831686,Shell
KARŞIYAKA MAHALLESİ KARAKÖPRÜ,37.192018,38.795946,Shell
MEHMETÇİK-ŞANLIURFA,37.207422,38.774054,Shell
KARAKÖPRÜ ŞANLIURFA,37.211897,38.796921,Shell
GÖBEKLİTEPE ŞANLIURFA,37.159843,38.962894,Shell
HAVALİMANI YOLU - KARAKÖPRÜ,37.286694,38.795239,Shell
YENİ HAYAT,37.733295,38.212357,Shell
KIŞLA MAHALLESİ-VİRANŞEHİR,37.226594,39.743714,Shell
VIRANSEHIR MERKEZ,37.228028,39.773862,Shell
HİLVAN.,37.593022,38.971693,Shell
ADIYAMAN.,37.763268,38.279771,Shell
GAP ADIYAMAN.,37.763795,38.274943,Shell
KIZILTEPE GİRİŞİ,37.19136,40.513634,Shell
SİVEREK.,37.729528,39.296447,Shell
KIZILTEPE,37.22361,40.62486,Shell
NEMRUT,37.79881,38.61207,Shell
İSTASYON MARDİN,37.292671,40.711543,Shell
DİYARBAKIR ÇIKIŞI-MARDİN,37.336307,40.694131,Shell
ESKİ MARDİN,37.319902,40.730771,Shell
MARDİN.,37.316108,40.754959,Shell
ÖMERLİ YOLU.,37.337305,40.784975,Shell
ESKİYOL MAHALLESİ NUSAYBİN,37.102648,41.117856,Shell
BATI KARAKOÇ,37.809422,40.236221,Shell
ŞANLIURFA GİRİŞİ DİYARBAKIR,37.889347,40.003635,Shell
ŞANLIURFA ÇIKIŞI DİYARBAKIR,37.891138,40.007204,Shell
DİCLE MAHALLESI,37.869566,40.221231,Shell
DİYARBAKIR.,37.918501,40.139381,Shell
DIYARBAKIR HAVALIMANI..,37.91709,40.18311,Shell
SUR DİYARBAKIR,37.910325,40.226539,Shell
İSTASYON CAD.DİYARBAKIR.,37.911489,40.223503,Shell
DİYARBAKIR ÇEVRE YOLU.,37.918293,40.200283,Shell
FIRAT BULVARI.,37.933754,40.156085,Shell
KARACADAĞ CADDESİ,37.926698,40.189398,Shell
KAYAPINAR CADDESİ,37.938142,40.171306,Shell
ZİYA GÖKALP BULVARI.,37.934011,40.210985,Shell
SEYRANTEPE DIYARBAKIR,37.93594,40.208022,Shell
75. CADDE,37.94818,40.1584,Shell
FORUM DİYARBAKIR,37.955742,40.188641,Shell
ELAZIĞ YOLU DIYARBAKIR.,37.976914,40.159254,Shell
DİYARBAKIR ELAZIĞ YOLU.,37.979313,40.153109,Shell
MIDYAT..,37.421225,41.349894,Shell
BİSMİL.,37.845289,40.702798,Shell
SİLVAN YOLU DİYARBAKIR,37.9879,40.3722,Shell
BATMAN.,37.892406,41.12994,Shell
RAMAN BATMAN,37.881775,41.165596,Shell
DİYARBAKIR YOLU BATMAN,37.907013,41.118591,Shell
NUSAYBİN ÇIKIŞI CİZRE,37.312443,42.192009,Shell
PETROLKENT BATMAN,37.917826,41.142516,Shell
ŞIRNAK MERKEZ,37.503498,42.41835,Shell
SİİRT.,37.940897,41.916453,Shell
KOZLUK,38.168011,41.481395,Shell
HAKKARİ MERKEZ,37.559254,43.752764,Shell
TATVAN,38.507123,42.226975,Shell
AYDINLAR MAH TATVAN,38.512295,42.277619,Shell
ERGANİ.,38.272217,39.750934,Shell
MUŞ HAVALİMANI,38.734936,41.555605,Shell
MUŞ.,38.74918,41.503163,Shell
HAKKARİ YÜKSEKOVA,37.576392,44.193141,Shell
VAN İPEKYOLU,38.42987,43.304855,Shell
VAN HAVAALANI.,38.468751,43.348133,Shell
EDREMİT ÇIKIŞI VAN,38.483293,43.362062,Shell
CUMHURİYET VAN,38.482931,43.390639,Shell
VAN.,38.501463,43.373469,Shell
İSKELE CADDESİ,38.505968,43.386659,Shell
TUŞBA,38.520301,43.363578,Shell
VAN ÜNİVERSİTE,38.555976,43.316557,Shell
ERCİŞ,39.022092,43.374691,Shell
AĞRI DOĞUBEYAZIT,39.556822,44.083309,Shell
AĞRI SANAYİ,39.7138,43.0247,Shell
AĞRI MERKEZ,39.71871,43.033642,Shell
AĞRI GİRİŞİ,39.723989,42.982205,Shell
IĞDIR MERKEZ,39.936323,44.071615,Shell
Artashat highway Station 2,40.125351,44.488598,Shell
Artashat highway Station 1,40.125678,44.488127,Shell
Zvartnots Station 5,40.156862,44.401872,Shell
Isakov Avenue Station 3,40.156981,44.460255,Shell
Tbilisyan highway Station 4 ,40.234374,44.551853,Shell
Zovuni Station 6,40.249923,44.497168,Shell
Balahovit Station 5,40.259892,44.606899,Shell
KARS HAVALİMANI,40.574684,43.106893,Shell
KARS SUKAPI,40.602221,43.087664,Shell
KARS MERKEZ,40.610114,43.09828,Shell
ΕΡΜΗΣ ΑΕΜΕΕ ΥΠ/ΜΑ ΣΑΜΟΥ,37.796937,26.704577,Shell
DAVUTLAR ÇIKIŞI.,37.739361,27.294317,Shell
SÖKE YENİKENT,37.7617,27.381776,Shell
SÖKE.,37.750489,27.415596999999998,Shell
DEMİRKÖPRÜ AYDIN.,37.809451,27.281644,Shell
DEMİRKÖPRÜ DOĞU.,37.812881,27.279639,Shell
KUŞADASI MERKEZ,37.819886,27.267124,Shell
KUŞTUR.,37.8919,27.273349,Shell
SAZLIKÖY,37.798837,27.470064,Shell
KOÇARLI.,37.765512,27.708626,Shell
ORTAKLAR.,37.886902,27.494003,Shell
ALTINOVA,37.690892,27.991944,Shell
MERKEZ DENİZLİ.,37.788198,29.087477,Shell
DOKUZ KAVAKLAR.,37.795711,29.103761,Shell
ÇAKMAK DENİZLİ.,37.800525,29.022009,Shell
GÜMÜŞLER.,37.807487,29.069591,Shell
YENİ SAFAK,37.810156,29.034431,Shell
DENIZLI PINARKENT..,37.805069,29.212898,Shell
ANKARA YOLU DENİZLİ,37.812068,29.149222,Shell
BUCAK,37.430506,30.553108,Shell
BUCAK DAĞARCIK.,37.514242,30.53398,Shell
ÇELTİKÇİ BURDUR,37.527619,30.500686,Shell
BEYŞEHİR KONYA.,37.698681,31.728882,Shell
BAYINDIR KONYA,37.718106,31.756837,Shell
KAŞINHAN.,37.692481,32.579811,Shell
ÇOMAKLI KONYA,37.737895,32.549222,Shell
BAŞAK,37.855498,32.640666,Shell
TATLICAK KONYA,37.853853,32.665992,Shell
MEÇHULASKER.,37.870663,32.477512,Shell
YAKA.,37.879371,32.431281,Shell
KULE SİTE,37.890518,32.492006,Shell
KONYA ÇEVREYOLU DOĞU.,37.896851,32.536921,Shell
KONYA ÇEVREYOLU BATI.,37.897941,32.537551,Shell
BEDİR KONYA.,37.900166,32.489625,Shell
KONYA ANKARA YOLU,37.907495,32.51485,Shell
KARAPINAR.,37.713484,33.425391,Shell
DİKİLİTAŞ.,37.921723,32.507896,Shell
KONYA İSTANBUL YOLU.,37.934099,32.511213,Shell
KONYA EREĞLİ MERKEZ,37.516831,34.040871,Shell
ORHANGAZİ EREĞLİ.,37.526557,34.049174,Shell
POZANTI.,37.433366,34.876309,Shell
ADANA ÇIKIŞI KOZAN,37.427917,35.789441,Shell
KOZAN MERKEZ.,37.447126,35.8212,Shell
KOZAN CEVRE YOLU.,37.464126,35.807008,Shell
K.MARAŞ SANAYİ.,37.56424,36.951342,Shell
POLİS LOJMANLARI KAHRAMANMARAŞ.,37.563931,36.936526,Shell
KAHRAMANMARAŞ.,37.567696,36.927665,Shell
BİNEVLER KAHRAMANMARAŞ.,37.593139,36.857731,Shell
GÖLBAŞI ADIYAMAN ÇIKIŞI,37.77846,37.628011,Shell
GÖLBAŞI ADIYAMAN.,37.784171,37.643191,Shell
BİNGÖL.,38.906981,40.556009,Shell
SARAY MAHALLESİ BİNGÖL,38.897293,40.510921,Shell
ERZURUM PASİNLER,39.990031,41.740012,Shell
ÜRKMEZ.,38.08018,26.968294,Shell
ÇEŞME OHT GİŞELER..,38.305601,26.303337,Shell
ÇEŞME ŞİFNE,38.299181,26.383411,Shell
ΕΡΜΗΣ ΑΕΜΕΕ ΥΠ/ΜΑ ΧΙΟΥ 1,38.333556,26.145868,Shell
İNÖNÜ ÇEŞME.,38.325726,26.322347,Shell
ÇEŞME DALYAN,38.33919,26.302667,Shell
ΕΡΜΗΣ ΑΕΜΕΕ ΥΠ/ΜΑ ΧΙΟΥ,38.37671,26.136729,Shell
ΕΡΜΗΣ ΑΕΜΕΕ ΥΠ/ΜΑ ΧΙΟΥ 2,38.409747,26.134506,Shell
GÜLBAHÇE.,38.328178,26.644588,Shell
URLA KAVŞAĞI,38.3345,26.7678,Shell
İZMİR ÇIKIŞI SELÇUK.,37.964526,27.373907,Shell
SANCAKLI.,38.157713,27.156283,Shell
SANAYİ SİTESİ GERMENCİK.,37.871128,27.614239,Shell
İNCİRLİOVA,37.851862,27.732332,Shell
AYDIN ÇIKIŞI,37.808434,27.838698,Shell
ARIKBASI.,37.847464,27.803633,Shell
AYDIN MERKEZ,37.844571,27.825337,Shell
AYDIN OTOGAR.,37.8385,27.841309,Shell
SELÇUK OHT BATI.,38.070365,27.409942,Shell
SELÇUK OHT DOĞU.,38.070144,27.412486,Shell
TEPEKÖY.,38.142279,27.367171,Shell
İTOB SANAYİ.,38.185483,27.205186,Shell
SANAYİ SİTESİ AYDIN.,37.843131,27.859331,Shell
KÖŞK.,37.851064,28.050934,Shell
YENICE AYDIN,37.84285,28.55781,Shell
PAMUKÖREN-AYDIN.,37.906108,28.555428,Shell
SANCAKTAR,37.914131,28.382453,Shell
ESKİHİSAR,37.87362,28.133366,Shell
NAZİLLİ.,37.910528,28.321938,Shell
DALLICA MERKEZ,37.90707,28.29008,Shell
SULTANHİSAR.,37.885237,28.155039,Shell
KAKLIK.,37.837544,29.42416,Shell
CUMHURİYET SARAYKÖY,37.917051,28.934269,Shell
BOZKURT,37.8277,29.61793,Shell
BURDUR MERKEZ,37.7202,30.2889,Shell
İSTİKLAL BURDUR,37.767604,30.361274,Shell
ASAGI GOKDERE,37.542506,30.768216,Shell
ISPARTA ÇEVREYOLU.,37.776569,30.570131,Shell
ISPARTA.,37.775701,30.548521,Shell
LADİK KONYA YOLU.,38.207961,32.373455,Shell
LADİK.,38.208771,32.375211,Shell
SARAYÖNÜ.,38.254761,32.409401,Shell
KUTLUKÖY,38.302555,33.804717,Shell
KIZILYER.,37.926331,34.591561,Shell
NİĞDE.,37.963097,34.66069,Shell
NİĞDE GAR,37.9656,34.6835,Shell
YAĞDAN NİĞDE.,37.979279,34.705181,Shell
KICAK KÖYÜ.,37.569081,35.225261,Shell
HACIMİRZALI,37.481225,35.829898,Shell
ELBİSTAN ARSLAN,38.2073,37.2189,Shell
MALATYA ÜNİVERSİTE,38.348315,38.37481,Shell
BAHÇEBAŞI,38.349473,38.374795,Shell
KUYUÖNÜ.,38.330161,38.296327,Shell
YÜZAKI,38.323243,38.26378,Shell
MALATYA ISMETIYE.,38.351621,38.311379,Shell
MELİTA.,38.350561,38.307631,Shell
MALATYA KARAÖLMEZ TOPRAK,38.346589,38.283895,Shell
MALATYA SANAYİ GİRİŞİ,38.352227,38.300077,Shell
MALATYA ÇEVRE YOLU.,38.351344,38.294007,Shell
HAMAMDERESİ.,39.957865,41.406791,Shell
YELKİ,38.342451,26.863367,Shell
ÇEŞME OHT.GÜNEY.,38.349982,26.852192,Shell
ÇEŞME OHT KUZEY.,38.355396999999996,26.856442,Shell
GÜZELBAHÇE.,38.378221,26.894913,Shell
HAVAALANI İZMİR.,38.270551,27.154391,Shell
ÇİNÇİN.,38.272099,27.23087,Shell
KARAAĞAÇ BUCA.,38.272607,27.231182,Shell
LİMONTEPE,38.381506,27.104753,Shell
İNCİRALTI,38.397512,27.066922,Shell
GÜZELYALI.,38.39852,27.077819,Shell
TORBALI KAVŞAK,38.1784,27.3551,Shell
AYRANCILAR YAZIBAŞI,38.23163,27.296313,Shell
ORTAKÖY,38.2284,27.3708,Shell
TİRE GİRİŞİ,38.101691,27.716545,Shell
TİRE ÇIKIŞI,38.130088,27.675376,Shell
ÖDEMİŞ.,38.217009,27.975026,Shell
İZMİR ÇIKIŞI ÖDEMİŞ,38.215949,27.917328,Shell
ÜÇEYLÜL.,38.220808,27.938465,Shell
DİNDARLI,38.165563,28.693425,Shell
SARIGÖL,38.241835,28.683795,Shell
ALAŞEHİR GİRİŞİ,38.349709,28.529173,Shell
ULUBEY.,38.43299,29.296762,Shell
DİNAR.,38.055933,30.145819,Shell
LAVANTA,37.91269,30.307745,Shell
GÜLKENT,37.899346,30.339155,Shell
ÇİVRİL,38.29012,29.733424,Shell
GÖNEN ISPARTA.,37.877751,30.426865,Shell
ÇÜNÜR.,37.815103,30.533566,Shell
SANDIKLI,38.406221,30.227108,Shell
CUMHURİYET MAH.UŞAK.,38.635383,29.389802,Shell
ÇANLI KÖPRÜ.,38.642447,29.451185,Shell
KOZAĞAÇ.,38.379861,31.420841,Shell
CİHANBEYLİ.,38.638789,32.925767,Shell
CİHANBEYLİ ÇIKIŞI.,38.680818,32.922848,Shell
YENİCEOBA KAVŞAK.,38.798781,32.933681,Shell
HAMİDİYE AKSARAY.,38.330112,33.974566,Shell
ARATOL.,38.347708,33.956803,Shell
AKSARAY OSB,38.3165,34.0112,Shell
LALELİ,38.310209,34.063185,Shell
AKSARAY MERKEZ.,38.396174,34.0264,Shell
ŞEREFLİKOÇHİSAR ÇIKIŞI.,38.917291,33.561281,Shell
AKTAŞ NİĞDE,38.066253,34.781361,Shell
ACIGÖL,38.541252,34.507945,Shell
YAHYALI KAYSERİ,38.10859,35.361644,Shell
NİĞDE YOLU YEŞİLHİSAR.,38.283791,35.105571,Shell
DEVELİ MERKEZ,38.3819,35.4878,Shell
DEVELİ ÇIKIŞI,38.41973,35.494249,Shell
GÖKSUN,38.024196,36.51045,Shell
ATLAS..,38.208583,36.956694,Shell
KÖPRÜBAŞI ELBİSTAN,38.204172,37.180578,Shell
İKİZCE MAHALLESİ,38.324601,38.176969,Shell
YEŞİLYURT MALATYA.,38.334351,38.225911,Shell
TOPSÖĞÜT,38.387067,38.224856,Shell
MALATYA YOLU ELAZIĞ.,38.631319,39.111428,Shell
ELAZIĞ KOVANCILAR YOLU,38.61845,39.286106,Shell
ELAZIĞ ÇEVREYOLU,38.646892,39.171951,Shell
ELAZIĞ MERKEZ.,38.665978,39.223368,Shell
ELAZIĞ STADYUM,38.669589,39.19704,Shell
ELAZIĞ KEBAN YOLU.,38.680299,39.152213,Shell
ERZURUM OLTU,40.535675,41.959623,Shell
ARDAHAN MERKEZ,41.097917,42.67044,Shell
FOÇA YOLU,38.656402,26.807694,Shell
MAVİŞEHİR,38.478179,27.06512,Shell
BALATÇIK,38.5135,27.0437,Shell
KARABAĞLAR MERKEZ,38.3878,27.1342,Shell
BUCA.,38.392443,27.151018,Shell
SOĞUKKUYU.,38.468231,27.113461,Shell
ULUKENT ÇIKIŞI,38.55922,27.044262,Shell
KARŞIYAKA,38.465575,27.136767,Shell
ISTIKLAL MENEMEN,38.579366,27.06629,Shell
MENEMEN KAZIMPAŞA.,38.587243,27.072517,Shell
MENEMEN ÇIKIŞI.,38.644119,27.047142,Shell
BURUNCUK,38.669195,27.022807,Shell
ÇİTLENBİK.,38.756338,26.95531,Shell
ΕΡΜΗΣ ΑΕΜΕΕ ΥΠ/ΜΑ ΜΥΤΙΛΗΝΗΣ 3,39.122262,26.44752,Shell
ΕΡΜΗΣ ΑΕΜΕΕ ΥΠ/ΜΑ ΜΥΤΙΛΗΝΗΣ 2,39.120986,26.462336,Shell
ALTINDAĞ.,38.425256,27.183377,Shell
ÇINARLI.,38.438259,27.170301,Shell
İRİM.,38.437011,27.181091,Shell
BORNOVA SAPAK.,38.449191,27.182905,Shell
KAZIMDİRİK.,38.450611,27.188533,Shell
IŞIKKENT GİRİŞİ.,38.429596,27.212715,Shell
IŞIKKENT MERKEZ.,38.432496,27.213309,Shell
BAYRAKLI GÜNEY,38.480782,27.177434,Shell
IŞIKKENT BAĞLANTI YOLU,38.424403,27.259483,Shell
PINARBAŞI,38.438351,27.251289,Shell
FIRINLI,38.202478,27.607835,Shell
BAYINDIR HATAY.,38.217409,27.637908,Shell
KEMALPAŞA.,38.4281,27.4157,Shell
KEMALPAŞA ÇAMBEL,38.448191,27.517019,Shell
AMBARKAVAK.,38.450184,27.490453,Shell
ÇINARLIÇEŞME KUZEY.,38.462376,27.338819,Shell
NALDÖKEN.,38.453585,27.261452,Shell
DOĞANLAR,38.450406,27.251127,Shell
TURGUTLU GİRİŞİ,38.494846,27.638847,Shell
TURGUTLU.,38.492311,27.664749,Shell
ÖDEMİŞ MERKEZ.,38.250615,27.993424,Shell
SALİHLİ.,38.478292,28.089817,Shell
SARDES,38.496674,28.021436,Shell
SALİHLİ GİRİŞİ..,38.487008,28.13183,Shell
AHMETLİ,38.526667,27.939325,Shell
ÇAĞIRLIK.,38.520983,28.132909,Shell
KURUÇAY MANİSA.,38.525865,28.128488,Shell
TURGUTLU MERKEZ,38.496208,27.72864,Shell
DURASILLI,38.50871,28.241108,Shell
ALAŞEHİR MANİSA,38.360351,28.532693,Shell
KULA MERKEZ,38.54107,28.63871,Shell
KULA.,38.576901,28.752741,Shell
KAZIM KARABEKİR,38.66848,29.408363,Shell
UŞAK MERKEZ,38.6766,29.3884,Shell
UŞAK HAVALİMANI,38.677617,29.445301,Shell
KIRYURT.,38.680661,29.636421,Shell
BANAZ,38.705292,29.692918,Shell
SANDIKLI BATI.,38.475073,30.251307,Shell
BAŞKOMUTAN,38.630936,30.298433,Shell
KÜTAHYA GEDİZ,39.00871,29.408043,Shell
AKÖREN.,38.796056,30.394506,Shell
AFYON KAVŞAK,38.789504,30.457641,Shell
AFYON ÇEVREYOLU,38.775132,30.570448,Shell
AKÇİN KÖYÜ AFYON.,38.773457,30.5887,Shell
CUMHURİYET AFYON.,38.591211,30.972861,Shell
İSCEHİSAR.,38.844732,30.744854,Shell
BOLVADİN.,38.699871,31.048571,Shell
BOLVADİN ÇEVREYOLU.,38.717604,31.036207,Shell
KÖROĞLU BELİ,38.921657,30.895911,Shell
GÖMÜ.,39.055642,31.076288,Shell
SİVRİHİSAR,39.38775,31.497939,Shell
KULU.,39.088861,33.070847,Shell
ŞEREFLİKOÇHİSAR.,38.942193,33.541116,Shell
KULU KAVŞAK.,39.198522,33.092501,Shell
TUZGÖLÜ OHT GÜNEY,39.181915,33.338238,Shell
TUZGÖLÜ OHT KUZEY,39.183967,33.338,Shell
HAYMANA.,39.436991,32.499671,Shell
KIRŞEHİR DOĞU.,39.166681,34.152901,Shell
ÖZBAĞ KIRŞEHİR,39.222998,34.137974,Shell
GÖLBAŞI YAĞLIPINAR.,39.634411,32.829811,Shell
NEVŞEHİR ÇEVREYOLU.,38.608459,34.684911,Shell
GÜLŞEHİR,38.749287,34.62458,Shell
NEVŞEHİR.,38.644888,34.731848,Shell
PERİBACALARI,38.61161,34.800292999999996,Shell
MUCUR,39.0578,34.4031,Shell
YEŞİLHİSAR.,38.341332,35.090188,Shell
AVANOS,38.70424,34.842182,Shell
KIZILIRMAK.,38.776301,35.256917,Shell
KAYSERİ FSM,38.68918,35.400879,Shell
KAYSERİ OSB.,38.751971,35.334092,Shell
ANKARA YOLU KAYSERİ,38.883494999999996,35.144429,Shell
ARTEPE.,38.754241,35.381475,Shell
AMBARKÖY.,38.753081,35.386951,Shell
KEYKUBAT.,38.740472,35.409534,Shell
ÇİFTLİKLİ TARLA,38.925668,35.074371,Shell
ŞEHİR HASTANESİ,38.7633,35.4136,Shell
ERCİYES YOLU.,38.694287,35.495088,Shell
DEĞİRMENCİLİK,38.725643,35.459272,Shell
KAYSERİ.,38.723421,35.476171,Shell
TALAS.,38.694391,35.545618,Shell
ACIBADEM H-KAYS,38.71571,35.49937,Shell
KAYSERİ ÇEVRE YOLU.,38.730337,35.480704,Shell
TALAS YENİDOĞAN,38.702031,35.549799,Shell
30 AĞUSTOS BULVARI.,38.722899,35.526827,Shell
KAVAKYAZISI,38.731304,35.516917,Shell
PERVANE,38.748966,35.503108,Shell
MİMAR SİNAN KAYSERİ,38.734295,35.576382,Shell
SIVAS BULVARI,38.759832,35.562384,Shell
CIRKALAN.,38.791002,35.585626,Shell
GESİ,38.782216,35.61033,Shell
GÖMEÇ,38.844815,35.659647,Shell
PINARBAŞI KAYSERİ,38.7218,36.3872,Shell
KARAYAR.,38.72209,37.26026,Shell
GÜRÜN.,38.720931,37.273781,Shell
TUNCELİ MERKEZ,39.10061,39.546906,Shell
KARSKAPI.,39.908583,41.288557,Shell
ERZURUM YAKUTİYE MERKEZ,39.910652999999996,41.253342,Shell
ERZURUM SANAYİ,39.946238,41.290534,Shell
AZİZİYE,39.9313,41.1592,Shell
ΕΡΜΗΣ ΑΕΜΕΕ ΥΠ/ΜΑ ΜΥΤΙΛΗΝΗΣ,39.097882,26.555379,Shell
ΕΡΜΗΣ ΑΕΜΕΕ ΥΠ/ΜΑ ΜΥΤΙΛΗΝΗΣ 1,39.164524,26.50913,Shell
ΔΗΜΟΥ Β.,39.324011,26.183,Shell
ÇANDARLI,38.940994,26.945242,Shell
ALİAĞA ÇIKIŞI,38.84499,27.01461,Shell
ŞAKRAN GİRİŞİ,38.897972,27.06341,Shell
YENİ ŞAKRAN.,38.897388,27.064321,Shell
BAYRAKLI KUZEY,38.480311,27.185162,Shell
SALİHLER.,39.16627,26.840018,Shell
AYVALIK  ALTINOVA,39.237471,26.759386,Shell
AYVALIK GİRİŞİ,39.335376,26.737454,Shell
ERZENE.,38.482351,27.242257,Shell
BORNOVA KİPA,38.459198,27.240285,Shell
4.SANAYİ BORNOVA.,38.458475,27.251692,Shell
SABUNCUBELİ,38.5085,27.2693,Shell
ORGANİZE SANAYİ MANİSA.,38.606948,27.362633,Shell
MERKEZ MANİSA,38.625684,27.440033,Shell
GEDİZ KÖPRÜSÜ.,38.65719,27.447719,Shell
MANİSA GİRİŞİ,38.75745,27.63546,Shell
KAPAKLI,38.863017,27.740225,Shell
GÖLMARMARA.,38.720931,27.919341,Shell
AKHİSAR ORGANİZE SANAYİ,38.884312,27.760973,Shell
AKHİSAR OHT DOĞU,38.929704,27.705602,Shell
AKHİSAR OHT BATI,38.928287,27.701171,Shell
GELENBE BATI.,39.192972,27.853112,Shell
GELENBE DOĞU.,39.193577,27.854372,Shell
SİMAV MERKEZ,39.08831,28.993001,Shell
KÜTAHYA BULVAR,39.426659,29.968848,Shell
KÜTAHYA ÜNİVERSİTE,39.446082,29.952669,Shell
KÜTAHYA MERKEZ.,39.436137,29.999479,Shell
TERMİNAL TAVŞANLI.,39.538271,29.492689,Shell
KÜTAHYA GİRİŞİ,39.458892,30.017238,Shell
ÇİFTELER.,39.370824999999996,31.036091,Shell
SEYİTGAZİ,39.684275,30.54227,Shell
ESKİŞEHİR OSB.,39.737897,30.657853,Shell
ODUNPAZARI.,39.74759,30.575774,Shell
ESKİŞEHİR OSB ÇEVREYOLU.,39.746419,30.611698,Shell
SAZOVA.,39.755253,30.472461,Shell
MAMUCA.,39.753909,30.586365999999998,Shell
YILDIZTEPE.,39.756608,30.491525,Shell
NASREDDİN HOCA,39.536752,31.674229,Shell
ALPU YOLU,39.761684,30.576771,Shell
ODUNPAZARI ÇIKIŞI,39.763541,30.557317,Shell
HALLER ESKİŞEHİR.,39.781642,30.51356,Shell
ACIBADEM H-ESKIŞ,39.78522,30.49492,Shell
POLATLI VATAN,39.5731,32.102,Shell
POLATLI BATI.,39.576471,32.144468,Shell
POLATLI DOĞU.,39.57692,32.145596,Shell
TEMELLİ.,39.731039,32.375935,Shell
GÖLBAŞI OĞULBEY.,39.688989,32.818434,Shell
HAYMANA YOLU,39.767606,32.76833,Shell
YURTÇU.,39.829287,32.577929,Shell
GÖLBAŞI ANKARA.,39.78851,32.805301,Shell
ALACAATLI,39.842182,32.675264,Shell
İNCEK BULVARI.,39.829654,32.746444,Shell
OR AN.,39.851011,32.846411,Shell
KEKLİKPINARI..,39.857898,32.809804,Shell
ÇAYYOLU,39.876543,32.687164,Shell
BİLKENT.,39.885452,32.763713,Shell
ÜMİTKÖY.,39.894651,32.702691,Shell
MAMAK NATOYOLU,39.891672,32.927214,Shell
KAYSERİ ASFALTI YOZGAT,39.168666,35.230072,Shell
YERKÖY,39.663505,34.501557,Shell
YOZGAT.,39.694505,34.610424,Shell
YAĞLI BATI.,39.940643,33.883438,Shell
YAĞLI DOĞU.,39.941541,33.883611,Shell
SARIKAYA.,39.494092,35.374495,Shell
GEMEREK,39.180592,36.083266,Shell
ŞARKIŞLA SİVAS,39.344977,36.39052,Shell
AKDAĞMADENİ,39.673081,35.869536,Shell
OSMAN PAŞA SİVAS.,39.670171,37.007221,Shell
TAŞLIDERE,39.685831,37.009529,Shell
ANKARA YOLU SİVAS.,39.722401,36.953141,Shell
KÜMBET SİVAS,39.736452,36.996439,Shell
HALFELİK SİVAS,39.74496,37.02815,Shell
KILAVUZ.,39.748011,37.043199,Shell
SİVAS TED KOLEJİ,39.772534,37.033771,Shell
ZARA,39.879108,37.702596,Shell
REFAHİYE.,39.910302,38.770281,Shell
ERZİNCAN GİRİŞİ,39.747817,39.468263,Shell
AŞKALE MERKEZ,39.91895,40.688083,Shell
AKÇAKIR.,39.570694,26.762442,Shell
OVACIK.,39.072045,27.068971,Shell
BERGAMA ÇIKIŞI,39.059441,27.104896,Shell
EZİNE.,39.828611,26.325221,Shell
ALTINOLUK,39.578594,26.857309,Shell
BURHANİYE.,39.48672,26.949832999999998,Shell
AKÇAY BALIKESİR.,39.588614,26.923235,Shell
BAYRAMİÇ.,39.811031,26.608031,Shell
EDREMİT KÖRFEZ,39.596239,26.969322,Shell
EDREMİT HAVALİMANI,39.54924,27.016461,Shell
CENNETAYAĞI.,39.584392,27.021584,Shell
EDREMİT OTOGAR,39.593575,27.013595,Shell
LAPSEKİ YOLU KEPEZ,40.095032,26.401766,Shell
İZMİR YOLU KEPEZ.,40.095266,26.400949,Shell
KEPEZ.,40.109514,26.407258,Shell
KINIK YAYAKENT,39.102853,27.280683,Shell
SOMA CEVREYOLU.,39.149335,27.474846,Shell
SOMA CENKYERİ,39.14857,27.478693,Shell
SOMA GİRİŞİ,39.189511,27.588242,Shell
SOMA KURTULUŞ,39.185376,27.623861,Shell
İVRİNDİ,39.601084,27.524953,Shell
İZMİR YOLU BALIKESİR.,39.587511,27.908011,Shell
BALIKESİR MERKEZ,39.619727,27.893287,Shell
ALTIEYLÜL,39.648483,27.912866,Shell
BALIKESİR NEF,39.645545,27.865236,Shell
KARESİ,39.668557,27.916404,Shell
KÖRFEZYOLU BALIKESİR,39.639686,27.685933,Shell
SUSURLUK ÇIKIŞI,39.848367,28.148188,Shell
DEVECİKONAĞI.,39.905915,28.562771,Shell
ORTA MAHALLE SUSURLUK.,39.915519,28.161789,Shell
SUSURLUK.,39.929131,28.157121,Shell
YENİMAHALLE-SUSURLUK.,39.935887,28.160516,Shell
YENİCE BURSA,40.090652,29.426819,Shell
İNEGÖL BATIKENT,40.089316,29.492461,Shell
TELEFERİK,40.173629,29.100626,Shell
ÇALI,40.185598,28.927005,Shell
OSMANGAZİ.,40.19137,29.078381,Shell
DUAÇINARI.,40.191337,29.087034,Shell
YILDIRIM,40.191244,29.1125,Shell
DEMİRCİ,40.195598,28.936915,Shell
ERİKLİ,40.192149,29.13671,Shell
BEŞEVLER BURSA.,40.201596,28.991019,Shell
İNÖNÜ.,39.823107,30.145618,Shell
BOZÜYÜK GİRİŞİ,39.91227,29.995464,Shell
YENİ MAH.BOZÜYÜK.,39.903885,30.049188,Shell
BOZÜYÜK.,39.903211,30.058776,Shell
PAZARYERİ,39.982896,30.000172,Shell
ESKİŞEHİR BATIKENT.,39.807924,30.405677,Shell
İNEGÖL ÇEVRE YOLU.,40.084203,29.520683,Shell
İNEGÖL OSB,40.121244,29.513422,Shell
KARAÇAM.,40.134383,29.401274,Shell
KESTEL.,40.181537,29.226533,Shell
KUMLUK.,40.212276,29.26731,Shell
TEPEBAŞI.,39.797085,30.449846,Shell
BEYPAZARI.,40.172721,31.931861,Shell
BAĞLICA,39.908719,32.648876,Shell
ORGANİZE SİNCAN.,39.980487,32.570281,Shell
PLEVNE SİNCAN.,39.975239,32.589209,Shell
GÜDÜL ANKARA,40.20817,32.245211,Shell
KONUTKENT.,39.905538,32.698137,Shell
ELVANKENT.,39.955226,32.628532,Shell
ŞEKER.,39.965552,32.638524,Shell
İSTANBUL YOLU-ANKARA.,39.950982,32.701635,Shell
SÖĞÜTÖZÜ MERKEZ,39.909486,32.793197,Shell
BATIKENT.,39.956464,32.705019,Shell
GÖKSU ERYAMAN KAVŞAĞI.,39.987569,32.657049,Shell
KÜÇÜKESAT.,39.898341,32.878633,Shell
AHMETLER.,39.919837,32.862631,Shell
TOYTEPE.,39.945422,32.754025,Shell
BEŞEVLER ANKARA.,39.932901,32.830388,Shell
NATOYOLU.,39.915451,32.912091,Shell
KURTULUŞ ANKARA,39.928422,32.866312,Shell
ANKAPARK,39.951532,32.792818,Shell
MACUNKÖY.,39.960817,32.77074,Shell
BAŞKENT BULVARI,39.9651,32.7489,Shell
OSTİM İLKYERLEŞİM,39.971076,32.734826,Shell
OSTİM MERKEZ,39.973279,32.756581,Shell
KAYAŞ.,39.916381,32.985801,Shell
ORTAKÖY ANKARA.,39.930217,33.010102,Shell
KIRIKKALE YAHŞİHAN,39.863644,33.469624,Shell
AKTAŞ.,39.940022,32.874498,Shell
YENİDOĞAN ALTINDAĞ,39.942267,32.880679,Shell
LALABEL,39.942417,33.198929,Shell
FATİH ANKARA.,39.949818,32.853261,Shell
İSKİTLER.,39.953392,32.839199,Shell
SİTELER SAMSUN YOLU,39.957849,32.88116,Shell
GÜMÜŞDERE.,39.957946,32.855441,Shell
ETLİK,39.95982,32.847145,Shell
YENİMAHALLE,39.966237,32.808899,Shell
KEÇİÖREN.,39.973647,32.865796,Shell
HASKÖY DOĞU.,39.979072,32.88527,Shell
HASKÖY BATI.,39.979841,32.886181,Shell
ELMADAĞ,39.933055,33.335075,Shell
ANKARA CAD.YOZGAT.,39.817716,34.787657,Shell
SUNGURLU ÇORUM.,40.155801,34.341745,Shell
VADİ SUNGURLU.,40.176857,34.443634,Shell
SORGUN.,39.813202,35.179989,Shell
AYDINLIKEVLER SORGUN.,39.813804,35.186677,Shell
TOKAT.,40.329446,36.557943,Shell
SANAYİ ÇIKIŞI TOKAT.,40.333543,36.537729,Shell
TOKAT ÇIKIŞI,40.336303,36.595547,Shell
ZİLE MERKEZ,40.3093,35.9054,Shell
TURHAL MERKEZ,40.373671,36.096284,Shell
SUŞEHRİ.,40.172881,38.087451,Shell
NİKSAR.,40.580407,36.925165,Shell
GÜMÜŞHANE MERKEZ,40.427618,39.521785,Shell
GÜMÜŞHANE TORUL,40.543209,39.32498,Shell
BAYBURT.,40.257861,40.215221,Shell
İSPİR,40.4668,40.9736,Shell
BORÇKA.,41.361041,41.675171,Shell
ÇANAKKALE.,40.149987,26.405646,Shell
ÇANAKKALE UMURBEY,40.260696,26.58702,Shell
LAPSEKİ OHT DOĞU,40.274322,26.62477,Shell
LAPSEKİ OHT BATI,40.276906,26.628751,Shell
ÇAN.,40.031892,27.060933,Shell
LAPSEKİ,40.337721,26.674852,Shell
GELİBOLU.,40.408321,26.644941,Shell
SÜREKOVASI.,40.443361,26.676831,Shell
BOLAYIR.,40.524721,26.760031,Shell
İSTİKLAL BİGA.,40.231123,27.254066,Shell
BIGA IDRISKORU GIRISI..,40.246576,27.283045,Shell
GÖNEN BALIKESİR.,40.117413,27.643503,Shell
ŞİRİNKÖY,40.258064,27.343578,Shell
BUĞDAYLI.,40.220608,27.764064,Shell
DENİZKENT,40.296956,27.546502,Shell
MUSTAFAKEMALPAŞA OHT BATI,40.040187,28.21841,Shell
MUSTAFAKEMALPAŞA OHT DOĞU,40.042218,28.222632,Shell
MUSTAFAKEMALPAŞA ÇIKIŞI.,40.053652,28.366215,Shell
MUSTAFAKEMALPAŞA GİRİŞİ,40.056011,28.364078,Shell
KARACABEY.,40.182927,28.381101,Shell
KARACABEY MERKEZ,40.201759,28.351953,Shell
ÖMERLİ BALIKESİR.,40.292606,28.036698,Shell
BANDIRMA.,40.327088,28.00112,Shell
EDİNCİK,40.327919,27.869267999999998,Shell
ERDEK YOLU,40.34,27.94,Shell
KAYNAKLAR,40.214232,28.731728,Shell
KARACAOBA.,40.214708,28.731699,Shell
GÖÇMENKONUTLARI,40.221737,28.820277,Shell
BURSA ÜNİVERSİTE,40.214449,28.900587,Shell
ERTUĞRUL.,40.212871,28.929992,Shell
ATA BULVARI,40.217996,28.951681999999998,Shell
ATAEVLER,40.213667,28.964328,Shell
ACIBADEM H-BURSA,40.21308,28.9764,Shell
NİLÜFER.,40.212683,28.996505,Shell
ODUNLUK NİLÜFER,40.212241,28.999862,Shell
BURSA EMEK,40.259071,28.95235,Shell
YUNUSELİ,40.240445,29.007956,Shell
BURSA SANAYİ,40.208835,29.082026,Shell
SAMANLI CADDESİ,40.205507,29.112965,Shell
KÜÇÜKBALIKLI GÜNEY,40.222653,29.082793,Shell
BURSA ÇEVREYOLU,40.217917,29.104583,Shell
ÇAĞRIŞAN.,40.288617,28.936311,Shell
YENİYOL.,40.2476,29.063363,Shell
DEMİRTAŞ,40.256049,29.063287,Shell
ÇAĞLAYAN BURSA,40.288832,29.007416,Shell
ŞİRİNEVLER.,40.194069,29.154388,Shell
DELİÇAY BURSA.,40.194848,29.15856,Shell
KESTEL BURSA,40.207047,29.212508,Shell
GÜRSU ZAFER CADDESİ,40.2225,29.181,Shell
BURSA OTOGAR,40.268571,29.052072,Shell
OVAAKÇA BURSA,40.303021,29.061318,Shell
KURŞUNLU BURSA,40.377878,29.076015,Shell
GEMLİK OHT BATI.,40.388521,29.139024,Shell
GEMLİK OHT DOĞU.,40.390558,29.142271,Shell
BİLECİK,40.135672,30.023179,Shell
YENİŞEHİR BURSA.,40.266127,29.631939,Shell
DERBENT,40.398552,29.695387,Shell
İZNİK.,40.442391,29.717481,Shell
GEYVE,40.521685,30.276166,Shell
KARAÇAM BOĞAZI,40.640935999999996,30.336317,Shell
AKYAZI,40.680259,30.607775,Shell
ABANT KAVŞAĞI.,40.719501,31.464811,Shell
AKOVA,40.77601,30.65139,Shell
HENDEK MERKEZ,40.793087,30.744574,Shell
KAZAN,40.065132,32.613166,Shell
SARAY ANKARA.,40.029207,32.643086,Shell
BOLU MERKEZ.,40.726827,31.587446,Shell
KURUÇAY BOLU.,40.735261,31.630703,Shell
BEŞKAVAKLAR,40.737245,31.59503,Shell
YEDİGÖLLER YOLU,40.750414,31.628994,Shell
OSB ANKARA.,39.985664,32.733553,Shell
AYAZ ANKARA,39.994454,32.760157,Shell
İVEDİK OSB.,39.993683,32.768488,Shell
ANADOLU BULVARI-İVEDİK.,39.997445,32.773506,Shell
BAĞLUM,40.024916,32.860937,Shell
YILDIRIMKENT.,40.047425,32.915901,Shell
PURSAKLAR.,40.05501,32.919386,Shell
PURSAKLAR SARAY YOLU,40.057247,32.908329,Shell
HANDERESİ.,40.25851,34.620779,Shell
ALACA,40.180723,34.833143,Shell
ÇANKIRI.,40.591881,33.619521,Shell
ÇORUM ANKARA ÇIKIŞI,40.470519,34.875769,Shell
ÇORUM ÇEVREYOLU.,40.544446,34.926993,Shell
ÇORUM PARK.,40.556056,34.967727,Shell
ULUKAVAK,40.564467,34.946419,Shell
ÇORUM ÇIKIŞI,40.576388,35.024722,Shell
AMASYA.,40.607976,35.811786,Shell
DURUCASU,40.74474,36.113919,Shell
ERBAA MERKEZ,40.68145,36.550519,Shell
ERBAA ÇIKIŞI NİKSAR,40.6053,36.8081,Shell
FATSA KORGAN YOLU,41.0207,37.477,Shell
FATSA.,41.021778,37.529511,Shell
ÜNYE KARŞIYAKA,41.114657,37.272452,Shell
YÜCELER ÜNYE.,41.105876,37.381734,Shell
TERME GİRİŞİ,41.16966,37.056891,Shell
ORDU OTOGAR,40.966728,37.90779,Shell
ALTINORDU,40.976907,37.95015,Shell
BULANCAK SAHİL.,40.940177,38.183476,Shell
BULANCAK.,40.938622,38.227268,Shell
GİRESUN MERKEZ,40.912479,38.399181,Shell
GİRESUN.,40.910551,38.430824,Shell
TİREBOLU.,41.010618,38.87305,Shell
BEŞİKDÜZÜ.,41.072848,39.195936,Shell
ÇAĞLAYAN.,40.909644,39.718747,Shell
UZUNKUM.,40.99538,39.670218,Shell
YILDIZLI.,41.007867,39.621968,Shell
SÖĞÜTLÜ TRABZON.,41.013159,39.605182,Shell
YOMRA.,40.958101,39.852801,Shell
TRABZON HAVALİMANI.,40.993169,39.781091,Shell
ÇİMENLİ,40.986325,39.81139,Shell
ARSIN SANAYI,40.960919,39.963904,Shell
ARAKLI TRABZON,40.92783,40.05044,Shell
OF.,40.961445,40.293711,Shell
İYİDERE,40.967902,40.359955,Shell
LİMANKÖY.,41.074504,40.67336,Shell
ÇAYELİ..,41.084866,40.721041,Shell
ÇAMLIHEMŞİN RİZE,41.05832,41.005628,Shell
HAMİDİYE PAZAR,41.181081,40.949531,Shell
İPSALA MERKEZ.,40.907685,26.373155,Shell
KEŞAN.,40.874728,26.63544,Shell
KEŞAN GİRİŞİ,40.875281,26.654989,Shell
ŞARKÖY VAKIFLAR.,40.615042,27.109969,Shell
ΕΡΜΗΣ ΑΕΜΕΕ ΥΠ/ΜΑ ΣΟΥΦΛΙΟΥ,41.15076,26.29678,Shell
İNECİK..,40.934552,27.287812,Shell
NUSRATFAKI.,40.943029,27.311012,Shell
KUMBAĞ YOLU TEKİRDAĞ,40.932057,27.478193,Shell
ARMUTLU,40.52241,28.83071,Shell
YENİÇİFTLİK.,40.995012,27.836098,Shell
GEMLİK LİMAN,40.393706,29.133674,Shell
GEMLİK.,40.42295,29.164308,Shell
UMURBEY.,40.423001,29.214651,Shell
ORHANGAZİ BURSA.,40.480764,29.30706,Shell
ILICADERE.,40.706390999999996,29.878969,Shell
HİSAREYN.,40.705891,29.858552,Shell
BAŞİSKELE,40.713299,29.919884,Shell
İZMİT SAHİL,40.725253,29.940631,Shell
SAPANCA OHT GÜNEY.,40.727402,30.069026,Shell
SAPANCA OHT KUZEY.,40.727888,30.071534,Shell
GÖLCÜK,40.716575,29.809278,Shell
KARTEPE YOLU.,40.730842,30.062642,Shell
KARTEPE MEYDAN,40.736104,30.032251,Shell
KULLAR BAŞİSKELE,40.736158,29.964267,Shell
UZUNTARLA.,40.730438,30.133401,Shell
KÖSEKÖY TÜVTÜRK,40.738459,29.995871,Shell
İZMİT OUTLET,40.756071,29.945359,Shell
KANDIRA KAVŞAĞI.,40.762826,29.957879,Shell
KANLIBAĞ,40.770088,29.946651,Shell
ARİFİYE.,40.715147,30.35073,Shell
SAKARYA GİRİŞİ,40.721597,30.383541,Shell
SAKARYA CADDESİ,40.75148,30.415467,Shell
AŞAĞI DEREKÖY,40.74177,30.279894,Shell
ÜNİVERSİTE YOLU,40.758789,30.365308,Shell
SERDİVAN.,40.772651,30.364851,Shell
ADAPAZARI ÇEVRE YOLU.,40.784001,30.434031,Shell
SERDİVAN YAZLIK,40.786113,30.367606,Shell
KORUCUK YOLU,40.790845,30.373262,Shell
KUZEY TERMİNALİ,40.800197,30.405828,Shell
ALANDÜZÜ OHT GÜNEY,40.843718,30.28247,Shell
ALANDÜZÜ OHT KUZEY,40.84507,30.287712,Shell
SÖĞÜTLÜ SAKARYA,40.865726,30.478458,Shell
DÜZCE D 100.,40.832367,31.181858,Shell
DÜZCE GİRİŞİ.,40.849226,31.05396,Shell
KAPICI.,40.849221,31.087237,Shell
DÜZCE OLİMPİYAT,40.847422,31.14155,Shell
ŞEREFİYE.,40.845034,31.165679,Shell
GÜMÜŞOVA.,40.854795,30.990073,Shell
ÇAVUŞLAR.,40.867249,31.168735,Shell
DÖRTDİVAN OHT GÜNEY.,40.748874,32.083423,Shell
DÖRTDİVAN OHT KUZEY.,40.753748,32.075559,Shell
GEREDE.,40.787119,32.209,Shell
AKÇAKOCA,41.081382,31.176853,Shell
KIZILCAHAMAM,40.474083,32.651772,Shell
ILGAZ KAVŞAĞI,40.90246,33.66194,Shell
ILGAZ MERKEZ.,40.906576,33.646439,Shell
TOSYA.,41.018659,34.080881,Shell
OSMANCIK,40.971181,34.825791,Shell
KALELİBAĞI.,40.970412,34.841891,Shell
GÜMÜŞHACIKÖY.,40.88852,35.203863,Shell
ÇİNİYERİ,41.056119,34.542451,Shell
MERZİFON MERKEZ,40.862987,35.485554,Shell
MERZİFON GÖKÇEBAĞ,40.871986,35.524685,Shell
SULUOVA.,40.846017,35.629848,Shell
BEKDİĞİN,41.000898,35.809823,Shell
VEZİRKÖPRÜ.,41.126163,35.487055,Shell
KAVAK ÇAKALLI,41.175041,36.114033,Shell
TEKKEKÖY SAMSUN,41.225174,36.437813,Shell
KUTLUKENT.,41.241998,36.404825,Shell
KAYADİBİ,41.250364,36.390083,Shell
DERECİK.,41.291739,36.271835,Shell
İLKADIM SAMSUN,41.291572,36.285987,Shell
CUMHURİYET SAMSUN.,41.285108,36.340903,Shell
SUNGURLU ÇARŞAMBA.,41.203964,36.717424,Shell
BEYLERCE SAMSUN,41.216616,36.672289,Shell
ELMALIK TERME.,41.212445,36.967628,Shell
ATAKENT SAMSUN,41.344537,36.249356,Shell
ATAKUM SAMSUN,41.359021,36.235198,Shell
SİNOP ÇIKIŞI SAMSUN,41.442278,36.135726,Shell
KAVACIK.,41.211294,26.67977,Shell
SANAYİ SİTESİ EDİRNE.,41.247097,26.685012,Shell
UZUNKÖPRÜ.,41.265094,26.677148,Shell
ΣΤΑΜΠΟΛΙΔΟΥ ΖΩΗ ΚΑΙ ΥΙΟΣ ΟΕ,41.353371,26.489767,Shell
ΕΡΜΗΣ ΑΕΜΕΕ ΥΠ/ΜΑ ΔΙΔΥΜΟΤΕΙΧΟΥ,41.356367,26.506468,Shell
ΑΡΑΜΠΑΤΖΗΣ ΚΩΣΤΑΝΤΙΝΟΣ,41.48383,26.28269,Shell
ΕΡΜΗΣ ΑΕΜΕΕ ΥΠ/ΜΑ ΟΡΕΣΤΙΑΔΑΣ,41.482124,26.534588,Shell
SAZLIDERE.,41.600283,26.667906,Shell
ΤΣΩΚΟΣ ΙΩΑΝΝΗΣ,41.70479,26.28922,Shell
İNTİKAM TAŞI KAPIKULE.,41.707111,26.392011,Shell
KAPIKULE.,41.712533,26.370119,Shell
TEKİRDAĞ.,40.953441,27.479577,Shell
TEKİRDAĞ MERKEZ.,40.974718,27.492511,Shell
ESKİCAMİ.,40.993312,27.512214,Shell
NAMIK KEMAL,40.989859,27.60364,Shell
YENİÇİFTLİK ÇIKIŞI,41.003405,27.809715,Shell
MURATLI İSTİKLAL,41.192871,27.513375,Shell
BÜYÜK KARIŞTIRAN,41.295856,27.536253,Shell
KOCASİNAN LÜLEBURGAZ,41.404871,27.338769,Shell
SEYMEN.,41.099211,27.949509,Shell
ÇORLU İTFAİYE.,41.155683,27.817389,Shell
SILIVRI CIKISI.,41.094893,27.996881,Shell
DEĞİRMENKÖY.,41.095698,27.999733,Shell
GÜMÜŞYAKA.,41.060411,28.084381,Shell
ÇORLU SAĞLIK MAHALLESİ,41.190114,27.763403,Shell
MARMARACIK,41.208315,27.740996,Shell
ULAŞ.,41.214839,27.731909,Shell
YULAFLI.,41.205171,27.841155,Shell
VAKIFLAR.,41.272321,27.636721,Shell
ÇERKEZKÖY OHT KUZEY.,41.287091,27.786537,Shell
ÇERKEZKÖY OHT GÜNEY.,41.291325,27.779282,Shell
ÇERKEZKÖY YENİYOL.,41.271231,27.960652,Shell
SİLİVRİ KUZEY.,41.081931,28.218411,Shell
SİLİVRİ GÜNEY.,41.081517,28.220858,Shell
ALİBEY SİLİVRİ.,41.070591,28.278846,Shell
SELİMPAŞA MERKEZ,41.056366,28.370279,Shell
KAMİLOBA E5,41.040277,28.428105,Shell
SİNANOBA.,41.014551,28.546211,Shell
MİMARSİNAN.,41.017472,28.562253,Shell
ULUS BÜYÜKÇEKMECE,41.025937,28.55659,Shell
ÇATALCA MERKEZ,41.135152,28.465794,Shell
BÜYÜKÇAVUŞLU MERKEZ,41.244051,28.067352,Shell
BÜYÜKÇAVUŞLU.,41.255869,28.036225,Shell
ÇERKEZKÖY MERKEZ.,41.289348,27.99101,Shell
YAKUPLU SANAYİ.,40.989747,28.665182,Shell
GÜRPINAR MERKEZ MAHALLESİ,41.005894,28.622247,Shell
AVCILAR,40.988354,28.718694,Shell
FLORYA.,40.972589,28.789897,Shell
BEYLİKDÜZÜ YAN YOL.,41.009815,28.654997,Shell
BEYLİKDÜZÜ MERKEZ,41.016798,28.639259,Shell
KÜÇÜKÇEKMECE..,40.986948,28.769945,Shell
ÜÇEVLER,41.01792,28.646057,Shell
AVCILAR YOLU,41.009517,28.701404,Shell
ESENYURT SANAYİ,41.013513,28.695341,Shell
ESENYURT MERKEZ,41.019576,28.677097,Shell
ŞENLİKKÖY.,40.987901,28.796101,Shell
HAVALİMANI İSTANBUL.,40.986408,28.819599,Shell
SEFAKÖY.,40.996415999999996,28.796569,Shell
ÇAKMAKLI KIRAÇ.,41.037018,28.624729,Shell
ESENYURT 2. BÖLGE.,41.031951,28.674331,Shell
KIRAÇ.,41.038041,28.641854,Shell
ESENYURT KAVŞAK.,41.032181,28.681891,Shell
HADIMKÖY ALKENT,41.0641,28.622,Shell
TERMAL YOLU,40.651775,29.243563,Shell
YALOVA.,40.623692,29.270381,Shell
BALABAN.,40.641391,29.280569,Shell
YENİ BURSA YOLU YALOVA.,40.655561,29.283415,Shell
CIFTLIKKOY KURUCESME..,40.667175,29.332149,Shell
ÇİFTLİKKÖY.,40.673833,29.346676,Shell
SİTELER KOCAELİ.,40.686675,29.568982,Shell
KARAMÜRSEL ÇIKIŞI,40.701307,29.669632,Shell
GEBZE.,40.789871,29.426511,Shell
GEBZE MERKEZ,40.803081,29.440174,Shell
ŞİRİNYALI.,40.779061,29.670741,Shell
BAYRAMOĞLU.,40.790839,29.36746,Shell
TAVŞANLI GEBZE,40.809662,29.508751,Shell
KİRAZPINARI.,40.80937,29.46035,Shell
GÜZELLER.,40.813308,29.438803,Shell
MUSTAFAPAŞA.,40.814574,29.417425,Shell
ATALAR YARIMCA,40.775304,29.724301,Shell
YENİ BAĞDAT CADDESİ GEBZE.,40.811862,29.373207999999998,Shell
YARIMCA LİMAN,40.768044,29.757992,Shell
KÖRFEZ SANAYİ,40.765443,29.777127,Shell
ŞİFA MAHALLESİ.,40.824175,29.35198,Shell
GÜZELLER OSB,40.8413,29.4335,Shell
DERİNCE.,40.75759,29.840501,Shell
TUZLA ÇIKIŞI.,40.839206,29.295471,Shell
GOSB TIR PARKI,40.868791,29.417188,Shell
TUZLA E-5,40.844807,29.30588,Shell
ŞEKERPINAR.,40.865294,29.379771,Shell
BALÇIK,40.877375,29.420442,Shell
AYDINLI MERKEZ,40.871346,29.331513,Shell
TUZLA DERİ OSB,40.881386,29.346792,Shell
BEKİRPAŞA.,40.780195,29.972987,Shell
ÇENESUYU.,40.761624,29.851381,Shell
MALTA MAHALLESİ,40.791574,29.927841,Shell
FERİZLİ,40.967249,30.50776,Shell
KARASU.,41.110243,30.671924,Shell
DEĞİRMENGAZİ.,41.082581,31.103581,Shell
ALAPLI.,41.184817,31.385838,Shell
GÜLÜÇ EREĞLİ,41.247481,31.408849,Shell
KARADENİZ EREĞLİ.,41.271446,31.434858,Shell
DEVREK.,41.199625,31.948009,Shell
ZONGULDAK.,41.429011,31.871351,Shell
ZONGULDAK SAHİL.,41.451391,31.758125,Shell
ÇAYCUMA.,41.399711,32.085511,Shell
ÇAYCUMA KAVŞAĞI,41.399963,32.086426,Shell
ÇERKEŞ.,40.823536,32.844937,Shell
KARABÜK.,41.195741,32.624301,Shell
TEKÇAM.,41.318387,33.773252,Shell
KASTAMONU.,41.368801,33.769991,Shell
KASTAMONU GİRİŞİ,41.405138,33.790895,Shell
TAŞKÖPRÜ ÇIKIŞI KASTAMONU.,41.410159,33.804251,Shell
SARIÖMER,41.450142,33.792584,Shell
ORGANİZE SANAYİ KASTAMONU,41.50293,33.755271,Shell
BOYABAT,41.513757,34.748898,Shell
ALAÇAM SAMSUN,41.614677,35.629458,Shell
BOZKURT KASTAMONU,41.960255,34.012512,Shell
BAFRA MERKEZ,41.556647,35.90531,Shell
19 MAYIS,41.495107,36.077656,Shell
DEREKÖY SAMSUN,41.467868,36.125298,Shell
ÜNİVERSİTE EDİRNE.,41.634898,26.6113,Shell
KİRİŞHANE EDİRNE.,41.656103,26.585688,Shell
EDİRNE MERKEZ.,41.658957,26.583902,Shell
EDİRNE ŞÜKRÜPAŞA,41.65909,26.603288,Shell
4006 LYUBIMETZ WEST,41.843414,26.122675,Shell
4005 LYUBIMETZ EAST,41.844595,26.119986,Shell
KIRKLARELİ GİRİŞİ.,41.713112,27.211961,Shell
KAVAKLI YOLU KIRKLARELİ.,41.713181,27.212973,Shell
PINARHİSAR,41.627856,27.495294,Shell
SARAY TEKİRDAĞ.,41.432702,27.921732,Shell
VİZE.,41.567977,27.774756,Shell
ÖMERLİ HADIMKÖY.,41.090301,28.634201,Shell
AYNALIÇEŞME.,41.117422,28.62823,Shell
HADIMKÖY.,41.158253,28.613446,Shell
HASTANE MAH.HADIMKÖY.,41.15262,28.616998,Shell
BAHÇEŞEHİR 2. KISIM,41.060205,28.688462,Shell
BAHÇEŞEHİR DURU,41.09893,28.666803,Shell
BAHÇEŞEHİR SELIN,41.059916,28.699202,Shell
BAHÇEŞEHİR GÖLET,41.071778,28.693916,Shell
HALKALI KAVŞAK.,41.033811,28.768103,Shell
ACIBADEM H-ATAKNT,41.03527,28.77897,Shell
HALKALI TOKİ.,41.04438,28.782032,Shell
ÇAMLIK SEFAKÖY,41.028775,28.790692,Shell
PAPAZKÖPRÜSÜ.,41.024595,28.806325,Shell
HALKALI.,41.043278,28.803064,Shell
ARNAVUTKÖY HARAÇÇI,41.179238,28.703011,Shell
BAŞAKŞEHİR HÜRRİYET BULVARI,41.095796,28.790938,Shell
BAŞAKŞEHİR ORGANİZE,41.099374,28.789296,Shell
BAŞAKŞEHİR 1.ETAP.,41.098418,28.79104,Shell
İKİTELLİ OSB.,41.069535,28.810883,Shell
MAHMUTBEY KİRAZLI.,41.044741,28.820691,Shell
KAYAŞEHİR,41.140264,28.772854,Shell
BAŞAKŞEHİR.,41.084491,28.810711,Shell
HAYDARPAŞA E 5.,41.004451,29.030391,Shell
ACIBADEM,41.003157,29.034028,Shell
ACIBADEM H-KADIKY,41.00734,29.04295,Shell
ÜSKÜDAR,41.027547,29.026221,Shell
FATİH İSTANBUL.,41.016648,28.955048,Shell
ACIBADEM H-ALTUN,41.01998,29.04555,Shell
BİLGİLİ H-AKARETLER,41.04336,29.00248,Shell
KÜÇÜK PİYALE,41.03816,28.968062,Shell
BAĞDAT CADDESİ,40.975227,29.052393,Shell
PİYALEPAŞA.,41.04051,28.967347,Shell
CONRAD HOTEL,41.04699,29.00949,Shell
IHLAMUR.,41.055981,28.997641,Shell
BULGURLU.,41.016814,29.076112,Shell
ZEYTİNBURNU MERKEZ.,41.002221,28.919801,Shell
BARBAROS İSTANBUL.,41.061408,29.011009,Shell
ÇENGELKÖY ASYA,41.04893,29.054558,Shell
MECİDİYEKÖY.,41.065701,29.002253,Shell
MUSTAFAKEMAL,40.996981,29.088803,Shell
CEVİZLİBAĞ.,41.016788,28.912789,Shell
SHELL GENEL MÜDÜRLÜK,41.06936,29.0045,Shell
ERENKÖY.,40.970811,29.083651,Shell
ZİNCİRLİKUYU.,41.069861,29.015251,Shell
KOZYATAĞI E5,40.9776,29.097,Shell
RAMİ.,41.045239,28.916858,Shell
BAYRAMPAŞA.,41.039624,28.911271,Shell
ÇIRPICI.,41.008035,28.896964,Shell
SİLAHTAR.,41.066261,28.942971,Shell
ZEYTİNBURNU HİPODROM,40.995113,28.895016,Shell
DAVUTPAŞA ÜSTYOL.,41.028091,28.900721,Shell
DAVUTPAŞA ALTYOL.,41.028131,28.899391,Shell
ACIBADEM TM-ATAŞHR,40.9856,29.10876,Shell
MERTER KERESTECİLER,41.017246,28.890513,Shell
OTOGAR İSTANBUL.,41.034059,28.896971,Shell
BOSTANCI MERKEZ.,40.957475,29.09752,Shell
KAĞITHANE.,41.084211,28.978321,Shell
ACIBADEM UNİVERSİTESİ,40.97858,29.11025,Shell
LEVENT.,41.087632,29.017555,Shell
KAĞITHANE OSMANPAŞA.,41.085564,28.968503,Shell
KÜÇÜKSU CADDESİ,41.033079,29.110774,Shell
ACIBADEM H-GM,40.9939,29.12622,Shell
ATAŞEHİR DEFNE,40.97808,29.1234,Shell
GÜNGÖREN.,41.028271,28.878238,Shell
ACIBADEM H-ATAŞHR,40.99443,29.12716,Shell
ANADOLU HİSARI.,41.080019,29.070735,Shell
İSTANBUL CAD.KÜÇÜKKÖY.,41.070025,28.906638,Shell
EYÜPSULTAN,41.087447,28.935318,Shell
KÜÇÜKKÖY.,41.07436,28.905024,Shell
YEŞİLPINAR.,41.082635,28.916714,Shell
KAĞITHANE  VADİ,41.101537,28.966462,Shell
MASLAK ISTANBUL,41.115758,29.023235,Shell
AKFIRAT.,40.940608,29.369858,Shell
FATİH MAHALLESİ,40.926254,29.350823,Shell
KURTKÖY VİAPORT,40.9395,29.317226,Shell
MECİDİYE.,40.960586,29.291561,Shell
SILE.,41.167241,29.543791,Shell
SULTANBEYLİ SON DURAK.,40.982714,29.26674,Shell
SIRAPINAR,41.110003,29.310759,Shell
REŞADİYE OHT,41.092171,29.287741,Shell
ŞEYHLİ,40.905448,29.285367,Shell
SULTANBEYLİ GİRİŞİ,40.9718,29.2486,Shell
SULTANBEYLİ ÇIKIŞI,40.975085,29.240501,Shell
ALEMDAR.,41.026891,29.239771,Shell
KURTKÖY İSTANBUL.,40.89927,29.26867,Shell
TAŞDELEN.,41.030867,29.23095,Shell
VELİBABA,40.898691,29.25965,Shell
SARIGAZİ YOLU.,40.992681,29.223101,Shell
SAMANDIRA KAYALAR.,40.98062,29.220293,Shell
YAKACIK CADDESİ SAMANDIRA,40.97766,29.220509,Shell
KAYNARCA KUZEY,40.880164,29.259386,Shell
KAYNARCA YANYOL,40.86951,29.268997,Shell
ORTADAĞ.,40.958551,29.214726,Shell
KAYNARCA E-5,40.88088,29.255169,Shell
KAYNARCA MAHALLESİ,40.875269,29.254279,Shell
PENDIK KAVSAK.,40.886995,29.239895,Shell
SAMANDIRA YANYOL,40.989453,29.195367,Shell
ÇEKMEKÖY AKÇEŞME.,41.013997,29.195361,Shell
SARIGAZİ.,41.007163,29.190308,Shell
YAKACIK KARTAL.,40.900044,29.219948,Shell
YANYOL KARTAL.,40.902543,29.217462,Shell
PENDİK SAHİL,40.875827,29.232984,Shell
SOĞANLIK YANYOL.,40.911165,29.195272,Shell
ACIBADEM H-KARTAL,40.8865,29.20698,Shell
BARTIN GECEN,41.596091,32.322768,Shell
KURTKÖY BARTIN.,41.55721,32.413852,Shell
GÖLBUCAĞI.,41.635701,32.324383,Shell
IŞIKLAR FENERTEPE OHT,41.195906,28.822402,Shell
ODAYERİ OHT,41.234504,28.887927,Shell
BOĞAZKÖY GİRİŞİ..,41.136593,28.811278,Shell
GÖKTÜRK.,41.1768,28.8902,Shell
YENİMAHALLE SULTANÇİFTLİĞİ.,41.093561,28.863476,Shell
SULTANÇİFTLİK.,41.091721,28.864476,Shell
MAHMUTBEY MERKEZ MAH..,41.059964,28.831348,Shell
ACIBADEM TM-ZEKER,41.20555,29.04187,Shell
SARIYER MERKEZ,41.173188,29.053981,Shell
ÇAYIRBAŞI.,41.156013,29.035747,Shell
ACIBADEM H-MASLAK,41.12748,29.02459,Shell
BEYKOZ.,41.130613,29.093542,Shell
YENİKÖY İSTANBUL.,41.117728,29.064415,Shell
SULTANGAZİ,41.098683,28.900386,Shell
KAVACIK İSTANBUL,41.094747,29.097528,Shell
CUMHURİYET MAHALLESİ İSTANBUL.,41.091306,28.884332,Shell
KIŞLA CAD.ATIŞALANI.,41.054831,28.875871,Shell
ESENLER.,41.053873,28.866436,Shell
KARABAYIR.,41.052231,28.858141,Shell
ÇEKMEKÖY MERKEZ.,41.032291,29.173701,Shell
ŞİLE YOLU.,41.036898,29.155549,Shell
ÜMRANİYE TEPEÜSTÜ.,41.020651,29.129638,Shell
DUDULLU.,40.999028,29.154951,Shell
ATAŞEHİR GÜMRÜK,40.98106,29.131103,Shell
33 LOJİSTİK PETROL,36.93788179999999,34.932734682031196,Soil
A.ÖZTÜRK PETROL,37.234773644665296,39.76272132275392,Soil
ACAR PETROL,37.51746138795097,42.45179170000006,Soil
ACUN KARDEŞLER AKARYAKIT,38.2454759,34.132245,Soil
ADAPET PETROL,40.796706,29.4410326,Soil
ADNAN ÖZKAN PETROL,39.14546,34.73915,Soil
AHMET BİLGEN PETROL,36.3790443,34.0085201,Soil
AHMET KILIÇ PETROL,40.160542199999995,34.36684939101565,Soil
AHMET MACİT,39.6545,36.5861,Soil
AHT PETROL - SOİL,37.42829494494357,42.80079906899116,Soil
AK NAKLİYAT,39.1673,30.8624,Soil
AKAY GÖKPINAR-GÖKPINAR PETROL,38.59541900000002,35.75757332275384,Soil
AKAY PETROL,37.727041202926,40.4168245137696,Soil
AKDAĞ PETROL,37.192564414420204,40.58669277724607,Soil
AKKILIÇLAR PETROL,37.89393846766732,41.147532936523476,Soil
AKMAZ PETROL,38.21232400000002,39.289436968261725,Soil
AKSEKİ PETROL,40.6179,34.2973,Soil
AKSU BİMS PETROL,38.44101,34.74321,Soil
AKSÜY PETROL,36.84998,34.895,Soil
ALADAĞ YAMANLAR PETROL,37.024724,32.66871,Soil
ALAİYYE PETROL,38.434931799999994,41.79251836826165,Soil
ALAİYYE PETROL,38.634443815552586,41.85275564550784,Soil
ALANPET PETROL,37.190502,40.562034,Soil
ALİ TONGUÇ PETROL,40.216037,28.35968664550785,Soil
ALİOĞLU PETROL,38.39280871394095,34.03385312275395,Soil
ALİS PETROL,37.97139041785339,37.52147239999999,Soil
ALKILINÇ PETROL,38.20493845725494,36.962297245507784,Soil
ALTAYLAR PETROL,37.087236,41.2407459,Soil
ALTIYILDIZ PETROL,37.763734353287816,30.55610825927738,Soil
ANGÜL PETROL,38.398387,40.547885,Soil
ARB AKARYAKIT PETROL,38.39779,40.41495,Soil
ARSLAN PETROL,37.1024,36.5559,Soil
ARSLANLI PETROL,36.9328819,39.004046,Soil
AS AĞA IŞIK PETROL,38.2986,39.7254,Soil
ASHAN DURAN PETROL,37.414602627064205,41.373429999999985,Soil
AŞIK İHSAN OĞLU PETROL,39.7060386,35.3688483,Soil
ASYA GRUP PETROL,39.81986088806499,34.79422360000001,Soil
ATAŞ AKBUDAK PETROL,37.42537,37.692303582031286,Soil
ATAŞSALAR PETROL,38.774389000000006,39.209156936523414,Soil
ATLAMMAĞIN PETROL,37.91780315552172,41.140896999999995,Soil
AVC PETROL,37.7288571,39.3076511,Soil
AYDINER PETROL,36.923635465374524,32.49488212275389,Soil
AYDINLAR PETROL,39.94784,32.7059622,Soil
AYKAR AKARYAKIT,39.773213,39.420395,Soil
AYKAR PETROL,39.74653302632703,39.492840613769545,Soil
AZAD AGA PETROL,37.37347622774804,36.09776632275384,Soil
BADAYPET PETROL,37.322515,40.740611,Soil
BAĞCA PETROL,36.335691824056006,33.40084061376956,Soil
BAHATTİN KANDEMİR - SOIL,38.75998972998843,36.45920547786507,Soil
BAKLAN PETROL,37.74936199999999,29.049525291015698,Soil
BARAK PETROL-2,37.04612969584768,37.42321460000001,Soil
BAYLAR ZAHİRE,40.2667,36.0783,Soil
BAYRAM EMRE ŞAHİN PETROL,37.06748410424111,35.35665105781254,Soil
BAYRAM YADİGAR,40.55413066788739,34.92440087657749,Soil
BAYSAK PETROL -SOİL,40.41496683618877,31.59889113495068,Soil
BEDİRHANOĞLU AKARYAKIT,38.3379,43.4218,Soil
BEKTAŞ PETROL,39.913,28.9863,Soil
BENCE GELENDOST PETROL,38.120560903838886,31.017177259277332,Soil
BERKE CAN ÇOMAK PETROL,39.09874,28.97809,Soil
BERZAN İZOL İNŞAAT PETROL,37.2157,38.7749,Soil
BEŞİKDAĞ PETROL,41.05204835752597,39.231081338623085,Soil
BEŞPET AKARYAKIT ALTIEYLÜL,39.6099632,27.8721676,Soil
BEŞPET AKARYAKIT BABAESKİ,41.402913,27.160874,Soil
BEŞPET AKARYAKIT DÜZCE,40.91404,31.147039,Soil
BEŞPET AKARYAKIT EDİRNE,41.15276799999999,26.666727,Soil
BEŞPET AKARYAKIT EYYÜBİYE,37.1674039,38.7955149,Soil
BEŞPET AKARYAKIT HALİLİYE,37.1623976,38.834759,Soil
BEŞPET AKARYAKIT KARAKÖPRÜ,37.3214043,38.7786956,Soil
BEŞPET AKARYAKIT KAYNAŞLI,40.776033,31.303863,Soil
BEŞPET AKARYAKIT LÜLEBURGAZ,41.35971199999999,27.422708,Soil
BEŞPET AKARYAKIT SİLİFKE,36.37633,33.925311,Soil
BEŞPET AKARYAKIT TOROSLAR,37.0356378,34.3754414,Soil
BEŞPET AKARYAKIT TOSYA,41.0174189,34.0374679,Soil
BETÜL AÇICI,37.411876,35.918544,Soil
BEYNER PETROL,38.71897329999999,35.5627516,Soil
BEYPET PETROL,36.916561200000004,34.898986750293034,Soil
BEYPET-2 PETROL,36.8010652,34.6005349,Soil
BİROL BEY PETROL,39.6852228,28.077838145507826,Soil
BİROL BEY-2 PETROL,39.685503499999996,28.156451968261763,Soil
BİŞAROĞULLARI PETROL,38.132205646918905,41.23706864550786,Soil
BONUS AKARYAKIT,39.0132,31.1264,Soil
BURHAN ÇELEBİ,40.5773,42.0373,Soil
BÜYÜKKURT PETROL,37.5416709,36.7899001,Soil
ÇAĞ-DAŞ PETROL,37.8061,28.3139,Soil
ÇAĞDAŞ71 PETROL,39.843013591466146,33.46531700000003,Soil
ÇAĞLAK PETROL,38.91710042472589,27.851656400000024,Soil
CAN PETROL,39.295479,28.228081,Soil
ÇAYELİ ALBAYRAK PETROL,40.94183499335961,37.89104067724611,Soil
ÇEÇENLER PETROL,38.33664782629753,33.240121436523395,Soil
ÇELİKHAN 07 PETROL,38.213238,38.026425,Soil
ÇELİKTAÇ AKARYAKIT,37.5433,34.5252,Soil
CEMALOĞLU PETROL,40.0658,35.5,Soil
CERENLER PETROL,38.263376,37.185375,Soil
ÇETİN KARDEŞLER,38.24236,32.19569,Soil
ÇETİN PETROL,38.774389000000006,39.209156936523414,Soil
CEYLİN PETROL,37.935141881616325,41.9513932772461,Soil
ÇİÇEK BİR PETROL,39.63203163107347,34.45891251376952,Soil
ÇİFTÇİ PETROL,38.49728129002062,33.05192820419916,Soil
ÇİLEM AKARYAKIT,37.503129,34.817174,Soil
CİNDAYI PETROL,37.41953267000738,31.848559322753886,Soil
CİZRE ÇİMEN PETROL-SOİL,37.3149663592392,42.22888248516339,Soil
COŞANDAL PETROL,37.17117270000002,39.07141872275383,Soil
CUMA KIZOĞLU PETROL,37.75168337112066,39.684887322753866,Soil
CYM YAPI,37.95909,41.84628,Soil
DAĞ-TUR TURİZM İŞLETMELERİ,37.245564,31.922968,Soil
DAVUT PETROL,36.8453458,36.17083179999999,Soil
DEĞİRMEN GRUP PETROL,37.8551,41.1718,Soil
DEMİREL PETROL,39.88745723511224,44.00483650000001,Soil
DEMİRTAŞ PETROL,37.0794759,36.2597068,Soil
DENİZ ÖZER PETROL,37.894025,34.561777,Soil
DEVSA AKARYAKIT,37.2213985,38.8007622,Soil
DİCLE PETROL,37.255071794707995,42.10983599999997,Soil
DİLANTUR PETROL,41.21217314825142,36.80188027724603,Soil
DİLİUZ PETROL,37.4584819103186,37.25786425996091,Soil
DİNLER PETROL,41.070582827406795,31.180624154394536,Soil
DMR33 PETROL - SOIL,36.8644,34.7733,Soil
DOĞANLAR PETROL,36.945244,38.470371,Soil
DOĞUŞ AKARYAKIT,38.4721,33.9033,Soil
DÖŞLÜ PETROL,36.8121041,34.64285439101559,Soil
DOSTLAR LOJİSTİK PETROL,37.36482,40.26616,Soil
DURU NAKLİYE PETROL,39.93222638858965,33.94535967666013,Soil
EFDAL PETROL,39.814139587513225,35.190380000000005,Soil
EKDEM PETROL,39.73081,32.8094,Soil
ELİF PETROL,37.52153750282631,42.449099899999965,Soil
EMİN ABDULAH ÇETİN,37.52536,34.564585,Soil
EMİN ERCANLAR OTOMOTİV PETROL,37.974528235285256,32.51646631155217,Soil
EMİR ALİ CERAN PETROL,38.20653700000001,37.19410596826174,Soil
EMRE ÖZER PETROL,38.7532205,35.3847435,Soil
EMRE ÖZER-İNCİ PETROL,39.065,34.3486,Soil
ER-AR PETROL,39.719074,43.050591,Soil
ERAS AKARYAKIT,38.404238,33.981984,Soil
ERDOĞAN ÇETİNKAL-GÖKHAN PETROL,40.1988,27.6088,Soil
ERGÜN ÜÇKARDEŞ PETROL,38.109454,39.48262442275393,Soil
ERPINAR PETROL,37.43527859088362,34.18685500000004,Soil
ERŞAN AKARYAKIT,39.8291,28.1258,Soil
ERYURT AKARYAKIT,38.4443965,35.796758,Soil
ESAPET ENERJİ PETROLCÜLÜK,40.451939,39.737083,Soil
ESAPET ŞANLIURFA,37.125893,38.8098271,Soil
ETRA PETROL,36.94743974364233,34.358391541308606,Soil
ETRA-2 PETROL,36.93494550778942,34.29771800000003,Soil
EZSA PETROL,39.49942633422396,34.758223000000044,Soil
FATİH CİHAN AKSU,37.07544,36.06207,Soil
FEDİL KÖÇER PETROL,38.824629972456364,42.3263173682617,Soil
FERDİ ÇAKIR PETROL,36.882636500000004,34.99785858203131,Soil
FETİH PETROL,41.968479,34.04029461376956,Soil
FEYYAZ GÜNDOĞAN PETROL,36.863131,39.024276,Soil
FEZCAN PETROL,37.926913770212806,41.28336802275385,Soil
FİDANLAR PETROL I - SOIL,39.701377,43.04787,Soil
FIRAT ASLANKILIÇ,39.65075,43.01256,Soil
FM ER PETROL,37.8862192,35.10678,Soil
FUAT DABAN I - SOIL,38.54728,28.63911,Soil
GAZİ ERGÜN-ERGÜN PETROL,38.67505,31.65274,Soil
GESAN PETROL,41.03745323318422,39.07992524609381,Soil
GEZEN PETROL,38.26388484077966,36.22185729101557,Soil
GÖKPET PETROL,38.602241366588565,35.74062142963862,Soil
GÖR KARDEŞLER PETROL,41.15102797333083,35.505668000000014,Soil
GÜCE PETROL,40.893431174621284,38.80763000000002,Soil
GÜMÜŞ PETROL,38.24047039792313,34.66223154550778,Soil
GÜMÜŞAY PETROL,38.462701,33.765345,Soil
GÜNAYLAR PETROL,38.33792058339548,43.184470122753964,Soil
GÜRBÜZ MEYDAN PETROL,38.3531921,40.3818758,Soil
Gürbüzoğulları Petrol 1,37.41303262010439,31.84669098678456,Soil
Gürbüzoğulları Petrol 2,37.3851502199926,32.07123949703316,Soil
GÜVENOĞLU PETROL,37.254799265598955,42.393860700000005,Soil
GÜVENOĞULLARI PETROL,38.914734,41.513052,Soil
HACIÖMEROĞULLARI PETROL,37.055187009891405,40.458664,Soil
HAKAN ŞAHİN PETROL,39.64161199999999,34.469425,Soil
HALAFOĞULLARI PETROL,36.71334900000001,38.94844,Soil
HAS OVAM PETROL,38.68479899492381,41.69077800000002,Soil
HASAN AKAN PETROL,38.938310137626196,33.00601400000005,Soil
HASAN ERTAŞ PETROL,37.41596605195789,41.37308667724608,Soil
HATAY ASEL AKARYAKIT,38.1694998,34.938406,Soil
HAYAT AKARYAKIT,37.8533,32.6613,Soil
HİZMET PETROL,36.786051959849885,39.432617645507776,Soil
HMA PETROL,40.64262149166731,30.54009700000006,Soil
HMA-2 PETROL,40.651587426109835,30.563619099999983,Soil
İBRAHİM FEVZİOĞLU PETROL,36.71334900000001,38.94844,Soil
İDA ÇAN KALE ENERJİ AKARYAKIT ÇANAKKALE,40.0073,26.9567,Soil
İDA ÇAN KALE ENERJİ AKARYAKIT MERSIN,36.86449,34.77663,Soil
İĞDELİ PETROL,38.30503100000001,32.86901008203131,Soil
İKRAM ALPER PETROL,37.409341,41.3737937,Soil
İMAM KARAHAN,36.81698316403182,37.3304997920654,Soil
İNVEST KIYMETLİ MADENLER,37.57751424357615,38.962799804815205,Soil
İSA ZAMUR PETROL,36.84166176017891,38.93960400000003,Soil
İSMAİL TERECİ PETROL,37.9732924110749,34.677637968261706,Soil
İSMET ÖZER PETROL,38.67370510000001,35.95871614492194,Soil
İZZEDDİNOĞULLARI PETROL,36.960449658780696,38.9047585592773,Soil
KADAS PETROL,37.163931,36.771802,Soil
KADİR CENGİZ,40.9984,35.7922,Soil
KAMER PETROL,36.76077990000001,32.185806455078136,Soil
KAPLAN BARIŞ AKARYAKIT,39.9385,33.4042,Soil
KARAERLER PETROL,38.24518528852189,32.20958461376949,Soil
KARAOSMANOĞULLARI PETROL,39.383709519951,33.69931412753908,Soil
KARAYER PETROL,37.330041,38.22098,Soil
KARTAL62 PETROL,38.84435000000003,39.27192632275387,Soil
KEMAL SEÇKİN / SOİL,39.48697980685548,39.895784645507774,Soil
KENAN GENÇ-SEYİTLER PETROL,38.559973,38.239657,Soil
KILIÇLI PETROL,36.992045,40.21299500000001,Soil
KLASPET PETROL,38.135972800000005,39.46305193652347,Soil
KOCAMANLAR PETROL,38.53370699999999,42.31837081376955,Soil
KORCAN PETROL,39.84192709217744,35.164152100000024,Soil
KORKUT PETROL,38.365775513369506,40.07672332275388,Soil
KÖROĞLU ÇİFTÇİ PETROL,39.085838,42.299365,Soil
KSC PETROLCÜLÜK ANONİM ŞİRKETİ,38.762737791597175,27.690332773046862,Soil
LVN AKARYAKIT,39.8397835,33.5088782,Soil
MAHMUT ZEYREK PETROL,39.855495889562434,37.39026764550783,Soil
MAHMUTOĞULLARI PETROL,37.164976,38.7943022,Soil
MECİT ÖZDEMİR PETROL,39.04161301878172,32.641628984130875,Soil
MEHMET BİLGE PETROL,36.33845744346029,33.40187058203128,Soil
MEHMET KORKMAZ PETROL,36.96118989827015,36.20484994306639,Soil
MEHMET ŞAHİN PETROL,39.641347623773676,34.46942509999997,Soil
MEKAN PETROL,37.248426709189765,42.47198664550774,Soil
MERDAN PETROL,37.42727443508561,42.883473922753865,Soil
MERGE PETROL,37.850055,40.668688,Soil
MESUT ARSLAN ARSLAN MEHMET,40.650022,33.603024,Soil
MEZİTLER PETROL,39.9561,29.6638,Soil
MİRES PETROL,38.530941,43.392262,Soil
MSB GLOBAL AKARYAKIT,36.80099999999999,34.6003,Soil
MUHAMMET YILMAZ PETROL,38.6694557,39.2486018,Soil
MUHARREM YALÇIN PETROL,40.397399,35.526301936523396,Soil
MURATBEY PETROL,37.1085144,38.8257189,Soil
MURTAZA AYGÜN PETROL,38.35467594518744,34.437148745507784,Soil
MURZAN PETROL,37.070191774809686,41.21399700000006,Soil
MUSTAFA ELÇİ PETROL,36.725126,39.113083,Soil
MUSTAFA GÜL PETROL,36.9165612,34.8952102,Soil
MUT PET AKARYAKIT,38.271447,34.695375,Soil
MUTLUKENT PETROL-1,40.8226372,29.416807,Soil
MUTLUKENT PETROL-2,40.8319192,29.4265651,Soil
NASUFOĞULLARI PETROL,38.120831,31.017177259277332,Soil
NB HAN PETROL,38.5484105,43.4013329,Soil
NECDET ZERDALİ PETROL,38.22829599999999,27.97827522753903,Soil
NECLA ŞIHOĞULLARI PETROL,41.700454,26.438729,Soil
NEJDET AKPINAR PETROL,39.9054993,41.2658236,Soil
NEVZAT YÜCE PETROL,37.796599999999984,37.91647329101556,Soil
NS PETROL,41.442443,31.796131,Soil
NUR PETROL,37.543032108453005,36.79264658203124,Soil
NUR-OL PETROL,36.91877293743755,35.274383291015624,Soil
NUR-PET PETROL,37.7171,33.4834,Soil
NURSAN PETROL,37.23668700609489,39.76237800000001,Soil
NURTEPE PETROL,38.56958729999998,42.04143507304684,Soil
OĞUZHAN ÖZALTIN PETROL,38.2811,33.0211,Soil
OKUYUCULAR PETROL,38.731258700000005,39.189930468261764,Soil
OLGUNBEY PETROL,37.6043439923482,38.191059936523516,Soil
OLTU PETROL,40.82523219974925,42.13774821074219,Soil
ÖMER ÖZKAN PETROL,37.20160214337879,39.29051436826171,Soil
ÖMEROĞULLARI PETROL,38.58683991566076,34.14444332275389,Soil
ÖMSE AKARYAKIT,36.9057,31.1937,Soil
ÖMSE PETROL,37.02458132143565,31.18036912499997,Soil
ORUÇ HAN PETROL,37.850055,40.668688,Soil
ORUÇLAR PETROL,38.24659251506595,33.44883809999999,Soil
OSMAN DOĞANTÜRK PETROL,36.9660464,38.4350372,Soil
OSYA PETROL,37.203126,37.34203673652337,Soil
OYA ALTAY,39.6323366,43.3801017,Soil
OYA ALTAY,39.6533842,43.3562699,Soil
OYSALKIZILAY PETROL,37.92381,41.93035,Soil
ÖZ AKARYAKIT,38.208737,30.742392,Soil
ÖZ BİLİCAN PETROL,39.0965599,42.26808918650818,Soil
ÖZ ELEZOĞLU PETROL,41.00243780112149,39.716763300000025,Soil
ÖZ KARANFİL PETROL,38.845927,35.87949925927728,Soil
ÖZ KARANFİL-2 PETROL,38.82806784419248,35.64489858203126,Soil
ÖZ MAHMUDİYE SORMAZ AKARYAKIT,39.18914900407411,30.8292256853264,Soil
ÖZ TEPE ÇELEBİ PETROL,38.1482034,40.99574503652343,Soil
ÖZÇELİK PETROL,38.25395627492255,40.78048165952452,Soil
ÖZDEMİRLER PETROL,37.07605325017968,35.46998338203127,Soil
ÖZELLER PETROL,38.06332090329305,30.16527964912109,Soil
ÖZGÜMÜŞLER PETROL,36.257004631365696,36.185796966168255,Soil
ÖZKANMED PETROL,37.23450030335396,39.76375129101564,Soil
ÖZKİLİSLİLER PETROL,37.30220163376671,32.72195245927742,Soil
ÖZMEN GLOBAL PETROL,36.7631365,34.5505053,Soil
ÖZSARAÇOĞLU PETROL,40.50678764555409,34.58803788833848,Soil
ÖZTAÇPET PETROL NAKLİYE LİMİTED ŞİRKETİ I SOİL,38.8831,35.1425,Soil
PEKTAŞ PETROL,38.03784479744485,41.70643932275391,Soil
PERTEK-2 PETROL,38.86750268968287,39.32490932275391,Soil
PERVARİ PETROL,37.933022789422395,42.545748254492196,Soil
RAFET YILDIRIM PETROL,39.7237821,43.0545034,Soil
RECEP DEMİR-DEMİROĞLU TİCARET,40.25882,28.19387,Soil
REFİ TAVİLOĞLU ORTAKLIĞI,40.3992,27.7955,Soil
S.S. TURHAL PETROL,40.266031300000016,36.076788345507794,Soil
SADIK PETROL,40.3807278,36.0924471,Soil
SAFİYE MADAK PETROL,39.92112769647877,44.02482740000005,Soil
ŞAHİN ALTUNBULAK PETROL,39.1846788,36.0758157,Soil
SALMAN PETROL,40.82745198215802,37.012161900000024,Soil
SARAÇÇEŞME PETROL,36.9548161071706,40.14537744550785,Soil
SARIOĞLU,41.1685,35.4348,Soil
SARPET PETROL,36.82836194965247,34.63965655927734,Soil
SARUHANLI PETROL,38.751021125996246,27.601675746032697,Soil
SEÇER PETROL,37.9089222,28.4575204,Soil
ŞEFİK MEŞE PETROL,39.01849444268483,31.791410306884814,Soil
ŞEFKAT PETROL,37.2277396341784,39.76804867724604,Soil
ŞENSA PETROL,38.14095497929459,41.01452371376956,Soil
SERGÜL PETROL,36.936453182836715,34.90274235927734,Soil
ŞERİFE ESER PETROL,40.8113249,32.891471422753966,Soil
SERKAN KARAHAN PETROL,39.821120900000004,40.034000313769525,Soil
SEVDAKAR SABER,39.6721,35.5288,Soil
SEVİNDİR PETROL,40.30554480000001,35.896711377246106,Soil
SEVİNDİR PETROL,40.3106582,35.9141247,Soil
SEVSA PETROL,37.92678292580907,41.68556734550782,Soil
SİLOPİ SEFA PETROL,37.24815341738834,42.47129999999993,Soil
SİMYA PETROL,37.783279581173986,37.642411591015616,Soil
ŞIRNAK 5NOLU MOTORLU TAŞIYICI PETROL,37.4708864,42.3567048,Soil
SO PETROL,38.4934,37.5818,Soil
SONER KARDEŞLER PETROL,38.20503315620208,32.38193572275395,Soil
SÖNMEZ KARDEŞLER PETROL,40.154595,32.66410312753908,Soil
SOSA PETROL,37.788255619060706,38.61763170898439,Soil
ŞURTEKS PETROL,37.15734846138345,39.06723929101565,Soil
TAMER PETROL,39.636814422366264,34.466881899999976,Soil
TAYFANLAR PETROL,38.3684,41.8156,Soil
TEKİN PETROL,38.4903,29.6836,Soil
TEMELLER PETROL,41.168402667091044,31.500711000000024,Soil
TİREBOLU KARPET PETROL,40.974140000000034,38.887804740722686,Soil
TOPÇUOĞULLARI PETROL,40.97941110000001,37.89020957724608,Soil
TOZOĞLU PETROL,38.89744859906766,31.99546464550781,Soil
TURER PETROL,41.056908,28.996403,Soil
TURGUT AK PETROL,40.829530774537304,31.04529974238278,Soil
UÇAR PETROL,36.85360743549397,40.047398000000044,Soil
ÜÇYOL PETROL,37.72277920469461,40.41554383652351,Soil
UGUR ASLAN BEY PETROL,37.1674039,38.7955149,Soil
UĞUR PETROL,38.41731602667798,34.36203709999995,Soil
ULUYURT PETROL,40.49162,32.476536,Soil
URAL AKARYAKIT PETROL,36.790293,38.954516,Soil
VELİOĞLU PETROL,37.19966309999592,40.243217761718824,Soil
VEYSİOĞULLARI PETROL,38.1937,39.8436,Soil
YAKACIK AKARYAKIT,37.873058,32.499695,Soil
YAKACIK PETROL,37.88385,32.49861,Soil
YAKUP BALLİ,39.1,42.2741,Soil
YANIKOĞULLARI PETROL-1,40.8524517,34.8259924,Soil
YANIKOĞULLARI PETROL-2,40.7756319,34.8868627,Soil
YARICI PETROL,37.577102,30.03405,Soil
YASİN DAŞ PETROL,37.1346358,38.7994376,Soil
YAZGAN PETROL,37.89402499999999,34.56212032275391,Soil
YAZPET-2 PETROL,38.020381999999984,36.49624229101562,Soil
YENİ GÜVEN PETROL,37.61123493051582,40.49621052275393,Soil
YERKÖY DENİZ PETROL,39.641347623773676,34.46942509999997,Soil
YESAR PETROL,39.8076,35.1996,Soil
YEŞİLTEPE PETROL,38.43327689682442,33.729763122753866,Soil
YİĞİT PETROL,40.552307800000015,41.99992089101556,Soil
YIKILMAZ PETROL,39.198998540635124,35.23545119999994,Soil
YILDIZ ARTI PETROL,37.183333000000005,37.43436296826167,Soil
YILKAR PETROL,40.72302152897051,39.08732725449215,Soil
YILMAZLAR PETROL,36.81233673199652,35.560676936523464,Soil
YILMAZOĞLU PETROL,39.354024,39.185618645507816,Soil
YÜCEL PETROL,37.065678999999996,37.35543512753907,Soil
ZADE KARDEŞLER PETROL,40.83673475025257,35.647658936523385,Soil
ZAZAOĞLU PETROL,40.51984909999998,34.76157624550774,Soil
ZEKİ HANSU PETROL,39.71933807884682,43.05127764550775,Soil
ZEYNEL ABİDİN PETROL,37.035829665984345,38.9831445455078,Soil
ZEYNELABİDİN PETROL,37.0217865,39.0053539,Soil
TotalEnergies FINDIKLI,41.280752,41.153746,Total
TotalEnergies İNCİRLİK,36.974639,35.490972,Total
TotalEnergies GÜVERCİNLİK,36.88045,31.25607,Total
TotalEnergies ABANT,40.71846,31.4708,Total
TotalEnergies KIBYRA,37.28832,29.55473,Total
TotalEnergies ŞEHİTLER,40.1324,29.4096,Total
TotalEnergies ORHANİYE,40.0981,29.5156,Total
TotalEnergies KONAKLI MH.,40.630711,35.21921,Total
TotalEnergies ERZİNCAN MERKEZ,39.7923,39.3886,Total
TotalEnergies EMNİYET,39.744426,39.508463,Total
TotalEnergies ÜZÜMLÜ,39.6057,39.8385,Total
TotalEnergies PORSUK,39.7595,30.5692,Total
TotalEnergies HAKKARİ,37.576079,43.738229,Total
TotalEnergies KARABURUN,38.63703,26.51325,Total
TotalEnergies PINARBAŞI,38.43928,27.25537,Total
TotalEnergies BOĞAZKÖPRÜ-2,38.764888,35.298901,Total
TotalEnergies KAYSERİ OSB-1,38.697042,35.382881,Total
TotalEnergies BÜYÜKKARIŞTIRAN,41.286225,27.559142,Total
TotalEnergies BABAESKİ,41.446672,27.052855,Total
TotalEnergies SULTANHİSAR,37.88533,28.15518,Total
TotalEnergies DARICA,40.780422,29.407665,Total
TotalEnergies MAŞTİ,38.34126,38.25828,Total
TotalEnergies DOĞANŞEHİR,38.09578,37.88023,Total
TotalEnergies TEPEBAŞI,38.21831,37.19719,Total
TotalEnergies TERME MERKEZ,41.2132,36.9535,Total
TotalEnergies EMİREFENDİ,41.556846,35.907118,Total
TotalEnergies AKÇAY,41.146034,37.13425,Total
TotalEnergies KİRAZLIK BAYRAK,41.234506,36.415821,Total
TotalEnergies KARAKÖPRÜ,37.22794,38.81252,Total
TotalEnergies NOHUTOVA,38.680664,29.636503,Total
TotalEnergies KAYSERİ YOLU,39.8203,33.48,Total
TotalEnergies KİLİS OSB,36.720737,37.217453,Total
TotalEnergies ELMALI,36.6945,29.9183,Total
TotalEnergies TAŞOVA,40.7532,36.3321,Total
TotalEnergies SUSURLUK BATI,39.922894,28.131784,Total
TotalEnergies HAVRAN,39.5574,27.1196,Total
TotalEnergies İZMİR YOLU,39.2357,26.761,Total
TotalEnergies ODUNLUK,40.2058,28.9962,Total
TotalEnergies İNEGÖL MERKEZ,40.0789,29.5215,Total
TotalEnergies KEPEZ,40.092096,26.389105,Total
TotalEnergies BAĞLARBAŞI,37.0414,37.3289,Total
TotalEnergies LALEBAHÇE,37.8446,32.4564,Total
TotalEnergies MERAM,37.8139,32.4333,Total
TotalEnergies GÜNEŞLİ,41.030975,28.814469,Total
TotalEnergies DİKİLİ SALİHLER,39.167269,26.840018,Total
TotalEnergies IŞIKKENT,38.431361,27.223254,Total
TotalEnergies ORTAKLAR,37.8913,27.4861,Total
TotalEnergies ÜÇKUYU,38.6948,35.1207,Total
TotalEnergies DALAMAN,36.8084,28.8154,Total
TotalEnergies GÜLLÜK MERKEZ,37.2423,27.6071,Total
TotalEnergies ORTACA,36.8466,28.71,Total
TotalEnergies ERBAA İPEKYOLU,40.681485,36.544054,Total
TotalEnergies MALATYA,38.3511982839831,38.304990610947,Total
TotalEnergies ÜNYE TÜNEL,41.126747,37.221807,Total
TotalEnergies İMRANLI,39.8711171943069,38.1377179762549,Total
TotalEnergies TUZLA HAL,40.8554,29.3682,Total
TotalEnergies İNEGÖL - 1,40.089726,29.5124847,Total
TotalEnergies MARDİN,37.321777,40.724812,Total
TotalEnergies FİDANGÖR,40.9688,37.89746,Total
TotalEnergies ARGAVLI,37.8198,27.4881,Total
TotalEnergies ADNAN MENDERES BULVARI,39.816727,34.787196,Total
TotalEnergies DİDİM KAVŞAĞI,37.503333,27.336667,Total
TotalEnergies MERSİN YOLU,37.159901,33.213901,Total
TotalEnergies CİZRE,37.361301,42.232501,Total
TotalEnergies EREĞLİ,41.243596,31.405516,Total
TotalEnergies OSB,38.291653,34.014053,Total
TotalEnergies KEMERBURGAZ,41.1694,28.9051,Total
TotalEnergies EDREMİT,38.422609,43.2411435,Total
TotalEnergies KARS,40.615556,43.111436,Total
TotalEnergies SUSURLUK,39.84471,28.14499,Total
TotalEnergies TURGUTREİS,37.009172,27.26583,Total
TotalEnergies SARIÇAM,37.033053,35.411675,Total
TotalEnergies BARAJYOLU,41.007988,29.180977,Total
TotalEnergies BARBAROS,40.766432,29.773106,Total
TotalEnergies PARK PLAZA,40.268876,28.948543,Total
TotalEnergies GÜLŞEHİR,38.741,34.6584,Total
TotalEnergies KUZEYKENT,41.41909,33.79431,Total
TotalEnergies M.KEMAL PAŞA,40.032937,28.377028,Total
TotalEnergies MECİTÖZÜ,40.525237,35.296138,Total
TotalEnergies KOZLU,41.43806,31.74667,Total
TotalEnergies EDİRNE,41.666194,26.573972,Total
TotalEnergies KEŞAP,40.926535,38.5537,Total
TotalEnergies SAKARYA STADYUM,40.776505,30.420872,Total
TotalEnergies İZMİT,40.7477,29.9573,Total
TotalEnergies GÜZELBAHÇE,38.330796,26.862707,Total
TotalEnergies ERCİYES,38.6359501429399,35.516873912936,Total
TotalEnergies BAŞMAKÇI-1,37.6531,34.7012,Total
TotalEnergies KÖRFEZ-1,40.7584,29.7973,Total
TotalEnergies BODRUM,37.056184,27.370156,Total
TotalEnergies YAKACIK,40.910525,29.216155,Total
TotalEnergies YAHYAKAPTAN,40.760358,29.972974,Total
TotalEnergies KÜTAHYA-1,39.3792,30.0481,Total
TotalEnergies ANKARA YOLU,40.494823,34.90368,Total
TotalEnergies DRAGOS,40.914469,29.140796,Total
TotalEnergies ERZURUM,39.921005,41.195054,Total
TotalEnergies KONYA-1,37.916106,32.506198,Total
TotalEnergies SÜTÇÜLER,36.936926,30.719829,Total
TotalEnergies AKBABA,41.148595,29.113247,Total
TotalEnergies PAMUKÇU,39.4955,27.9034,Total
TotalEnergies ESENYURT,41.000094,28.695073,Total
TotalEnergies HİLVAN,37.5755,38.9453,Total
TotalEnergies MACUNKÖY,39.945456,32.760295,Total
TotalEnergies NİKSAR,40.581203,36.927589,Total
TotalEnergies ÇARŞAMBA,41.2043,36.7216,Total
TotalEnergies İNCESU,38.611027,35.18687,Total
TotalEnergies TSK Mehmetçik Vakfı Kurtköy-1,40.9205639,29.3503216,Total
TotalEnergies TSK Mehmetçik Vakfı Kurtköy-2,40.9183583,29.3514558,Total
TotalEnergies TSK Mehmetçik Vakfı Kurtköy-3,40.91718,29.3542775,Total
TotalEnergies KAHTA,37.78597,38.62138,Total
TotalEnergies TİRE MERKEZ,38.092901,27.729539,Total
TotalEnergies ARNAVUTKÖY,41.117434,28.629169,Total
TotalEnergies BÜYÜKDALYAN,36.2847,36.193,Total
TotalEnergies OF,40.943672,40.263332,Total
TotalEnergies ÇAMALTI,39.139572,27.670597,Total
TotalEnergies ORHANLI,40.899897,29.350779,Total
TotalEnergies MEZİTLER,40.013197,29.651107,Total
TotalEnergies ÜMRANİYE,41.031028,29.107662,Total
TotalEnergies ORDU,40.983435,37.886569,Total
TotalEnergies SERİNYOL,36.3578,36.2186,Total
TotalEnergies AYVALIK,39.330325,26.698467,Total
TotalEnergies ALİAĞA,38.691872,27.002013,Total
TotalEnergies TERMİNAL SAKARYA,40.729166,30.37675,Total
TotalEnergies ŞİLE,41.1558,29.6044,Total
TotalEnergies ZİNCİRLİKUYU,39.8015845,30.4330155,Total
TotalEnergies KÜÇÜKKÖY,41.087005,28.889345,Total
TotalEnergies ORHANGAZİ-DOĞU,40.5275,29.3433,Total
TotalEnergies YENİKÖY,37.011883,30.599992,Total
TotalEnergies SEFAKÖY,41.008084,28.794911,Total
TotalEnergies ERBAA,40.6822,36.5652,Total
TotalEnergies ERİKLİ,40.193627,29.150075,Total
TotalEnergies AYBASTI,40.687823,37.399412,Total
TotalEnergies ALAÇAM,41.60799,35.6744,Total
TotalEnergies BİNGÖL,38.9461227684168,40.6429546832998,Total
TotalEnergies ÇAN,40.028269,27.05473,Total
TotalEnergies KURTALAN,37.9519,41.7105,Total
TotalEnergies KARTEPE,40.7478,30.0603,Total
TotalEnergies OSMANİYE BULVAR,37.078285,36.256975,Total
TotalEnergies ESENYURT MERKEZ,41.042324,28.676442,Total
TotalEnergies ERENKÖY,39.9955163604814,26.3117026984899,Total
TotalEnergies SARAYKÖY-2,37.923644,28.929101,Total
TotalEnergies BİSMİL,37.844805,40.694305,Total
TotalEnergies ÇORUM MERKEZ,40.550504930858,34.9300074779246,Total
TotalEnergies KAYABEY,39.6673,27.8703,Total
TotalEnergies GEMEREK,39.1917,36.0838,Total
TotalEnergies DEFNE,36.19256,36.13182,Total
TotalEnergies -,39.7651,36.0443,Total
TotalEnergies YENİ SANAYİ,39.671404,27.924489,Total
TotalEnergies YAKUPLU,40.989494,28.657348,Total
TotalEnergies TARSUS KOOP.,36.9293549396487,34.9246188118264,Total
TotalEnergies AYDIN,37.856861,27.825649,Total
TotalEnergies ALTINOVA YOLU,36.937,30.7997,Total
TotalEnergies KALEİÇİ,41.158029,28.454292,Total
TotalEnergies BATMAN,37.889271,41.154831,Total
TotalEnergies KULA,38.539972,28.640236,Total
TotalEnergies KİLİS,36.767376,37.061573,Total
TotalEnergies GÖKÇEYURT 1,39.945896,33.039326,Total
TotalEnergies EDREMİT YOLU,39.657748,27.848625,Total
TotalEnergies ERDEMLİ,36.6426,34.3554,Total
TotalEnergies İPSALA,40.89794,26.3859,Total
TotalEnergies EFELER,37.84522,27.896811,Total
TotalEnergies KILIÇARSLAN,40.733655,31.569655,Total
TotalEnergies PİRİREİS,36.787548,34.610624,Total
TotalEnergies SİLİFKE,36.38166,33.941983,Total
TotalEnergies BAKIRLI,37.800855,29.075673,Total
TotalEnergies GÜRLEK,37.8109,29.2528,Total
TotalEnergies ACIBADEM,41.002994,29.036238,Total
TotalEnergies BANDIRMA,40.326696,28.000307,Total
TotalEnergies ÇALI,40.178183,28.924459,Total
TotalEnergies SARIKAYA,39.496313,35.371674,Total
TotalEnergies KANDIRA,41.043186,30.125468,Total
TotalEnergies ADAPAZARI,40.749586,30.508371,Total
TotalEnergies SÜLEYMANPAŞA,40.94588,27.44095,Total
TotalEnergies SİVAS YOLU,39.190059,36.084963,Total
TotalEnergies ALİ DAĞI,38.6856,35.5421,Total
TotalEnergies NURDAĞI,37.1757534132931,36.742336477175996,Total
TotalEnergies HAVALANI,38.7592293276995,35.4818762603244,Total
TotalEnergies ÇAMDİBİ,38.4254148514843,27.18280333964,Total
TotalEnergies İSKENDERUN,36.6047,36.1996,Total
TotalEnergies TÜRKOĞLU,37.39504,36.869819,Total
TotalEnergies ÇEKMEKÖY,41.044951,29.177177,Total
TotalEnergies ARTUKLU,37.32798,40.75654,Total
TotalEnergies KARAPINAR,37.713436,33.384666,Total
TotalEnergies ASPENDOS BLV.,36.887595,30.735921,Total
TotalEnergies SELÇUKLU,37.8866,32.46019,Total
TotalEnergies KAMPÜS YOLU,39.570556,27.962778,Total
TotalEnergies BAYRAK,41.081749,36.074056,Total
TotalEnergies TUŞBA,38.544066,43.32769,Total
TotalEnergies KAYALIOĞLU,38.8933,27.7796,Total
TotalEnergies YAKAKENT,41.629792,35.538338,Total
TotalEnergies MAVİKENT,36.998104,37.3818449,Total
TotalEnergies ADA,40.9131985556534,38.4430817425659,Total
TotalEnergies ATAYURT,36.3804,34.0302,Total
TotalEnergies GÖKÇEBAĞ,40.873101,35.546497,Total
TotalEnergies METROPOLİS,38.1853617209013,27.3531310258345,Total
TotalEnergies CUMHURİYET,37.9374514251843,32.5013318589855,Total
TotalEnergies AHMETLİ,38.5156,27.9555,Total
TotalEnergies -,40.946972,33.212638,Total
TotalEnergies ADIYAMAN YOLU,37.7106,38.133,Total
TotalEnergies MUCUR,39.032728,34.583784,Total
TotalEnergies İSTİKLAL,40.031071,27.060771,Total
TotalEnergies FERİZLİ,40.9846,30.5435,Total
TotalEnergies ERZURUM - 2,39.92129,41.2795,Total
TotalEnergies KIRŞEHİR,39.143638,34.156295,Total
TotalEnergies UŞAK,38.669907,29.413402,Total
TotalEnergies AOSB,38.475951,27.036634,Total
TotalEnergies ARDAHAN,40.787401,42.601901,Total
TotalEnergies REŞADİYE,40.3875,37.3296,Total
TotalEnergies TUNCELİ,39.0805,39.5377,Total
TotalEnergies MURATLI GÜNEY,40.272,28.6028,Total
TotalEnergies ÇUKURKUYU,39.780434,39.432249,Total
TotalEnergies SAADETDERE,41.011527,28.698141,Total
TotalEnergies KADRİYE,36.8916,31.007,Total
TotalEnergies ŞEREFLİKOÇHİSAR,38.975002,33.496975,Total
TotalEnergies AYRANCILAR ,38.2328,27.2932,Total
TotalEnergies BATMAN OSB,37.8973,41.2201,Total
TotalEnergies ÖREN,39.506,26.970674,Total
TotalEnergies BUCAK,37.327886,30.495222,Total
TotalEnergies ANTALYA,36.8981623790665,30.709216394932,Total
TotalEnergies KDZ.EREĞLİ,41.26765,31.459532,Total
TotalEnergies -,39.974837,39.491423,Total
TotalEnergies BAYINDIR,38.208211,27.62433,Total
TotalEnergies STADYUM,38.7393,35.4269,Total
TotalEnergies ESKİŞEHİR,39.770662,30.484378,Total
TotalEnergies FATİH BULVARI 2,40.964075,29.284419,Total
TotalEnergies GÖLYAKA,40.77317,31.00065,Total
TotalEnergies BAĞCILAR-2,41.027025,28.856882,Total
TotalEnergies BELDİBİ,36.723748,30.557814,Total
TotalEnergies AKSARAY,38.38152,34.02879,Total
TotalEnergies GÖZNE,36.993056,34.570278,Total
TotalEnergies KANAL KÖPRÜ,37.0113,35.3061,Total
TotalEnergies SOLİ,36.739037,34.517259,Total
TotalEnergies VAKFIKEBİR,41.0495,39.2845,Total
TotalEnergies KÖŞKLÜÇEŞME,40.795563,29.407946,Total
TotalEnergies SANCAKTEPE,41.01043,29.21041,Total
TotalEnergies SÖĞÜTÖZÜ,39.90934,32.79135,Total
TotalEnergies TEPEÖREN,40.9035,29.3946,Total
TotalEnergies BEYŞEHİR,37.6823,31.7234,Total
TotalEnergies ERZİNCAN,39.7487,39.466524,Total
TotalEnergies KOZYATAĞI,40.983475,29.092004,Total
TotalEnergies MİMAROBA,41.010488,28.531756,Total
TotalEnergies YENI HAVALIMANI,41.251637,28.738714,Total
TotalEnergies KIZILCAHAMAM-1,40.2401,32.5036,Total
TotalEnergies KIZILCAHAMAM-2,40.2422,32.5023,Total
TotalEnergies KONYA YOLU,39.907478,32.814266,Total
TotalEnergies KMO İZMİT OSB 2,40.795483,30.079338,Total
TotalEnergies KMO İZMİT OSB 1,40.794945,30.075003,Total
TotalEnergies HALKALI,41.032239,28.800198,Total
TotalEnergies MURATPAŞA,36.9126,30.71351,Total
TotalEnergies YEŞİLYURT,38.3289,38.1936,Total
TotalEnergies SUBAYEVLERİ,39.964549,32.871139,Total
TotalEnergies TUZLA,40.835837,29.3239,Total
TotalEnergies KIRŞEHİR,39.154899,34.165821,Total
TotalEnergies NARLIDERE,38.3928245902671,27.0227130118367,Total
TotalEnergies KİRAZLITEPE,41.036529,29.065373,Total
TotalEnergies BEŞEVLER,39.93246,32.82897,Total
TotalEnergies HALİLİYE,37.154454,38.809401,Total
TotalEnergies HÜRRİYET,38.332354,34.05024,Total
TotalEnergies ANTAKYA,36.2096381426341,36.1737465757691,Total
TotalEnergies BORNOVA,38.4543,27.2596,Total
TotalEnergies EĞİRDİR,37.8544,30.85328,Total
TotalEnergies MALKARA,40.8842,26.8927,Total
TotalEnergies EŞME,38.4118,28.999200000000002,Total
TotalEnergies İSKİLİP,40.7123,34.4844,Total
TotalEnergies -,40.043183,34.224117,Total
TotalEnergies ISPARTA,37.773,30.5541,Total
TotalEnergies HAVALİMANI,38.5957430796936,39.2546661483428,Total
TotalEnergies AKSU,36.9491,30.8296,Total
TotalEnergies DEMİRKÖY,41.822087,27.762033,Total
TotalEnergies SARAYÖNÜ,38.256911,32.409911,Total
TotalEnergies IĞDIR,39.9217319912571,44.0714181482336,Total
TotalEnergies ALANYA SARAY,36.547212,31.9927511,Total
TotalEnergies TAŞKÖPRÜ,41.520048,34.217869,Total
TotalEnergies KESTEL,36.5209011599289,32.0577698555984,Total
TotalEnergies ODABAŞI,36.2334431153884,36.1653475054544,Total
TotalEnergies BİTLİS,38.38796,42.11819,Total
TotalEnergies DOĞUBAYAZIT,39.5521623,44.0672234,Total
TotalEnergies BARAJ YOLU,41.1919,36.706,Total
TotalEnergies KAZDAĞI,39.5758,27.0398,Total
TotalEnergies YAKUTİYE,39.903741,41.290487,Total
TotalEnergies BAKIRKÖY,40.991005,28.870735,Total
TotalEnergies LÜLEBURGAZ-2,41.405307,27.323554,Total
TotalEnergies EREĞLİ,37.505885,34.051799,Total
TotalEnergies HACI OBASI,36.7282,31.5885,Total
TotalEnergies ESENBOĞA YOLU,40.068015,32.92808,Total
TotalEnergies DİCLEKENT,37.9574,40.1726,Total
TotalEnergies FSM BULVARI,39.9546,32.6937,Total
TotalEnergies MANİSA-2,38.615915,27.467043,Total
TotalEnergies İNCİRLİ,40.997071,28.87159,Total
TotalEnergies EFENDİ MH,38.9874,27.8608,Total
TotalEnergies TAŞKÖPRÜ,40.682832,29.403788,Total
TotalEnergies OTOGAR,40.536599,34.92361,Total
TotalEnergies KARABÜK,41.19874,32.62762,Total
TotalEnergies DERİNCE,40.7769,29.8218,Total
TotalEnergies YEŞİLYURT,38.808,35.6065,Total
TotalEnergies ACIKUYU,37.712643,34.294987,Total
TotalEnergies DİDİM,37.3939,27.2463,Total
TotalEnergies ALTUNİZADE 1,41.023077,29.043074,Total
TotalEnergies DOLAPDERE,41.039708,28.977893,Total
TotalEnergies BOZÜYÜK,39.889837,30.111392,Total
TotalEnergies KÖYCEĞİZ,36.966798,28.712073,Total
TotalEnergies ÇORLU - 1,41.152811,27.828607,Total
TotalEnergies İMAM EFENDİ,38.657337,39.192759,Total
TotalEnergies ÇORLU-2,41.1492,27.8458,Total
TotalEnergies MURATLI KUZEY,40.2737,28.5985,Total
TotalEnergies TSK MEHMETÇİK VAKFI BAŞAKŞEHİR-2 ,41.1111224853366,28.79627511274,Total
TotalEnergies SARAYKÖY-1,37.927236,28.926775,Total
TotalEnergies BEYPAZARI,40.1574,31.9144,Total
TotalEnergies SAHİLKENT,36.315488,30.225724,Total
TotalEnergies KUŞÇUBURUN,38.223279,27.312647,Total
TotalEnergies KIZILAĞAÇ,36.740665,31.531954,Total
TotalEnergies -,39.307796,32.317219,Total
TotalEnergies TOSYA,41.01204,34.04407,Total
TotalEnergies ACARKENT,41.121625,29.146219,Total
TotalEnergies KARACABEY,40.2182,28.352395,Total
TotalEnergies AKYAZI,40.6343,30.6289,Total
TotalEnergies ŞANLIURFA,37.16282,38.82593,Total
TotalEnergies CUMHURİYET,40.95169,40.27715,Total
TotalEnergies VADİŞEHİR,39.7415,30.5318,Total
TotalEnergies BEYKENT,37.142293842861,37.3912059446402,Total
TotalEnergies HANÖNÜ,41.6302,34.5528,Total
TotalEnergies BEŞYÜZ EVLER,41.076030686566,28.8806884522298,Total
TotalEnergies KAVAK,41.057785,35.969956,Total
TotalEnergies KALAMAKİ,36.277628,29.36113,Total
TotalEnergies SULTANBEYLİ-2,40.95119,29.29722,Total
TotalEnergies ÇAYIROVA-2,40.827291,29.395614,Total
TotalEnergies TORBALI,38.183056,27.353284,Total
TotalEnergies KUŞHANE,41.218306,36.661861,Total
TotalEnergies PENDİK-2,40.8905,29.23575278,Total
TotalEnergies KUYULUK,36.753511,34.518522,Total
TotalEnergies ACIKLI,41.214206,36.770616,Total
TotalEnergies YAHŞİHAN,39.935082,33.40108,Total
TotalEnergies DÜZCE,40.809647,31.225911,Total
TotalEnergies MURATLI,41.189144,27.510979,Total
TotalEnergies TEKİRDAĞ MURATLI,41.222698,27.549535,Total
TotalEnergies ALAŞEHİR,38.358835,28.538239,Total
TotalEnergies GÜLTEPE,37.9127,41.1333,Total
TotalEnergies HAVSA,41.565256,26.768214,Total
TotalEnergies EDİRNE 2,41.620278,26.631944,Total
TotalEnergies GÜMÜŞYAKA,41.043622,28.035882,Total
TotalEnergies ÜNİVERSİTE MH,41.219856,32.654325,Total
TotalEnergies ABİDİNPAŞA MH.,39.925557,32.897972,Total
TotalEnergies ATAKUM,41.367115,36.228939,Total
TotalEnergies NAZİLLİ YEŞİL MAH.,37.9193,28.344722,Total
TotalEnergies DERECİK,41.2906,36.274355,Total
TotalEnergies YÜRÜCEKLER,39.9591,28.8844,Total
TotalEnergies FATİH,41.028618,28.936859,Total
TotalEnergies KAYAPINAR,37.9522,40.1669,Total
TotalEnergies AVANOS,38.713769,34.844388,Total
TotalEnergies TÜYAP,41.024227,28.623912,Total
TotalEnergies DEMRE,36.2378,29.9793,Total
TotalEnergies POZCU,36.781789,34.589202,Total
TotalEnergies KONAKLI,36.5871,31.8732,Total
TotalEnergies ŞARKIŞLA,39.3497,36.4186,Total
TotalEnergies AFYONKARAHİSAR,38.7867,30.5068,Total
TotalEnergies ALTINOLUK,38.702763,35.446827,Total
TotalEnergies ANADOLU HİSARI,41.081133,29.07713,Total
TotalEnergies KARABİGA,40.397097,27.303719,Total
TotalEnergies BAFRA,41.56552,35.88387,Total
TotalEnergies DEVEGEÇİDİ,37.9264,40.2375,Total
TotalEnergies PAMUKOVA,40.4894,30.0721,Total
TotalEnergies ERENLER,40.7481,30.4145,Total
TotalEnergies ADRASAN,36.335774,30.434256,Total
TotalEnergies FETHİYE,36.64353,29.1245,Total
TotalEnergies DEDEDAĞ,41.54979,35.926082,Total
TotalEnergies ÇİĞLİ-1,38.4933,27.0519,Total
TotalEnergies BAĞLAR,37.918503,40.216137,Total
TotalEnergies HAVALİMANI KAVŞAĞI-2,41.2448857319697,28.7013379164608,Total
TotalEnergies TAVAS,37.567378,29.063634,Total
TotalEnergies DEVELİ,38.375087,35.464646,Total
TotalEnergies -,39.995934,32.282303,Total
TotalEnergies KEMALPAŞA,38.418962,27.4365695,Total
TotalEnergies TAVŞANLI,39.544942,29.496139,Total
TotalEnergies DÖRTKOL,41.572818,32.323171,Total
TotalEnergies SEYDİŞEHİR,37.488420464969,31.8742040036467,Total
TotalEnergies TSK MEHMETÇİK VAKFI -MASLAK,41.1073287707287,29.0152146271603,Total
TotalEnergies AYDINLI YOLU,40.881055,29.345187,Total
TotalEnergies TURHAL,40.375037,36.096353,Total
TotalEnergies OSMANCIK,41.0048,34.6243,Total
TotalEnergies SEYRAN,40.2243,28.4562,Total
TotalEnergies AKÖREN,38.767801,30.367901,Total
TotalEnergies ŞARKİKARAAĞAÇ,38.081896,31.381981,Total
TotalEnergies KIRCAMİ,36.875013,30.732944,Total
TotalEnergies ÜNİVERSİTE,40.334333,36.469972,Total
TotalEnergies KARESİ,39.7521608095323,27.9998474949843,Total
TotalEnergies TERME,41.143002,37.148026,Total
TotalEnergies GÜMÜŞHACIKÖY,40.934001,35.147301,Total
TotalEnergies HARMANDALI,38.5273,27.0464,Total
TotalEnergies ÖDEMİŞ,38.2229,27.94553,Total
TotalEnergies GEDİZ,38.971,29.384900000000002,Total
TotalEnergies KUMKAPI,41.001814,28.972435,Total
TotalEnergies DATÇA,36.75137,27.663326,Total
TotalEnergies YATAĞAN,37.341616,28.157922,Total
TotalEnergies MUĞLA,37.2084,28.3678,Total
TotalEnergies ÇEŞME,38.3158,26.304,Total
TotalEnergies SANAYİ,40.52396,34.94518,Total
TotalEnergies ÇORUM,40.5415,34.946,Total
TotalEnergies MURADİYE OSB,38.6345,27.3521,Total
TotalEnergies BEYTEPE,39.847637,32.711288,Total
TotalEnergies ÜMİTKÖY,39.864906,32.711479,Total
TotalEnergies LİBADİYE,41.014493,29.075852,Total
TotalEnergies ŞEHİTKAMİL,37.102789,37.394347,Total
TotalEnergies GAZİANTEP,37.072884,37.367894,Total
TotalEnergies ISPARTA ÇIKIŞI,37.798761,30.540164,Total
TotalEnergies ULUKENT,38.564166,27.048055,Total
TotalEnergies IRMAK,39.931026,33.398503,Total
TotalEnergies ANITKAYA,38.952111,30.335811,Total
TotalEnergies ORMANKÖY,40.7742,30.5973,Total
TotalEnergies YENİYURT,40.33255,36.534794,Total
TotalEnergies ZONGULDAK,41.436401,31.851549,Total
TotalEnergies ERTUĞRUL,40.212715,28.931646,Total
TotalEnergies OTOGAR,36.9960491167547,35.2660160711945,Total
TotalEnergies ZEYTİNLİ,36.9894355373843,35.1488875101788,Total
TotalEnergies ÇAYCUMA,41.5332691942039,32.0795883018891,Total
TotalEnergies KÖPRÜKÖY,39.9660934679676,41.8666664491433,Total
TotalEnergies FUAT MOREL,36.8169576393959,34.5684786382548,Total
TotalEnergies BEYOBAŞI,36.9125382143366,28.744175556569502,Total
TotalEnergies MUŞ,38.741634,41.531329,Total
TotalEnergies TELLİKAVAK,39.2792598878231,26.7044915485141,Total
TotalEnergies TEKİRDAĞ HAYRABOLU,41.1274,27.0121,Total
TotalEnergies KARAAĞAÇLI,38.6925,27.506,Total
TotalEnergies İNEGÖL-2,40.049708,29.590053,Total
TotalEnergies VARSAK,36.979722,30.715,Total
TotalEnergies TAŞAĞIL,36.890686,31.250784,Total
TotalEnergies TAVŞANÇALI,38.941105,32.999298,Total
TotalEnergies TEKİRDAĞ,40.971912,27.506225,Total
TotalEnergies NEVŞEHİR,38.6124,34.694,Total
TotalEnergies GÖLCÜK,40.715194,29.8305,Total
TotalEnergies SEYHAN,37.0107,35.2752,Total
TotalEnergies SUSUZ,38.801233,30.628838000000002,Total
TotalEnergies TURGUT ÖZAL BLV.,39.940351,32.924744,Total
TotalEnergies POLATLI,39.583164,32.161386,Total
TotalEnergies KÖŞK,37.854875,28.025989,Total
TotalEnergies KEPEZBAŞI,36.952781,30.62391,Total
TotalEnergies PAZARKAPI,41.0088643674957,39.7188065847031,Total
TotalEnergies MOLOZ,41.0094,39.7189,Total
TotalEnergies GÖRELE,41.0350688716989,38.982567098136,Total
TotalEnergies MİMARSİNAN,41.01725,28.557398,Total
TotalEnergies AMASYA,40.690236,35.822057,Total
TotalEnergies YEŞİLTEPE,40.7359119738554,30.3871731117972,Total
TotalEnergies ZONGULDAK KİLİMLİ,41.491887,31.837531,Total
TotalEnergies BELEK,36.9008,31.0713,Total
TotalEnergies AKÇAKOCA,41.0762519112957,31.1798087797924,Total
TotalEnergies ŞEHİTKAMİL-2,37.102527,37.390902,Total
TotalEnergies KAHRAMANMARAŞ,37.5617,36.9238,Total
TotalEnergies KORUKÖY,37.2517210496241,27.7268676622112,Total
TotalEnergies ALAÇATI,38.2886,26.3811,Total
TotalEnergies ALARA,36.6727,31.6393,Total
TotalEnergies ELEŞKİRT,39.7957,42.6905,Total
TotalEnergies BATMAN YOLU,37.8897,41.2066,Total
TotalEnergies ARNAVUTKÖY MERKEZ,41.1813922531949,28.7447282690545,Total
TotalEnergies KELEBEKLER VADİSİ,37.932709,32.471325,Total
TotalEnergies GAP HAVALİMANI,37.370277,38.838055,Total
TotalEnergies ŞAFAK,37.886201,41.137401,Total
TotalEnergies MENEMEN MERKEZ,38.613995,27.072043999999998,Total
TotalEnergies CANİK,41.276124,36.356102,Total
TotalEnergies SÖKE,37.6343,27.3706,Total
TotalEnergies SARAY-2,41.3936,27.9256,Total
TotalEnergies BURHANİYE,39.5135,26.977899999999998,Total
TotalEnergies MERMERLİ  MAH.,38.6173,27.0634,Total
TotalEnergies ÇİVRİL,38.2857,29.7291,Total
TotalEnergies HADIMKÖY,41.155892,28.635509,Total
TotalEnergies BAYRAMPAŞA,41.061012,28.89224,Total
TotalEnergies TEKELİ,38.18627,27.19399,Total
TotalEnergies LAODIKEA,37.807001,29.108901,Total
TotalEnergies MERMER,38.1057,40.4444,Total
TotalEnergies FATİH BULVARI,40.969426,29.257157,Total
TotalEnergies ESKİŞEHİR YOLU,39.47991,30.03505,Total
TotalEnergies UZUNÇİFTLİK,40.75108,30.0421,Total
TotalEnergies ŞEKERPINAR,40.8712455,29.3823579,Total
TotalEnergies BALGAT,39.894612,32.816576,Total
TotalEnergies ANKARA YOLU,38.4555,33.9242,Total
TotalEnergies KÜTAHYA-2,39.379407,30.049083,Total
TotalEnergies ŞİRİNYALI,40.77927,29.666578,Total
TotalEnergies TEKKEKÖY,41.2246,36.4563,Total
TotalEnergies GİRESUN,40.909184,38.369124,Total
TotalEnergies MİMARSİNAN,40.807981,29.378145,Total
TotalEnergies FEVZİ ÇAKMAK,39.79040569,30.54129018,Total
TotalEnergies ERCİŞ,39.047958,43.347088,Total
TotalEnergies BOYALICA,40.484084,29.550417,Total
TotalEnergies BULDAN,38.0404,28.8679,Total
TotalEnergies ALTINORDU,40.97158,37.91534,Total
TotalEnergies ADLIYE,38.446279,27.173789,Total
TotalEnergies MANİSA DEMİRCİ,39.030343,28.642698,Total
TotalEnergies GÜZELLER,40.823587,29.4326,Total
TotalEnergies ÇANKIRI,40.5653,33.6126,Total
TotalEnergies AFYON DİNAR,38.067341,30.16873,Total
TotalEnergies BİNGÖL YOLU,38.076961,40.444861,Total
TotalEnergies KONYAALTI,36.882851,30.626259,Total
TotalEnergies ERDEK,40.398708,27.801566,Total
TotalEnergies YENİ SANAYİ,40.968,27.4878,Total
TotalEnergies FATSA,41.034303,37.495835,Total
TotalEnergies GÜRPINAR,40.995937,28.606213,Total
TotalEnergies SULUOVA,40.840015,35.639739,Total
TotalEnergies KULLAR,40.7282,29.976494,Total
TotalEnergies ALİKAHYA,40.775647,29.976337,Total
TotalEnergies ISPARTA MERKEZ,37.7768,30.5584,Total
TotalEnergies MADENLER,41.01366,29.1909,Total
TotalEnergies BARÇA,40.85841,38.44398,Total
TotalEnergies -,41.520698,36.084734,Total
TotalEnergies BELDİBİ,40.2173,28.566,Total
TotalEnergies GÜMÜŞLER,37.809082,29.069007,Total
TotalEnergies KUŞADASI,37.822312,27.264525,Total
TotalEnergies TURGUTLU,38.4966,27.6855,Total
TotalEnergies MİNİBÜS YOLU,40.9043,29.1636,Total
TotalEnergies GAZİEMİR,38.330716,27.135918,Total
TotalEnergies CAFERBEY,38.479444,28.07919,Total
TotalEnergies AYVACIK,39.61708,26.4081,Total
TotalEnergies KÖPRÜBAŞI,37.877504,28.327964,Total
TotalEnergies ULUCAK,38.463,27.3599,Total
TotalEnergies ALAADDİN BLV,37.876744,32.494015,Total
TotalEnergies FİNİKE,36.3282,30.16134,Total
TotalEnergies ÜÇYOL,40.771892,29.949647,Total
TotalEnergies VEZİRKÖPRÜ,41.133638,35.476166,Total
TotalEnergies DOSB,40.801495,29.526594,Total
TotalEnergies İSHAKLI,41.132702,29.28268,Total
TotalEnergies BOZARMUT,37.30164,28.176136,Total
TotalEnergies AKHİSAR,38.9134,27.8272,Total
TotalEnergies KEŞAN,40.8503,26.62205,Total
TotalEnergies MECİDİYE,40.643781,26.542271,Total
TotalEnergies ŞEHZADELER,38.623408,27.431476,Total
TotalEnergies ATA SANAYİ,37.973873,34.69693,Total
TotalEnergies TAŞKÖPRÜ,40.84887,31.09085,Total
TotalEnergies BAŞPINAR,37.1408,37.2989,Total
TotalEnergies YENİ İZMİR CAD.,39.6306,27.882,Total
TotalEnergies SANAYİ,39.763718,30.558649,Total
TotalEnergies OTOGAR,38.5951,34.6747,Total
TotalEnergies DİKİLİ,39.081431,26.897558,Total
TotalEnergies ANAMUR,36.052414,32.816778,Total
TotalEnergies KALE,37.457039,28.862514,Total
TotalEnergies SAFRANBOLU,41.23838,32.675196,Total
TotalEnergies KESTEL,40.208936,29.222658,Total
TotalEnergies SEYDİKEMER,36.639986,29.337692,Total
TotalEnergies SAPANCA,40.690695,30.221861,Total
TotalEnergies VAN,38.501563,43.373576,Total
TotalEnergies BAĞDAT CADDESİ,40.7674,29.9494,Total
TotalEnergies BOLU,40.7287,31.5511,Total
TotalEnergies SARAY,41.4371,27.9017,Total
TotalEnergies MANİSA KIRKAĞAÇ,39.1011,27.6917,Total
TotalEnergies İÇMELER,38.318285,26.710386,Total
TotalEnergies SORGUN-2,39.8126,35.1454,Total
TotalEnergies YEŞİLIRMAK,41.2027541902266,36.7295688454333,Total
TotalEnergies NİĞDE,37.991154,34.727646,Total
TotalEnergies KUTLU MH.,39.9169156459787,32.8998714566133,Total
TotalEnergies KOZAN MERKEZ,37.461706,35.824617,Total
TotalEnergies SARIMSAKLI,39.2638013866271,26.7081449070265,Total
TotalEnergies KOSAR,37.191165,40.563687,Total
TotalEnergies SERİK,36.917,31.0737,Total
TotalEnergies SİNCAN-1,39.98419,32.56322,Total
TotalEnergies BOYABAT,41.4446284920449,34.8090443513545,Total
TotalEnergies URFA YOLU,37.9133985824578,40.1049829327682,Total
TotalEnergies GÖLBAŞI,37.771921663,37.6112112,Total
TotalEnergies ŞEKER,38.7583,35.4094,Total
TotalEnergies YENİSAHRA,40.987597,29.087043,Total
TotalEnergies KIRÇİÇEĞİ,36.948549,30.73905,Total
TotalEnergies KAYNAŞLI,40.775915,31.306794,Total
TotalEnergies ÇANAKKALE,40.127316,26.410494,Total
TotalEnergies URLA,38.327626,26.748198,Total
TotalEnergies NUSAYBİN,37.0912,41.2037,Total
TotalEnergies YENİŞEHİR,40.934785,29.329015,Total
TotalEnergies KEŞAN-2,40.874277,26.689083,Total
TotalEnergies KARAMAN ERMENEK,36.6227,32.9187,Total
TotalEnergies SİVAS CADDESİ,38.762344,35.564304,Total
TotalEnergies BOĞAZKÖY,41.1528,28.7875,Total
TotalEnergies DEVREK-2,41.2196,31.9527,Total
TotalEnergies HAVALİMANI,36.349232,36.211578,Total
TotalEnergies MERİNOS,40.199081,29.046583,Total
TotalEnergies ALİBEYKÖY,41.069318,28.933134,Total
TotalEnergies ATAKENT,41.061312,28.776703,Total
TotalEnergies BOSTANCI,40.96614,29.104878,Total
TotalEnergies NİLÜFER,40.211822,28.993848,Total
TotalEnergies KOCASİNAN,38.777659,35.575113,Total
TotalEnergies AKŞEHİR,38.338703,31.525121,Total
TotalEnergies MERZİFON,40.8576,35.4582,Total
TotalEnergies FSM BULVARI-2,39.983005,32.658205,Total
TotalEnergies ETİMESGUT,39.900295,32.686955,Total
TotalEnergies VİRANŞEHİR,37.225946380719,39.7358991015307,Total
TotalEnergies KARAMAN MERKEZ,37.18203,33.23444,Total
TotalEnergies GELİNDAĞI,41.518132,33.762725,Total
TotalEnergies YUSUFELİ,40.8108718162546,41.5247246922851,Total
TotalEnergies KÖPRÜBAŞI ,41.565838,35.884892,Total
TotalEnergies ALEMDAĞ,41.0521,29.2397,Total
TotalEnergies AKOLUK,40.9216,39.72484,Total
TotalEnergies ESKİKALE ,39.748412,37.018725,Total
TotalEnergies SALİHLİ,38.4818,28.0681,Total
TotalEnergies KAPAKLI,38.962091,27.822421,Total
TotalEnergies TARSUS,36.91792,34.91114,Total
TotalEnergies ÇENGELKÖY,41.0513,29.0644,Total
TotalEnergies GÜLÜMBE,40.198064,29.974745,Total
TotalEnergies ALKENT,41.07922,28.62486,Total
TotalEnergies ÇEVREYOLU,38.355222,38.327941,Total
TotalEnergies ÖMERLİ,41.087222,29.347777,Total
TotalEnergies TEKİRDAĞ ÇEVREYOLU,40.9992,27.5155,Total
TotalEnergies BOZKIR-1,38.7951,34.0928,Total
TotalEnergies BAĞLICA,39.897489,32.648514,Total
TotalEnergies YÖRSAN,39.906333,28.166167,Total
TotalEnergies SİVAS,39.727301,37.014061,Total
TotalEnergies YÜREĞİR,36.9849,35.3652,Total
TotalEnergies SELİMİYE,37.3887,27.6622,Total
TotalEnergies AHMETÇE,39.583315,26.497515,Total
TotalEnergies HAMZABEYLİ,41.826357514476896,26.7178623829253,Total
TotalEnergies KALICI KONUTLAR,40.8602,31.2107,Total
TotalEnergies TEM BULVARI,41.2815,27.9966,Total
TotalEnergies MERKEZ,37.5143,34.0455,Total
TotalEnergies GÜLTEPE,41.07505,28.99986,Total
TotalEnergies ÜMRANİYE-2,41.0222057333069,29.112802353224,Total
TotalEnergies ÇINARCIK,40.652383,29.176383,Total
TotalEnergies HENDEK YANI,41.6328799633043,32.3414639979915,Total
TotalEnergies DAVULTEPE,36.716282,34.480448,Total
TotalEnergies ÇAMLICA,41.46371,34.79133,Total
TotalEnergies ANKARA CD,40.781394,30.409532,Total
TotalEnergies GAZİEMİR-2,38.3605,27.1366,Total
TotalEnergies TUNALI,39.788658,30.518392,Total
TotalEnergies BAŞMAKÇI-2,37.6542,34.6998,Total
TotalEnergies ÇEVREYOLU,37.5273,34.0602,Total
TotalEnergies SAMSUN,41.31138,36.30001,Total
TotalEnergies BOR YOLU,37.940261,34.614161,Total
TotalEnergies BOZKIR-2,38.7976,34.0931,Total
TotalEnergies ÜNYE,41.1453,37.2555,Total
TotalEnergies MAMAK,39.894921,32.926435,Total
TotalEnergies MALAZGİRT,39.147821,42.537614,Total
TotalEnergies ÇİNE,37.599503,28.05994,Total
TotalEnergies AKSU MERKEZ,36.946932,30.853778,Total
TotalEnergies ÇAYCUMA - 1,41.409908,32.090109,Total
TotalEnergies EYYÜBİYE,37.0991111858554,38.7965284588531,Total
TotalEnergies KEMALPAŞA,38.461916,27.378396,Total
TotalEnergies İSKİTLER,39.9568,32.8455,Total
TotalEnergies ÇEVREYOLU,37.4439240578649,35.7966820725253,Total
TotalEnergies AMASYA MERKEZ,40.5998,35.8075,Total
TotalEnergies YENİŞEHİR,40.255811,29.647111,Total
TotalEnergies ELBİSTAN,38.206734,37.204371,Total
TotalEnergies BAĞCILAR,41.046863,28.834681,Total
TotalEnergies MERSİN,36.7968426142737,34.6003764535555,Total
TotalEnergies ALTINEKİN,38.309424,32.857304,Total
TotalEnergies HAMİTBEY,40.2172,28.7552,Total
TotalEnergies ÇATALCA,41.132799,28.470239,Total
TotalEnergies KAVLAK,39.5212159973379,36.8724207874939,Total
TotalEnergies MAHABAT,37.9234219874861,40.1493722190877,Total
TotalEnergies HASBAHÇE,36.553873,32.007908,Total
TotalEnergies GÜNEYSU,40.992271,40.604174,Total
TotalEnergies GÖKSUN,38.0259,36.4983,Total
TotalEnergies KABASAKAL,37.0573,35.2269,Total
TotalEnergies ÖZALP,38.66061,43.99627,Total
TotalEnergies AHLAT,38.757927,42.522264,Total
TotalEnergies ÇAYIROVA,40.841735,29.405268,Total
TotalEnergies BAŞİSKELE,40.706119,29.875038,Total
TotalEnergies KARATAY,37.887267,32.524812,Total
TotalEnergies KURTKÖY,40.907918,29.293301,Total
TotalEnergies LÜLEBURGAZ,41.401427,27.37092,Total
TotalEnergies ÇORLU ÇIKIŞI,41.222009,27.861345,Total
TotalEnergies SİNANPAŞA,38.7973,30.0513,Total
TotalEnergies KOCAALİ,41.07178,30.85858,Total
TotalEnergies ÇİĞLİ,38.484881,27.072978,Total
TotalEnergies GEYVE,40.5853646418593,30.3277461531194,Total
TotalEnergies ARDAHAN,41.11176,42.6998,Total
TotalEnergies MENTEŞE,37.1523744340747,28.4994991392115,Total
TotalEnergies ANTALYA OSB,37.0875,30.620556,Total
TotalEnergies SARNIÇ,37.1799,28.3719,Total
TotalEnergies ÜNİVERSİTE YOLU ,37.951586,40.31884,Total
TotalEnergies AKÇAKİRAZ,38.6228266718609,39.2563807582987,Total
TotalEnergies GÜNEY ÇEVREYOLU,38.6365,39.1346,Total
TotalEnergies ERZİN,37.0003,36.1362,Total
TotalEnergies KAĞITHANE,41.0945,28.99309,Total
TotalEnergies KÜTAHYA GİRİŞİ,39.5446,30.0561,Total
TotalEnergies DEĞİRMEN,39.5621,29.4613,Total
TotalEnergies ATATÜRK BULVARI,37.763764,38.301619,Total
TotalEnergies AKBELEN,36.8308,34.5913,Total
TotalEnergies TEŞVİKİYE,40.5139879478757,30.2444157550927,Total
TotalEnergies YILDIZTEPE,39.757672,30.514599,Total
TotalEnergies ORHANGAZİ-1,40.5051280245899,29.3162541454508,Total
TotalEnergies MENDERES CD,39.426173,29.971543,Total
TotalEnergies LİKYA YOLU,36.57215,29.345298,Total
TotalEnergies ANTALYA YOLU,37.385071,29.417133,Total
TotalEnergies GÜLLÜK,37.2404,27.6357,Total
TotalEnergies LAPSEKİ,40.338894,26.693661,Total
TotalEnergies KUMCULAR,40.981826,28.682616,Total
TotalEnergies ÇAYÜSTÜ,39.3778,27.9564,Total
TotalEnergies MAŞUKİYE,40.716614,30.120607,Total
TotalEnergies GELENBE,39.1909,27.8536,Total
TotalEnergies MAZIDAĞI,37.543355,40.549199,Total
TotalEnergies MEZİTLİ,36.755077,34.539555,Total
TotalEnergies BURDUR YEŞİLOVA,37.5238,29.8992,Total
TotalEnergies ŞARKÖY,40.6158,27.1196,Total
TotalEnergies ŞAKİRPAŞA,36.9937,35.3032,Total
TotalEnergies DEVREK,41.198,31.945,Total
TotalEnergies KOZAN,37.46,35.810347,Total
TotalEnergies OSTİM,39.97476,32.75859,Total
TotalEnergies MARMARİS,36.858836,28.264791,Total
TotalEnergies GÖNEN,40.142448,27.677565,Total
TotalEnergies GÜRÜN,38.7557,37.0448,Total
TotalEnergies MANYAS,40.058036,27.968956,Total
TotalEnergies MANYAS -2,40.058036,27.968956,Total
TotalEnergies İPEKYOLU,38.4924,43.3701,Total
TotalEnergies TATVAN,38.4844,42.2997,Total
TotalEnergies UZUNKÖPRÜ,41.170828,26.863353,Total
TotalEnergies DİKİLİ BAHÇELİ,39.191165,26.812696,Total
TotalEnergies YALOVA,40.659468,29.300288,Total
TotalEnergies GÜNEYKENT,37.898065,30.37644,Total
TotalEnergies İNÖNÜ MH,41.4209087778783,33.8021835279134,Total
TotalEnergies SİDE,36.788845,31.41313,Total
TotalEnergies GÖLTÜRKBÜKÜ,37.101654,27.397509,Total
TotalEnergies GÜLVEREN,39.942934,32.888601,Total
TotalEnergies KÖŞKKÖY,37.3566,27.6952,Total
TotalEnergies KEMİKLER,37.2038,27.6421,Total
TotalEnergies İVRİNDİ,39.600598,27.488486,Total
TotalEnergies ANTALYA HAL KAVŞAĞI,36.909668738978,30.7409090301602,Total
TotalEnergies SİVEREK,37.7127021,39.280608,Total
TotalEnergies ANTALYA ÇEVREYOLU,36.9048,30.7542,Total
TotalEnergies HAVAALANI YOLU,36.9926510891293,37.4479692679715,Total
TotalEnergies SAMANDIRA,40.9498928,29.2156402,Total
TotalEnergies AKDENİZ SANAYİ,36.9175,30.639722,Total
TotalEnergies TOSYA,40.965835,33.976663,Total
TotalEnergies KARAMAN,37.1923,33.2104,Total
TotalEnergies SELÇUKLU,37.910238,32.499855,Total
TotalEnergies YEŞİLTEPE,38.36297,38.283374,Total
TotalEnergies KULU,39.1097,33.0859,Total
TotalEnergies ODUNPAZARI,39.763852,30.566611,Total
TotalEnergies GÖCEK,36.7602,28.8815,Total
TotalEnergies HARAMİDERE,41.004263,28.684168,Total
TotalEnergies ISPARTAKULE 2,41.057866,28.713153,Total
TotalEnergies MUCUR 1,39.06422,34.39151,Total
TotalEnergies MALTEPE,40.939753,29.133361999999998,Total
TotalEnergies ORHANGAZİ-BATI,40.5276,29.3418,Total
TotalEnergies KISIKLI,41.023902,29.081563,Total
TotalEnergies HAVALİMANI KAVŞAĞI-1,41.24525,28.701698,Total
TotalEnergies OSMANİYE,37.062739,36.223339,Total
TotalEnergies TERMİNAL,40.273585,29.054601,Total
TotalEnergies GAZİPAŞA,36.251438,32.338023,Total
TotalEnergies OĞUZELİ,36.976417,37.494404,Total
TotalEnergies KIZILTEPE,37.206443,40.608589,Total
TotalEnergies GÖLMARMARA,38.678233,27.946157499999998,Total
TotalEnergies DİYADİN,39.5506,43.6642,Total
TotalEnergies KARŞIYAKA,40.0023,32.7793,Total
TotalEnergies ISPARTA HAVALİMANI,37.8976450862754,30.3784323056462,Total
TotalEnergies CEYLANPINAR,36.87213,40.041321,Total
TotalEnergies HACIBEKTAŞ,38.98881,34.52011,Total
TotalEnergies TEKİRDAĞ KUMBAĞ,40.89503,27.4561,Total
TotalEnergies YAZ YURDU,36.2306,32.3762,Total
TotalEnergies DİGOR YOLU,40.586639,43.129357,Total
TotalEnergies YAVUZ SELİM MH,41.033376,28.85137,Total
TotalEnergies TERCAN,39.741121,40.268914,Total
TotalEnergies MİDYAT,37.3954208322091,41.3958627430166,Total
TotalEnergies BURUK TOKİ,37.0578050848666,35.4847503724459,Total
TotalEnergies YENİŞEHİR,36.7903,34.5642,Total
TotalEnergies NAZİLLİ,37.908783,28.315602,Total
TotalEnergies KINIKLI,37.7458,29.1082,Total
TotalEnergies SULTANBEYLİ,40.969778,29.266099,Total
TotalEnergies KARAMAN ÇAKIRBAĞ,37.19351,33.1507,Total
TotalEnergies GÖKÇEBEY,41.353336,32.089752,Total
TotalEnergies YERKÖY,39.66397,34.49995,Total
TotalEnergies KARAEVLİ,41.0019,27.6643,Total
TotalEnergies BOĞAZKÖPRÜ-1,38.7662,35.2952,Total
TotalEnergies HİMMETDEDE,38.9076,35.0952,Total
TotalEnergies ÖRENŞEHİR,38.7005,35.2516,Total
TotalEnergies ANBAR,38.7571,35.3787,Total
TotalEnergies BAŞAKŞEHİR,41.098418,28.791051,Total
TotalEnergies TUGAY,37.0936,37.3426,Total
TotalEnergies SARIAĞAÇ,36.2756,32.3081,Total
TotalEnergies SARUHANLI,38.737835,27.595318,Total
TotalEnergies SİVAS OTOGAR,39.733329031889,37.0202955027799,Total
TotalEnergies GÖKÇEYAZI,39.63756,27.67374,Total
ABDULKADİR EROĞLU PETROL,37.7341,38.2354,Turkiye Petrolleri
ADA ARİF PETROL,40.7409,30.4277,Turkiye Petrolleri
ADEM ÖZDEMİR PETROL,38.33327,28.56159,Turkiye Petrolleri
Adnan Erdoğmuş,39.5040131,34.75717,Turkiye Petrolleri
ALPTAN PETROL,38.7779,30.4983,Turkiye Petrolleri
ALTERNATİF PETROL,40.3369,34.4198,Turkiye Petrolleri
ARSLAN PETROL,36.2587,36.5896,Turkiye Petrolleri
ARZUM PETROL,39.5757,31.9515,Turkiye Petrolleri
ASERSAN PETROL İZMİR,38.45873,27.2479153,Turkiye Petrolleri
ATARLAR PETROL KONYA,37.98308,32.7228546,Turkiye Petrolleri
AYIŞIĞI PETROL,36.62969,36.1986771,Turkiye Petrolleri
AZR POWER ENERJİ VE TİCARET LİMİTED ŞİRKETİ,40.3084,35.9014,Turkiye Petrolleri
Basil Petrol Ürünleri Nakliye Otobüs İşletmesi İnşaat Malz,40.77587,29.7208672,Turkiye Petrolleri
BG PETROL,39.7535,37.0559,Turkiye Petrolleri
BİR YAKIT PETROL,39.9587,32.688,Turkiye Petrolleri
BOĞAZ PETROL,41.17146,27.80061,Turkiye Petrolleri
CCK PETROL,37.1806374,36.7499123,Turkiye Petrolleri
CEMİL İNCİ PETROL,37.4238739,37.6480179,Turkiye Petrolleri
CENNET PETROL,36.9473839,37.515873,Turkiye Petrolleri
CEVAHİR ENERJİ AKARYAKIT,40.76746,29.95932,Turkiye Petrolleri
CİHAT PETROL,39.533,29.4748173,Turkiye Petrolleri
ÇINAR AKARYAKIT OTOMOTİV,40.8861122,29.23611,Turkiye Petrolleri
EGESU PETROL,40.68081,36.5716,Turkiye Petrolleri
EMAK PETROL,38.2694,29.3509,Turkiye Petrolleri
EMİN PETROL ÇORUM,40.6134,35.1269,Turkiye Petrolleri
ENVOY PETROL KIRIKKALE,39.7005,33.5878,Turkiye Petrolleri
EOS Petrol Ür. Nak. Gıda Soğuk Hava Deposu Turizm San. ve,37.8879433,30.72069,Turkiye Petrolleri
ER OTOMOTİV PETROL,39.7281532,37.01441,Turkiye Petrolleri
ER TAŞ PETROL,39.0044,43.3132,Turkiye Petrolleri
EREĞLİ EROĞLU PETROL,41.1757,31.5083,Turkiye Petrolleri
ETRA PETROL,36.9098,34.3827,Turkiye Petrolleri
FEYSA ULUSLARARASI NAKLİYAT,37.18518,40.598175,Turkiye Petrolleri
GARANTİ PETROL,40.8742447,26.6389027,Turkiye Petrolleri
GESAN PETROL ANTALYA,36.9171143,31.06643,Turkiye Petrolleri
Gökçeler Akaryakıt Turizm İnş. Tavukçuluk Day. Tük. Mal. S,40.9260826,32.1808357,Turkiye Petrolleri
GÜLERCAM PETROL,41.36863,27.4102917,Turkiye Petrolleri
GÜLYAZI PETROL,37.3773,42.9823875,Turkiye Petrolleri
H.S.K PETROL,36.9861259,37.4595833,Turkiye Petrolleri
İÇEL PETROL,36.8169975,34.8108826,Turkiye Petrolleri
İKRAM PETROL,40.52988,34.92188,Turkiye Petrolleri
İNAL PETROL,40.57093,34.9630432,Turkiye Petrolleri
İSTANBUL ENERJİ,41.1131859,29.0555611,Turkiye Petrolleri
Kökten Petrol Ürünleri Nakliye Zirai Ticaret Limited Şirke,39.0225754,31.7819347,Turkiye Petrolleri
KURSAN PETROL,39.59889,27.0,Turkiye Petrolleri
MAYDALAR PETROL,38.36173,33.9917679,Turkiye Petrolleri
Mehmet DEMİR,37.16341,36.83544,Turkiye Petrolleri
Mehmet Yatır,39.4769363,30.9899368,Turkiye Petrolleri
MELİSA PETROL,37.87038,27.2746849,Turkiye Petrolleri
MEVLANA PETROL,37.7493,30.4592,Turkiye Petrolleri
MİM PETROL BURDUR,37.4294243,30.46544,Turkiye Petrolleri
MRL PETROL MERSİN,36.8219452,34.61222,Turkiye Petrolleri
MUZAFFER AVCI PETROL,38.0026245,32.78462,Turkiye Petrolleri
NEMTRANS LOJİSTİK HİZMETLERİ VE PETROL ÜRÜNLERİ,40.4094429,29.1275,Turkiye Petrolleri
NİDA PETROL,39.9730072,43.92893,Turkiye Petrolleri
NOUN PETROL,40.12063,32.9983,Turkiye Petrolleri
Nurettin GÜNAYDIN,38.8674431,34.4597244,Turkiye Petrolleri
ÖZ ULAŞLI PETROL,37.124,36.2039,Turkiye Petrolleri
ÖZGÜR NAKLİYAT PETROL,37.5527,34.1031075,Turkiye Petrolleri
Özlem Akaryakıt Ürünleri Tarım Nakliye Hayvancılık İnşaat,39.53553,35.3266335,Turkiye Petrolleri
ÖZSA PETROL,41.1304,35.4796,Turkiye Petrolleri
ÖZTÜRK PETROL HONAZ,37.7609177,29.2752876,Turkiye Petrolleri
RAMANLILAR PETROL,37.8849449,41.13981,Turkiye Petrolleri
SAF PETROLCÜLÜK,38.7639,30.2988,Turkiye Petrolleri
SAMSUN 55 PETROL TOKAT,40.2812,36.2871,Turkiye Petrolleri
SBÇ PETROL,37.025,37.9273,Turkiye Petrolleri
SEÇ PETROL OSMANİYE,37.12164,36.3275871,Turkiye Petrolleri
Sorgun Köyü Tarımsal Kalkınma Kooperatifi,39.882,29.3202419,Turkiye Petrolleri
STAR  PETROL,36.63149,29.1498165,Turkiye Petrolleri
ŞAPÇI PETROL,40.9061737,26.3752632,Turkiye Petrolleri
Tabakoğulları Evreşe Petrol Ür. Tic. Ltd. Şti.,40.662693,26.8790836,Turkiye Petrolleri
TERMESSOS PETROL,37.035202,30.4493752,Turkiye Petrolleri
TK DEMİR PETROL,40.5298,36.9032,Turkiye Petrolleri
TOPÇAM PETROL KAVAK,41.0761,36.069,Turkiye Petrolleri
TP ADANA DOCO,37.00683,35.36094,Turkiye Petrolleri
TP ARNAVUTKÖY DOCO,41.1892853,28.7428513,Turkiye Petrolleri
TP ATAKUM DOCO,41.3108025,36.27577,Turkiye Petrolleri
TP ATAŞEHİR DOCO,40.9791527,29.1047764,Turkiye Petrolleri
TP BODRUM DOCO,37.0509,27.4476,Turkiye Petrolleri
TP ÇANKAYA DOCO,39.8979,32.8431,Turkiye Petrolleri
TP ÇAYYOLU DOCO,39.8926659,32.6743736,Turkiye Petrolleri
TP DİKMEN DOCO,39.8837,32.8394,Turkiye Petrolleri
TP DOCO MAMAK,39.9356651,32.8946571,Turkiye Petrolleri
TP DOLAPDERE DOCO,41.0385,28.973300000000002,Turkiye Petrolleri
TP ETİMESGUT 2 DOCO,39.9532,32.6367,Turkiye Petrolleri
TP FATSA DOCO,41.0616,37.4735,Turkiye Petrolleri
TP KAYSERİ DOCO 1,38.757782,35.5587959,Turkiye Petrolleri
TP KAYSERİ DOCO 2,38.7137,35.5618,Turkiye Petrolleri
TP KAYSERİ DOCO 3,38.70769,35.57308,Turkiye Petrolleri
TP MİLAS DOCO,37.1679,27.5942,Turkiye Petrolleri
TP MURATPAŞA DOCO,36.8599,30.7924,Turkiye Petrolleri
TP OSMANGAZİ DOCO,40.2344,29.0624,Turkiye Petrolleri
TP OSTİM DOCO,39.9775276,32.76393,Turkiye Petrolleri
TP SİLİVRİ  DOCO,41.07181,28.27659,Turkiye Petrolleri
TP SİNCAN DOCO,39.9492,32.602,Turkiye Petrolleri
TP ŞAHİNBEY DOCO,37.02659,37.32269,Turkiye Petrolleri
TUĞBA ALTUN PETROL,39.8058548,36.15054,Turkiye Petrolleri
TUĞRA PETROL AMASYA,40.87684,35.58972,Turkiye Petrolleri
UĞUR BAYRAM PETROL,37.2322121,39.79249,Turkiye Petrolleri
ULUKAN PETROL,40.9046,40.10758,Turkiye Petrolleri
Umurbey Belediyesi Bahriye Hayvancılık Gıda Tar. Taş. Pet.,40.23735,26.6028328,Turkiye Petrolleri
UMUT PETROL,41.2008,36.9708,Turkiye Petrolleri
ÜLKÜ PETROL,40.0187263,32.3288269,Turkiye Petrolleri
YASEMİN AYAZ PETROL,36.9137268,30.7163963,Turkiye Petrolleri
YEŞİLKAYA PETROL,38.5528,39.2507,Turkiye Petrolleri
Yeşiltepe Petrol,39.80472,30.4875,Turkiye Petrolleri
Yılmaz MERDAN,39.61672,34.0963974,Turkiye Petrolleri
