istasyon_adi,lat,lon,brand,has_lpg,has_charge
ESKİŞEHİR MERKEZ PETROL VE TİCARET ANONİM ŞİRKETİ,39.797451,30.521778,Alpet,True,False
BEYDAĞI PETROL MADENCİLİK TARIM ÜRÜNLERİ SANAYİ VE TİCARET LİMİTED ŞİRKETİ,37.702188,32.57163,Alpet,True,False
SAK KAYA PETROL GIDA İNŞAAT SANAYİ TİCARET LİMİTED ŞİRKETİ,37.1531,33.2184,Alpet,True,False
ALPET İSTASYON İŞLETMELERİ ANONİM ŞİRKETİ,40.8603,29.3864,Alpet,True,False
KONYA TURİZM OTO NAKLİYAT VE PETROL ÜRÜNLERİ SANAYİ TİCARET LİMİTED ŞİRKETİ,37.8686,32.5365,Alpet,True,False
AHMET YILMAZ YILDIRIM,38.2877121,31.931993,Alpet,True,False
ÇUMRA BELEDİYESİ ALİBEYHÜYÜĞÜ UN VE YEM FABRİKASI PETROL İŞLETMESİ,37.533071,32.666368,Alpet,True,False
HEDEFBİR PETROL ÜRÜNLERİ TİCARET LİMİTED ŞİRKETİ,39.02318,31.174444,Alpet,True,False
ESPO OSMANLI DİNLENME TESİSLERİ ANONİM ŞİRKETİ,39.6271,30.8216,Alpet,True,False
ESPO PETROL - Tanker 06BY1323,39.6271,30.8216,Alpet,False,False
HAKAN PETROL TESİSLERİ SANAYİ VE TİCARET LİMİTED ŞİRKETİ,40.778889,29.685278,Alpet,False,False
İSTANBUL ENERJİ SANAYİ VE TİCARET ANONİM ŞİRKETİ,41.1132,29.0556,Alpet,False,False
MEHMET NURİ VURAL,37.7339,32.7512,Alpet,False,False
ALPET İSTASYON İŞLETMELERİ ANONİM ŞİRKETİ,40.7877,29.3657,Alpet,True,False
ERGÜNLER LOJİSTİK SANAYİ TİCARET LİMİTED ŞİRKETİ,40.7573,29.8023,Alpet,True,False
ALPET İSTASYON İŞLETMELERİ ANONİM ŞİRKETİ,40.9389,29.1362,Alpet,True,False
ÖZPET PETROL DENİZCİLİK NAKLİYAT İNŞAAT GIDA TURİZM SANAYİ VE TİCARET LİMİTED ŞİRKETİ,36.4623,34.1394,Alpet,True,False
POÇAN PETROL TİCARET LİMİTED ŞİRKETİ,38.2034,32.4033,Alpet,True,False
TUNASAN GIDA SANAYİ VE TİCARET LİMİTED ŞİRKETİ,36.655109,33.364113,Alpet,False,False
HAYDAR ÜNAL NAKLİYAT SANAYİ VE TİCARET LİMİTED ŞİRKETİ,37.83882,32.78264,Alpet,True,False
ZENGEN PARK PETROL SANAYİ VE TİCARET LİMİTED ŞİRKETİ,40.4998,30.1305,Alpet,False,False
MOĞULTAY AKARYAKIT İNŞAAT TAAHHÜT TURİZM SANAYİ VE TİCARET LİMİTED ŞİRKETİ,40.71257,29.91818,Alpet,True,False
GÜNEYSINIR BELEDİYESİ UN FABRİKASI PETROL VE OTOBÜS İŞLETMECİLİĞİ,37.2723,32.7226,Alpet,True,False
BAYRAM AYAZ-AYAZ PETROL,38.949257,31.827452,Alpet,True,False
ALTAŞ İNŞAAT HARFİYAT NAKLİYAT TURİZM SANAYİ VE TİCARET LİMİTED ŞİRKETİ,40.751305,30.030569,Alpet,True,False
RAFİ TAZE,41.87707,27.980532,Alpet,False,False
KNTVİZYON YAPI SANAYİ VE TİCARET LİMİTED ŞİRKETİ,40.731044,30.135829,Alpet,False,False
KNTVİZYON YAPI SANAYİ VE TİCARET LİMİTED ŞİRKETİ KARTEPE ŞUBESİ,40.7289,30.1439,Alpet,True,False
ŞAHİNOĞLU ZİRAİ PETROL ÜRÜNLERİ NAKLİYAT VE İNŞAAT MALZEMELERİ SANAYİ TİCARET LİMİTED ŞİRKETİ,38.893992,31.992728,Alpet,True,False
AVCILAR PETROL VE TİCARET ANONİM ŞİRKETİ,40.993816,28.709549,Alpet,True,False
ALKENTLİLER PETROL VE TİCARET ANONİM ŞİRKETİ,41.108421,28.592682,Alpet,False,False
ESENPET ENERJİ VE TİCARET ANONİM ŞİRKETİ,41.012043,28.681671,Alpet,True,False
DOKUZYOL PETROL NAKLİYAT TARIM HAYVANCILIK TİCARETİ VE TURİZM SANAYİ ANONİM ŞİRKETİ,38.2112,32.7489,Alpet,True,False
MEVLÜT BOZKURT PETROL ÜRÜNLERİ SANAYİ VE TİCARET LİMİTED ŞİRKETİ,38.590975,31.068649,Alpet,True,False
GÜRPINAR PETROL VE TİCARET ANONİM ŞİRKETİ,40.996113,28.625212,Alpet,True,False
DURUSU GRUP ENERJİ SANAYİ ANONİM ŞİRKETİ,41.158,28.455191,Alpet,True,False
SOLMAZLAR TURİZM SANAYİ VE TİCARET LİMİTED ŞİRKETİ,40.98953,28.61883,Alpet,True,False
POÇAN PETROL TİCARET LİMİTED ŞİRKETİ,38.3401,32.7801,Alpet,True,False
EZELBEY İNŞAAT MERMER TAŞIMACILIK GIDA PETROL TEMİZLİK REKLAM TEKSTİL SANAYİ VE TİCARET LİMİTED ŞİRKETİ,36.1533,33.3647,Alpet,True,False
ATAER PETROL NAKLİYE İNŞAAT MADENCİLİK MÜTEAHHİTLİK SANAYİ VE TİCARET LİMİTED ŞİRKETİ,36.6995,34.4508,Alpet,True,False
ALİZE PETROL VE KUYUMCULUK GIDA SANAYİ TİCARET LİMİTED ŞİRKETİ,38.08543,31.3916,Alpet,True,False
AKT PETROL AKARYAKIT SANAYİ VE TİCARET LİMİTED ŞİRKETİ,41.094093,28.376468,Alpet,True,False
HASCERAN LOJİSTİK PETROL ÜRÜNLERİ TARIM HAYVANCILIK SANAYİ VE TİCARET LİMİTED ŞİRKETİ,38.3095,32.8621,Alpet,False,False
HALİL TECİM / KIRELİ PETROL OFİSİ,37.921745,31.5371,Alpet,True,False
SİMPET AKARYAKIT VE SERVİS HİZMETLERİ TURİZM TAŞIMACILIK TİCARET VE SANAYİ ANONİM ŞİRKETİ,40.2533,29.1587,Alpet,False,False
BEYAZLAR ZAHİRE TARIM ORMAN ÜRÜNLERİ BAKKALİYE İNŞAAT MALZEMELERİ PETROL ÜRÜNLERİ TURİZM SANAYİ VE TİCARET LİMİTED ŞİRKETİ,40.661552,30.596737,Alpet,True,False
AKARDERE PETROL NAKLİYAT TARIM ÜRÜNLERİ LİMİTED ŞİRKETİ,38.403484,32.882271,Alpet,False,False
ENGİN TOY,40.704967,30.587435,Alpet,True,False
ABDULLAH KUZU,41.039708,30.2933,Alpet,True,False
ALİ AYAN PETROL ÜRÜNLERİ OTOMOTİV GIDA TARIM HAYVANCILIK SANAYİ VE TİCARET ANONİM ŞİRKETİ,38.248234,33.093994,Alpet,True,False
ACIGÖL ARI PETROL TESİSLERİ CANLI HAYVAN VE GIDA MADDELERİ TİCARET VE SANAYİ LİMİTED ŞİRKETİ,37.70575,33.66175,Alpet,True,False
MÜZEHER ŞEN,40.920358,30.479658,Alpet,True,False
RAN PET PETROL GIDA TAŞIMACILIK MADENCİLİK İNŞAAT SANAYİ VE TİCARET ANONİM ŞİRKETİ,36.825775,34.615158,Alpet,False,False
BULDUKOĞULLARI PETROL ULAŞTIRMA OTOMOTİV TİCARET VE SANAYİ LİMİTED ŞİRKETİ,38.729427,32.712498,Alpet,True,False
RAN PET PETROL GIDA TAŞIMACILIK MADENCİLİK İNŞAAT SANAYİ VE TİCARET ANONİM ŞİRKETİ,36.811771,34.642994,Alpet,False,False
ÖMER ÖZBAY,39.064,30.1046,Alpet,True,False
VASFİ AKKIR,41.6240877,27.5378054,Alpet,False,False
ALTINPINAR PETROL NAKLİYAT TİCARET LİMİTED ŞİRKETİ,38.4387,33.0632,Alpet,True,False
GAMSIZ PETROL SANAYİ VE TİCARET LİMİTED ŞİRKETİ,41.244167,27.884722,Alpet,False,False
RENÇBER PETROL ÜRÜNLERİ BASIN YAYIN VE TURİZM HİZMETLERİ TİCARET LİMİTED ŞİRKETİ,41.729509,27.39111,Alpet,True,False
TOLU AKARYAKIT YAPI İNŞAAT NAKLİYAT PETROL ÜRÜNLERİ SANAYİ VE TİCARET LİMİTED ŞİRKETİ,38.793743,30.318563,Alpet,False,False
SAÇAKLILAR PETROL ÜRÜNLERİ VE LPG GIDA OTOMOTİV NAKLİYE İNŞAAT TURİZM HAYVANCILIK SANAYİ VE TİCARE LİMİTED ŞİRKETİ,38.545238,30.558865,Alpet,True,False
RAN PET PETROL GIDA TAŞIMACILIK MADENCİLİK İNŞAAT SANAYİ VE TİCARET ANONİM ŞİRKETİ,36.843487,34.716343,Alpet,False,False
POPULAR PETROL İNŞAAT OTOMOTİV VE GIDA TİCARET LİMİTED ŞİRKETİ,39.611016,29.463613,Alpet,True,False
OĞUZLAR AKARYAKIT TAŞIMACILIK TİCARET VE SANAYİ LİMİTED ŞİRKETİ,38.331882,33.234161,Alpet,False,False
ÇORLUPET - KÖY POMPASI,41.161333,27.878679,Alpet,False,False
MC AKARYAKIT ÜRÜNLERİ VE ENDÜSTRİYEL YAĞLAR SANAYİ TİCARET ANONİM ŞİRKETİ,41.441738,27.583335,Alpet,True,False
GÜVENAL NAKLİYAT PETROL ÜRÜNLERİ TÜP İMALATI SANAYİ VE TİCARET ANONİM ŞİRKETİ,39.524506,29.461478,Alpet,True,False
ALİ ERMİŞ PETROL TARIM HAYVANCILIK SANAYİ VE TİCARET LİMİTED ŞİRKETİ,38.394163,33.32473,Alpet,False,False
ERENPET PETROL ÜRÜNLERİ PAZARLAMA VE DAĞITIM TİCARET LİMİTED ŞİRKETİ,37.1465,34.5802,Alpet,True,False
ÇORLUPET GIDA AKARYAKIT ÜRÜNLERİ İNŞAAT NAKLİYE SANAYİ VE TİCARET LİMİTED ŞİRKETİ,41.093296,27.81867,Alpet,False,False
ORHAN KALKAN TARIM VE PETROL ÜRÜNLERİ TİCARET SANAYİ LİMİTED ŞİRKETİ,37.893329,33.837856,Alpet,True,False
BAYRAKÇI PETROL ÜRÜNLERİ VE HER TÜRLÜ EMTİA ALIM SATIMI TİCARET LİMİTED ŞİRKETİ,37.893427,33.837842,Alpet,False,False
AKSU BELEDİYESİ AKARYAKIT İSTASYONU,37.798889,31.040348,Alpet,True,False
ENONPET PETROL VE ENERJİ ÜRÜNLERİ PAZARLAMA SANAYİ DIŞ TİCARET LİMİTED ŞİRKETİ,41.642976,27.178981,Alpet,True,False
HÜSEYİN KAYA,37.7832,31.0383,Alpet,True,False
33 AKARYAKIT TAŞIMACILIK GIDA İNŞAAT PLASTİK SANAYİ VE TİCARET LİMİTED ŞİRKETİ,36.92932524412344,34.92442521544684,Alpet,True,False
KATİPOĞLU OTOMOTİV YEDEK PARÇA BAKIM ONARIM YAKIT DÖNÜŞÜM SİSTEMLERİ GIDA İHTİYAÇ MADDELERİ TEKEL MADDELERİ DAYANIKLI TÜKETİM MALLARI PETROL EMLAK İNŞAAT NAKLİYAT İTHALAT İHRACAT İMALAT KOMİSYON TAAHHÜT TİCARET VE SANAYİ LİMİTED ŞİRKETİ,38.447029,30.26112,Alpet,True,False
AYTEKİNLER PETROL ÜRÜNLERİ SANAYİ VE TİCARET LİMİTED ŞİRKETİ,39.8521,32.0847,Alpet,False,False
KARCAN AKARYAKIT DAĞITIM LİMİTED ŞİRKETİ,40.848907,31.091825,Alpet,False,False
CY YILDIZ TARIM HAYVANCILIK GIDA TAŞIMACILIK İNŞAAT SANAYİ VE TİCARET LİMİTED ŞİRKETİ,36.732269,35.209682,Alpet,True,False
OKTAY PETROL ÜRÜNLERİ NAKLİYAT LPG TEMİZLİK MEŞRUBAT SU GIDA SANAYİ VE TİCARET LİMİTED ŞİRKETİ,35.9,36.071,Alpet,True,False
ÖZABAY DIŞ TİCARET LİMİTED ŞİRKETİ TARSUS ŞUBESİ,36.96706,35.0288,Alpet,False,False
KARCAN AKARYAKIT DAĞITIM LİMİTED ŞİRKETİ,40.8485,31.1531,Alpet,True,False
AZİMLİ TİCARET PETROL ÜRÜNLERİ GIDA VE SANAYİ LİMİTED ŞİRKETİ,37.6357,34.3685,Alpet,True,False
MİRHA AKARYAKIT SANAYİ VE TİCARET LİMİTED ŞİRKETİ,37.609524,34.396992,Alpet,True,False
ODİ ENERJİ AKARYAKIT NAKLİYE OTOMOTİV İNŞAAT SANAYİ TİCARET LİMİTED ŞİRKETİ,39.7186,32.3199,Alpet,False,False
HSİVRİ PETROL ÜRÜNLERİ NAKLİYE GIDA TİCARET VE SANAYİ LİMİTED ŞİRKETİ,37.882042,30.71414,Alpet,True,False
SERKAN GÜNYOL PETROLLERİ ANONİM ŞİRKETİ,39.722053,32.341724,Alpet,True,False
Serkan Günyol Petrol Tanker-06FNC820,39.722053,32.341724,Alpet,False,False
KARCAN AKARYAKIT DAĞITIM LİMİTED ŞİRKETİ,40.7792,31.2849,Alpet,True,False
MUSA GÖNCÜ,39.046604,33.082047,Alpet,True,False
NM HAYVANCILIK TARIM GIDA TURİZM AKARYAKIT İNŞAAT SANAYİ VE TİCARET LİMİTED ŞİRKETİ,37.181696,34.9582,Alpet,True,False
ÖZHANEDAR TARIM ÜRÜNLERİ GÜBRE ZİRAİ ALET GIDA MADDELERİ PETROL ÜRÜNLERİ DAYANIKLI TÜKETİM MADDELERİ AYAKKABICILIK OTOMOTİV İNŞAAT SANAYİ TİCARET LİMİTED ŞİRKETİ,39.53824,32.61101,Alpet,True,False
ÇETİNKAYA AKARYAKIT SANAYİ TİC.A.Ş.,36.9911,35.172,Alpet,True,False
ÖRSAN AKARYAKIT NAKLİYAT İNŞAAT VE TİCARET LİMİTED ŞİRKETİ,41.3508113,27.0960413,Alpet,False,False
MİRHA AKARYAKIT SANAYİ VE TİCARET LİMİTED ŞİRKETİ,38.2134,34.0194,Alpet,False,False
ÇİLEK AKARYAKIT SANAYİ VE TİCARET ANONİM ŞİRKETİ,41.085087,31.17568,Alpet,True,False
DAĞLIOĞLU 51 AKARYAKIT LOJİSTİK OTOMOTİV TARIM İNŞAAT SANAYİ VE TİCARET LİMİTED ŞİRKETİ,37.8487,34.4126,Alpet,True,False
MURAT GÜLTEN AKARYAKIT OTOMOTİV SANAYİ VE TİCARET LİMİTED ŞİRKETİ,36.95477,35.313641,Alpet,False,False
MİS PETROL SANAYİ VE TİCARET ANONİM ŞİRKETİ,36.970318,35.316357,Alpet,True,False
ŞENBAYRAK OTOMOTİV PETROL ÜRÜNLERİ SANAYİ VE TİCARET LİMİTED ŞİRKETİ,36.993702,35.298672,Alpet,True,False
ERDEMLİ AKARYAKIT OTOMOTİV GIDA SANAYİ VE TİCARET LİMİTED ŞİRKETİ,40.965836,27.372543,Alpet,True,False
HASAL ENERJİ ÜRETİMİ İZOLASYON ARITMA PETROL ÜRÜNLERİ İNŞAAT TURİZM SANAYİ VE TİCARET LİMİTED ŞİRKETİ,37.432571,34.876269,Alpet,True,False
SEYHANTEPE PETROL VE TİCARET ANONİM ŞİRKETİ,36.989273,35.3269,Alpet,False,False
SO PETROL GIDA NAKLİYAT İHRACAT İTHALAT SANAYİ VE TİCARET LİMİTED ŞİRKETİ,37.5033,34.8151,Alpet,True,False
AKSARAY TIR NAKLİYAT SANAYİ VE TİCARET LİMİTED ŞİRKETİ,38.35328,33.97205,Alpet,False,False
HÜSEYİN KAYA,37.8983,30.3752,Alpet,True,False
AVARLAR ZİRAİ ÜRÜN.İNŞ.TAŞ. TİCARET LİMİTED ŞİRKETİ,36.137577,36.232925,Alpet,True,False
SARAYÜSTÜ PETROL ÜRÜNLERİ TURİZM İNŞAAT TARIM VE HAYVANCILIK TİCARET VE SANAYİ LİMİTED ŞİRKETİ,41.685326,26.5649,Alpet,True,False
VEZİROĞLU PETROL LPG DAYANIKLI TÜKETİM MADDELERİ TURİZM İNŞAAT SANAYİ VE TİCARET ANONİM ŞİRKETİ,36.436165,35.980331,Alpet,False,False
SONGÜL DEMİREL,40.96563,31.453606,Alpet,True,False
MEHMET ÖNEMLİ,38.409706,34.010994,Alpet,True,False
SADIK OTOMOTİV AKARYAKIT EV ALETLERİ TURİZM TEKSTİL GIDA MARKET LOKANTA İŞLETMECİLİĞİ SANAYİ VE TİCARET LİMİTED ŞİRKETİ,38.0607,30.1583,Alpet,True,False
GEÇİCİLER DENİZ ÜRÜN LERİ AKARYAKIT TURİZM SA NAYİ VE TİCARET ANONİM ŞİRKETİ,40.302784,27.837198,Alpet,True,False
GEÇİCİLER PETROL TANKER 10NN066,40.302784,27.837198,Alpet,False,False
VASFİ AKKIR - KÖY POMPASI,37.84185,34.668333,Alpet,False,False
DOĞAN BUYRUK TARIM MAKİNELERİ OTOMOTİV PETROL İNŞAAT MÜHENDİSLİK VE DANIŞMANLIK HİZMETLERİ SANAYİ VE TİCARET LİMİTED ŞİRKETİ,39.7056,32.8147,Alpet,True,False
ALBAYRAK LOJİSTİK PETROL TURİZM İNŞAAT TEKSTİL SANAYİ VE TİCARET LİMİTED ŞİRKETİ,40.75564,31.781227,Alpet,False,False
ALAPLI TEKYIL PETROL ÜRÜNLERİ İNŞAAT SANAYİ VE TİCARET LİMİTED ŞİRKETİ,41.170976,31.37098,Alpet,True,False
ÖZERLER OTOMOTİV VE PETROL ÜRÜNLERİ PAZARLAMA SANAYİ VE TİCARET ANONİM ŞİRKETİ,41.17374,31.382566,Alpet,True,False
MİS PETROL SANAYİ VE TİCARET ANONİM ŞİRKETİ,36.969404,35.591609,Alpet,True,False
HÜSEYİN TEMEL,38.9341,33.6423,Alpet,True,False
İBRAHİM TUNÇ,36.91354350121757,31.142197099784827,Alpet,True,False
ŞERİFE AKBAŞ,37.516026,30.530485,Alpet,False,False
İBRAHİM TUNÇ,36.9100133224516,31.12766385208487,Alpet,True,False
ALPET İSTASYON İŞLETMELERİ ANONİM ŞİRKETİ,39.9455,32.7113,Alpet,False,False
ÖZ-CAN PETROL NAKLİYE TİCARET LİMİTED ŞİRKETİ,39.095047,33.563867,Alpet,True,False
ÖZ SÜMER TARIM HAUVANCILIK PETROL ÜRÜNLERİ İNŞAAT NAKLİYE SANAYİ VE TİCARET LİMİTED ŞİRKETİ,39.68,33.0,Alpet,True,False
TANKAR OTOMOTİV PETROL GIDA TEKSTİL HİZMET İNŞAAT SANAYİ VE TİCARET LİMİTED ŞİRKETİ,38.1531,29.7837,Alpet,False,False
ATAHASAN TAŞIMACILIK GIDA CANLI HAYVAN VE TARIM ÜRÜNLERİ SANAYİ TİCARET LİMİTED ŞİRKETİ,39.8948,32.8125,Alpet,True,False
TEKTAR PETROL SANAYİ TİCARET LİMİTED ŞİRKETİ,37.988152,34.724216,Alpet,False,False
AHMET KOCABIYIK PETROL ÜRÜNLERİ NAKLİYE VE TİCARET LİMİTED ŞİRKETİ,40.050632,27.849588,Alpet,False,False
ÖZ SEÇMENLER PETROL ÇIRÇIR ULUSLARARASI NAKLİYAT EĞİTİM HİZMETLERİ TURİZM OTELCİLİK TARIM ÜRÜNLERİ HAYVANCILIK İTHALAT İHRACAT SANAYİ VE TİCARET LİMİTED ŞİRKETİ,36.366352,36.447742,Alpet,True,False
UZEL TARIM VE PETROL ÜRÜNLERİ MOTORLU TAŞITLAR GIDA SANAYİ VE TİCARET LİMİTED ŞİRKETİ,37.035587,35.797195,Alpet,True,False
DOĞU KARDEŞLER PETROL ÜRÜNLERİ YAĞLAMA YIKAMA MARKET LOKANTACILIK KANTAR YEDEK PARÇA OTO TRAKTÖR ALIM SATIM KOMİSYONU LASTİK VE TOPRAK MAHSÜLLERİ KİMYA VE NAKLİYAT LİMİTED ŞİRKETİ,37.250758,35.655121,Alpet,True,False
ŞENOL EREN,36.95777,30.766831,Alpet,True,False
GEZERKAYA PETROL TARIM HAYVANCILIK İNŞAAT NAKLİYAT TİCARET SANAYİ LİMİTED ŞİRKETİ,38.2383,34.70039,Alpet,True,False
PATİR PETROL TİCARET VE SANAYİ LİMİTED ŞİRKETİ,40.101162,32.927841,Alpet,True,False
İYİGÜN PETROL ÜRÜNLERİ LİMİTED ŞİRKETİ,39.958171,33.078708,Alpet,True,False
LVN AKARYAKIT İÇ VE DIŞ TİCARET ANONİM ŞİRKETİ,39.9599,33.0893,Alpet,True,False
ALPET İSTASYON İŞLETMELERİ ANONİM ŞİRKETİ,39.6726,27.8899,Alpet,True,False
TATOĞLU YAPI AKARYAKIT LPG ÜRÜNLERİ İNŞAAT TAAHHÜT NAKLİYE MAKİNA OTOMOTİV GIDA İTHALAT İHRACAT SANAYİ VE TİCARET LİMİTED ŞİRKETİ,41.3987,31.6843,Alpet,False,False
YAVUZ GIDA VE UN SANAYİ TİCARET ANONİM ŞİRKETİ,38.552,34.5369,Alpet,True,False
UZEL TARIM VE PETROL ÜRÜNLERİ MOTORLU TAŞITLAR GIDA SANAYİ VE TİCARET LİMİTED ŞİRKETİ,37.074855,36.068526,Alpet,True,False
"ERSOY SPOR TESİSLERİ, EĞLENCE YERLERİ İŞLETMECİLİĞİ VE PETROL ÜRÜNLERİ SANAYİ VE TİCARET LİMİTED ŞİRKETİ",38.07885,29.39747,Alpet,False,False
KARACA GRUP PETROL ÜRÜNLERİ TARIM VE HAYVANCILIK GIDA SANAYİ TİCARET LİMİTED ŞİRKETİ,40.18832,33.023865,Alpet,True,False
AL-SEM OTOMOTİV PET.NAK.İNŞ.YAP.ELM.TUR.GID.TAR.HAY.İTH.İHR.TİC.LTD.ŞTİ.,38.487017,34.752651,Alpet,True,False
ATAHASAN TAŞIMACILIK GIDA CANLI HAYVAN VE TARIM ÜRÜNLERİ SANAYİ TİCARET LİMİTED ŞİRKETİ,39.9389,33.3256,Alpet,True,False
SMA KARAKAYA PETROL,37.0822,36.2287,Alpet,True,False
DOSTLAR PETROL ÜRÜNLERİ PAZARLAMA SANAYİ VE TİCARET LİMİTED ŞİRKETİ,40.8797196,26.4406355,Alpet,True,False
DOSTLAR PETROL Tanker - 22PA492,40.8797196,26.4406355,Alpet,False,False
ÇAT PETROLCÜLÜK TAŞIMACILIK NAKLİYE TURİZM TİCARET LİMİTED ŞİRKETİ,38.663333,34.668333,Alpet,False,False
CTT PETROL ANONİM ŞİRKETİ,39.8406,33.5095,Alpet,True,False
LVN AKARYAKIT İÇ VE DIŞ TİCARET ANONİM ŞİRKETİ,39.8403,33.5285,Alpet,True,False
TRANS SALDA TAŞIMACILIK PETROL SANAYİ VE TİCARET LİMİTED ŞİRKETİ,37.5095,29.7494,Alpet,True,False
ÖMEROĞLU PETROL TURİZM TİCARET VE SANAYİ LİMİTED ŞİRKETİ,41.29561,32.12908,Alpet,True,False
AKGÜNLER PETROL OTOMOTİV DEMİR ÇELİK SANAYİ VE TİCARET LİMİTED ŞİRKETİ,40.9517,32.5359,Alpet,True,False
STANOS AKARYAKIT OTOMOTİV GIDA. İNŞAAT. TİCARET LİMİTED ŞİRKETİ,37.04071,30.085195,Alpet,True,False
BAYAR PETROL ÜRÜNLERİ NAKLİYAT TURİZM TİCARET VE PAZARLAMA LİMİTED ŞİRKETİ,39.848786,27.258526,Alpet,True,False
GÜNAL KONYA,38.040441,28.936562,Alpet,True,False
GÜNAL KONYA - KÖY İSTASYONU,38.045887,28.921793,Alpet,False,False
HAMZAOĞLU GIDA TEKSTİL PETROL VE TARIM ÜRÜNLERİ SANAYİ VE TİCARET LİMİTED ŞİRKETİ,37.0427,36.6316,Alpet,True,False
KAYAOİL PETROL TİCARET ANONİM ŞİRKETİ,37.8127,29.1511,Alpet,False,False
GÜNAL KONYA,38.003319,28.934624,Alpet,True,False
HAVA HAMZAOĞLU,37.0191,36.7033,Alpet,True,False
ERTAŞ GÖYNÜK İNŞAAT SANAYİ VE TİCARET LİMİTED ŞİRKETİ,38.81874,34.930099,Alpet,True,False
HRN AKARYAKIT LOJİSTİK SANAYİ VE TİCARET LİMİTED ŞİRKETİ,38.580941,35.189155,Alpet,True,False
AZİMLİ TİCARET PETROL ÜRÜNLERİ GIDA VE SANAYİ LİMİTED ŞİRKETİ,39.0093,34.7682,Alpet,True,False
UFUK KIZILTEPE,38.188991,28.669281,Alpet,True,False
TOLU AKARYAKIT YAPI İNŞAAT NAKLİYAT PETROL ÜRÜNLERİ SANAYİ VE TİCARET LİMİTED ŞİRKETİ,38.695141,35.120705,Alpet,False,False
MAHMUT DAĞAÇIKAN,36.7142,37.1252,Alpet,True,False
BAŞKURT AKARYAKIT PETROL ÜRÜNLERİ SANAYİ VE TİCARET LİMİTED ŞİRKETİ,37.085,29.6821,Alpet,False,False
AZİMLİ TİCARET PETROL ÜRÜNLERİ GIDA VE SANAYİ LİMİTED ŞİRKETİ,38.9826,34.8905,Alpet,True,False
ALGÜL AKARYAKIT GIDA TEKSTİL KUYUMCULUK CAFETARYA SANAYİ VE TİCARET LİMİTED ŞİRKETİ,37.173649,36.73365,Alpet,True,False
TOKAT ÇİĞDEM GIDA PETROL İNŞAAT OTOMOTİV LOJİSTİK SANAYİ VE TİCARET LİMİTED ŞİRKETİ,37.0191,29.685278,Alpet,False,False
ALPET İSTASYON İŞLETMELERİ ANONİM ŞİRKETİ,41.6154,32.3239,Alpet,True,False
KİBYRA AKARYAKIT TURİZM OTOMOTİV İNŞAAT TARIM GIDA SANAYİ VE TİCARET LİMİTED ŞİRKETİ,37.1598,29.524,Alpet,True,False
BEYKONAK PETROL SANAYİ TİCARET LİMİTED ŞİRKETİ,36.34261,30.32552,Alpet,True,False
NADİR AKARYAKIT SANAYİ TİCARET LİMİTED ŞİRKETİ,37.1102,36.8785,Alpet,True,False
TOLU AKARYAKIT YAPI İNŞAAT NAKLİYAT PETROL ÜRÜNLERİ SANAYİ VE TİCARET LİMİTED ŞİRKETİ,38.80947,35.222371,Alpet,True,False
ÜÇYILDIZ ENERJİ AKARYAKIT TURİZM TİCARET SANAYİ LİMİTED ŞİRKETİ,41.689068,32.363171,Alpet,True,False
KAANHAN PETROL NAKLİYE TURİZM HAYVANCILIK VE TARIM ÜRÜNLERİ PAZARLAMA SANAYİ VE TİCARET LİMİTED ŞİRKETİ,38.218862,28.292166,Alpet,True,False
ASOİL GRUP PETROL ÜRÜNLERİ İNŞAAT İTHALAT SANAYİ VE TİCARET LİMİTED ŞİRKETİ,39.518,26.9867,Alpet,True,False
PERENLER PETROL SANAYİ VE TİCARET LİMİTED ŞİRKETİ,38.786563,27.670618,Alpet,True,False
SAĞINÇ KÖY POMPASI,37.979469,28.441532,Alpet,False,False
İSMAİL ŞAHİN,37.789233,36.434084,Alpet,True,False
ZENGİNLER PETROL ÜRÜNLERİ TEKSTİL İNŞAAT NAKLİYAT GIDA SANAYİ VE TİCARET LİMİTED ŞİRKETİ,40.12451,34.1725,Alpet,True,False
NERTA END.TEM.ÜR.VEEK.OTO.MÜ.Kİ.AK.SAN.TİC.LTD.ŞTİ.,39.44379,26.896494,Alpet,False,False
SAĞINÇ PETROL ÜRÜNLERİ TİCARET VE SANAYİ LİMİTED ŞİRKETİ,37.91423,28.395765,Alpet,False,False
TAŞDEMİR SIVI YAKIT PETROL ÜRÜNLERİ İNŞAAT SANAYİ VE TİCARET LİMİTED ŞİRKETİ,37.02005,37.352787,Alpet,True,False
SAĞINÇ PETROL ÜRÜNLERİ TİCARET VE SANAYİ LİMİTED ŞİRKETİ,37.546768,28.711876,Alpet,True,False
ÇAVUŞOĞLU LOJİSTİK PETROL AKARYAKIT SAN. TİC. LTD. ŞTİ.,37.6201,36.7746,Alpet,True,False
SAĞINÇ PETROL ÜRÜNLERİ TİCARET VE SANAYİ LİMİTED ŞİRKETİ,37.604877,28.588017,Alpet,True,False
RAN PET PETROL GIDA TAŞIMACILIK MADENCİLİK İNŞAAT SANAYİ VE TİCARET ANONİM ŞİRKETİ,37.18027778,37.27638889,Alpet,False,False
OKUYUCU PETROL ÜRÜNLERİ NAKLİYAT GIDA TEKSTİL SANAYİ VE TİCARET LİMİTED ŞİRKETİ,37.052895,37.420887,Alpet,True,False
DÖN-PET OĞULLARI PETROL ÜR. SANAYİ ve TİCARET LİMİTED ŞİRKETİ,38.258034,36.219086,Alpet,False,False
41 MEHMETÇİK PETROL OTOMOTİV NAKLİYAT İNŞAAT GIDA TURİZM SANAYİ VE TİCARET LİMİTED ŞİRKETİ,37.090992,37.400623,Alpet,True,False
BEYKONAK PETROL SANAYİ TİCARET LİMİTED ŞİRKETİ,38.66402,27.4504,Alpet,False,False
GÖKKAYA PETROL ÜRÜNLERİ OTOMOTİV TARIM VE HAYVANCILIK İNŞAAT SANİYE LİMİTED ŞİRKETİ,39.5963,34.9814,Alpet,True,False
TOLU AKARYAKIT YAPI İNŞAAT NAKLİYAT PETROL ÜRÜNLERİ SANAYİ VE TİCARET LİMİTED ŞİRKETİ,38.6462,35.9542,Alpet,True,False
ÇETİNKAYA PETROL ÜRÜNLERİ DAĞITIM PAZARLAMA GIDA İNŞAAT TURİZM TAŞIMACILIK MADENCİLİK SANAYİ VE TİCARET LİMİTED ŞİRKETİ,39.858601,26.173225,Alpet,True,False
ÇAĞLIYANLAR AKARYAKIT ÜRÜNLERİ İNŞAAT TAAHHÜT İNŞAAT MALZEMELERİ TAŞIMACILIK GIDA TARIM VE HAYVANCILIK SANAYİ TİCARET LİMİTED ŞİRKETİ,38.634296,27.392271,Alpet,False,False
KUMRU PETROL AKARYAKIT HAFRİYAT BETON LİMİTED ŞİRKETİ,39.803989,26.213209,Alpet,True,False
ALTUN PETROL TARIM ÜRÜNLERİ KATI YAKIT İNŞAAT TAAHHÜT OTOMOBİL KUYUMCULUK İMALAT PAZARLAMA SANAYİ TİCARET VE NAKLİYAT LİMİTED ŞİRKETİ,38.856956,35.788342,Alpet,True,False
HAKAN YÜCELSOY,39.829025,34.8344,Alpet,False,False
GÜROL ÇOT,36.5107,29.4362,Alpet,False,False
GÖKLER PETROL ÜRÜN. TİCARET VE SANAYİ KOLL ŞİRKETİ,41.59961,33.10423,Alpet,True,False
HÜSEYİN KURT- KURT PETROL AKARYAKIT LPG GIDA NAKLİYAT VE PETROL ÜRÜNLERİ,37.228455,37.514805,Alpet,True,False
YAZGI PETROL SANAYİ VE TİCARET LİMİTED ŞİRKETİ,40.940117,33.870096,Alpet,True,False
2A PETROL VE TİCARET LİMİTED ŞİRKETİ,41.3034,33.5444,Alpet,True,False
HAKAN YÜCELSOY,39.4959,35.37291,Alpet,True,False
NORAS PETROL VE TARIM ÜRÜNLERİ TAŞIMACILIK TURİZM SANAYİ TİCARET LİMİTED ŞİRKETİ,36.633721,29.127714,Alpet,True,False
BEYPET LOJİSTİK ULUSLARARASI NAKLİYAT PETROL ÜRÜNLERİ GIDA İNŞAAT KUYUMCULUK İÇ VE DIŞ TİCARET LİMİTED ŞİRKETİ,39.9953,34.9458,Alpet,False,False
ÖZ DOĞANLAR DİN.TES.TUR.PET.GIDA TAŞ.İHR.İTH.SU VE ORM.ÜRN. TİCARET LİMİTED ŞİRKETİ,36.415192,29.268826,Alpet,False,False
ATLER AKARYAKIT GIDA TURİZM İNŞAAT OTOMOTİV SANAYİ VE TİCARET ANONİM ŞİRKETİ,36.8255,28.7894,Alpet,True,False
HÜSEYİN ÖZARSLAN OĞULLARI PETROL TARIM NAKLİYE TURİZM GIDA HAYVANCILIK SANAYİ VE TİCARET LİMİTED ŞİRKETİ,40.157578,34.871769,Alpet,True,False
KATIRCIOĞLU PETROL TİCARET LİMİTED ŞİRKETİ,41.0177,34.0743,Alpet,True,False
ECEMPET PETROLCÜLÜK OTOMOTİV İNŞAAT TÜKETİM MALLARI LOJİSTİK SANAYİ TİCARET LİMİTED ŞİRKETİ,38.1808,27.3554,Alpet,True,False
HÜSEYİN KILIÇ - KILIÇ PETROL,37.425018,37.685936,Alpet,True,False
YAŞAR TÜRKER,39.681923,35.433842,Alpet,True,False
ONURCAN PETROL OTOMOTİV İNŞAAT TAAHHÜT GIDA SANAYİ VE TİCARET LİMİTED ŞİRKETİ,38.035484,37.172981,Alpet,True,False
ŞEKEROĞULLARI PETROL TARIM HAYVANCILIK SANAYİ TİCARET LİMİTED ŞİRKETİ,38.159517,37.073232,Alpet,True,False
GÜLERYÜZLER OTO YEDEK PARÇA VE İNŞAAT YAPI MALZEMELERİ  SANAYİ  VE TİCARET LİMİTED ŞİRKETİ,41.47785,33.768528,Alpet,True,False
HKT PETROL OTOMOTİV TAŞIMACILIK İNŞAAT EMLAK SANAYİ VE TİCARET LİMİTED ŞİRKETİ,37.725709,37.559458,Alpet,True,False
S. S. ORTALICA KÖYÜ TARIMSAL KALKINMA KOOPERATİFİ,41.0524,34.262048,Alpet,False,False
HALİL İBRAHİM KOÇ,39.691432,35.712562,Alpet,True,False
SARAY PETROL TURİZM GIDA SANAYİ VE TİCARET LİMİTED ŞİRKETİ,40.436283,34.994328,Alpet,True,False
KAMİL BOYRAZ -AKARYAKIT VE LPG İŞLETMESİ,38.23158,37.20579,Alpet,True,False
FYN GRUP SANAYİ VE TİCARET LİMİTED ŞİRKETİ,39.680332,35.761833,Alpet,True,False
YÖRÜK OĞLU PETROL SANAYİ VE TİCARET LİMİTED ŞİRKETİ,37.740414,27.431152,Alpet,True,False
SUMPET AKARYAKIT İSTASYONLARI SANAYİ VE TİCARET ANONİM ŞİRKETİ,38.343,26.7852,Alpet,True,False
SALİM KARADAĞ PETROL ÜRÜNLERİ TARIM HAYVANCILIK NAKLİYE GÜVENLİK VE TEMİZLİK HİZMETLERİ YAKACAK VE İNŞAAT MALZEMELERİ SANAYİ VE TİCARET LİMİTED ŞİRKETİ,41.6254,33.9157,Alpet,True,False
DEMİRSOY AKARYAKIT SANAYİ VE TİCARET LİMİTED ŞİRKETİ,37.82695,27.258926,Alpet,True,False
MEHMET TAŞKIRAN,39.637252,35.984333,Alpet,True,False
ERTAN PETROL ÜRÜNLERİ VE ZİRAAT SANAYİ TİCARET LİMİTED ŞİRKETİ,37.4518,27.51464,Alpet,True,False
T TAŞ PETROL TİCARET VE SANAYİ LİMİTED ŞİRKETİ,37.688,38.09339,Alpet,True,False
ASMER PETROL ÜRÜNLERİ İTHALAT İHRACAT SANAYİ VE TİCARET LİMİTED ŞİRKETİ,37.127705,38.681736,Alpet,True,False
ERDEM KILIÇ PETROL MADEN NAKLİYE SANAYİ VE TİCARET LİMİTED ŞİRKETİ,40.7859,35.0325,Alpet,True,False
ALPET İSTASYON İŞLETMELERİ ANONİM ŞİRKETİ,37.178204,27.609098,Alpet,True,False
İSMAİL ARDA,36.7214,39.2132,Alpet,True,False
MEKSEL DEVECİ,38.489444,37.480278,Alpet,True,False
AHMET ŞÜKRÜ İNCE,38.006809,37.982254,Alpet,False,False
TOROSPET PETROL ÜRÜNLERİ TAŞIMACILIK SANAYİ VE TİCARET LİMİTED ŞİRKETİ,37.7584,38.2555,Alpet,True,False
NUSRET AKARYAKIT TAŞIMACILIK İNŞAAT SANAYİ VE TİCARET LİMİTED ŞİRKETİ,40.8739,35.23023,Alpet,False,False
İLERİ OTOMOTİV PETROL İNŞAAT NAKLİYE HAYVANCILIK SANAYİ VE TİCARET LİMİTED ŞİRKETİ,40.293404,35.883175,Alpet,True,False
NAZIM BAHRİ ŞEN,41.333796,34.851242,Alpet,True,False
ŞURTEKS TEKSTİL GIDA İNŞAAT İTHALAT İHRACAT SANAYİ VE TİCARET LİMİTED ŞİRKETİ,37.1569,39.0509,Alpet,True,False
İMAMOĞLU AKARYAKIT PETROL TARIM ÜRÜNLERİ SANAYİ TİCARET LİMİTED ŞİRKETİ,36.78796,39.436607,Alpet,True,False
BİLAL ASLAN KUYUMCULUK İNŞAAT NAKLİYE YAKIT İLETİŞİM HİZMETLERİ GIDA SANAYİ VE TİCARET LİMİTED ŞİRKETİ,41.946655,34.343441,Alpet,True,False
TUFANLAR PETROL DAYANIKLI TÜKETİM MALLARI ELEKTRONİK GIDA İNŞAAT OTOMOTİV NAKLİYAT SANAYİ VE TİCARET LİMİTED ŞİRKETİ,38.35844,38.033813,Alpet,True,False
GÜLPET LOJİSTİK PETROL ÜRÜNLERİ MADENCİLİK İNŞAAT OTOMOTİV MEDİKAL İTHALAT İHRACAT SANAYİ TİCARET LİMİTED ŞİRKETİ,39.8717,36.6017,Alpet,True,False
GÜLPET LOJİSTİK PETROL ÜRÜNLERİ MADENCİLİK İNŞAAT OTOMOTİV MEDİKAL İTHALAT İHRACAT SANAYİ TİCARET LİMİTED ŞİRKETİ,39.8726,36.603,Alpet,True,False
ŞAKALAKOĞLU EĞİTİM HİZMETLERİ TURİZM İNŞAAT VE NAKLİYE TİCARET LİMİTED ŞİRKETİ,40.722309,35.7899,Alpet,False,False
ÇAKMAK TEKSTİL PETROL ÜRÜNLERİ İNŞAAT SANAYİ VE TİCARET LİMİTED ŞİRKETİ,37.580688,38.949988,Alpet,True,False
UZUNDAL PETROL NAKLİYAT İNŞAAT SANAYİ VE TİCARET LİMİTED ŞİRKETİ,37.225307,39.316257,Alpet,True,False
BAYLAR ZAHİRE HAYVANCILIK NAK.GIDA TARIM SAN.TİC.LTD.ŞTİ.,40.311988,36.284086,Alpet,True,False
BAŞER PETROL ÜRÜNLERİ UN YEM ZİRAİ ÜRÜNLER İMALAT İTHALAT İHRACAT TİCARET VE SANAYİ LİMİTED ŞİRKETİ,39.226414,37.379814,Alpet,True,False
REDPET AKARYAKIT LOJİSTİK SANAYİ VE TİCARET LİMİTED ŞİRKETİ,39.5862,37.0321,Alpet,True,False
YİĞİT-ER TURİZM PETROL ÜRÜNLERİ SOSYAL TESİSLERİ TÜKETİM MADDELERİ PAZARLAMA TİCARET ANONİM ŞİRKETİ,38.34204,38.31354,Alpet,False,False
ILICAK GROUP MİMARLIK MÜHENDİSLİK İNŞAAT OTOMOTİV SANAYİ VE TİCARET LİMİTED ŞİRKETİ,38.447723,38.226326,Alpet,True,False
HÜSAMETTİN KARAOĞLAN,41.05925,35.69231,Alpet,True,False
DİLSİZOĞLU PETROL VE ORMAN ÜRÜNLERİ TAŞIMACILIK VE SANAYİ İÇ VE DIŞ TİCARET LİMİTED ŞİRKETİ,41.88974,34.921171,Alpet,False,False
UÇAR ÇIRÇIR PRESE SANAYİ VE TİCARET LİMİTED ŞİRKETİ,36.84541,40.05308,Alpet,True,False
ATASOY PETROL- KİRAZ GÜREL,40.399033,36.537941,Alpet,True,False
KARADENİZ ERPET PETROL VE AKARYAKIT MAMULLERİ SANAYİ TİCARET ANONİM ŞİRKETİ,41.196,35.7925,Alpet,False,False
ÖZ-NAK TURİZM NAKLİYAT PETROL İNŞAAT İTHALAT İHRACAT SANAYİ VE TİCARET ANONİM ŞİRKETİ,37.228645,39.778416,Alpet,True,False
AVC PETROL ÜRÜNLERİ NAKLİYE İNŞAAT SANAYİ VE TİCARET LİMİTED ŞİRKETİ,37.73472,39.31814,Alpet,False,False
GERGER AKARYAKIT TAŞIMACILIK GIDA TURİZM TİCARET SANAYİ LİMİTED ŞİRKETİ,38.02834,39.03428,Alpet,True,False
ÖZERGÜL PETROL ÜRÜNLERİ LPG TİCARET LİMİTED ŞİRKETİ,40.76104,36.312752,Alpet,False,False
AHMET ŞÜKRÜ İNCE,38.252349,38.862758,Alpet,True,False
MERİH YILMAZ-YILMAZ PETROL,41.61722,35.59628,Alpet,True,False
ALİSE PETROL ÜRÜNLERİ İNŞAAT GIDA NAKLİYAT TAŞIMACILIK TURİZM SANAYİ VE TİCARET LİMİTED ŞİRKETİ,41.034592,36.229759,Alpet,True,False
TURANLAR AKARYAKIT SANAYİ VE TİCARET LİMİTED ŞİRKETİ,41.569439,35.877266,Alpet,True,False
DEĞİRMENCİ PETROL ÜRÜNLERİ TİCARET VE SANAYİ LİMİTED ŞİRKETİ,41.530029,35.951256,Alpet,True,False
YILDIZ GIDA İNŞAAT PETROL ÜRÜNLERİ HİDROELEKTRİK TURİZM PAZARLAMA TİCARET VE SANAYİ LİMİTED ŞİRKETİ,38.852192,38.630779,Alpet,True,False
ARIKAN MADENİ YAĞ GAZ PETROL ÜRÜNLERİ İNŞAAT TAAHHÜT NAKLİYAT TİCARET VE SANAYİ LİMİTED ŞİRKETİ,37.5738,39.9205,Alpet,True,False
İBRAHİM TOKTAŞ,40.576786,36.918255,Alpet,True,False
DOĞUŞ PETROL UNLU MAMULLER LOKANTA TİCARET VE SANAYİ LİMİTED ŞİRKETİ,41.291111,36.224722,Alpet,True,False
NİKSAR YILMAZ PETROL ÜRÜNLERİ TURİZM İNŞAATGIDA NAKLİYEVE İŞLETMECİLİK TİCARET VE SANAYİ LİMİTED ŞİRKETİ,40.5906,36.9423,Alpet,True,False
KIYAK KARDEŞLER SU ÜRÜNLERİ ÜRETİM VE AKARYAKIT İTHALAT İHRACAT VE TİCARET LİMİTED ŞİRKETİ,41.293191,36.247807,Alpet,False,False
BURAK PETROL SERVİS VE TEMİZLİK HİZMETLERİ İNŞAAT TURİZM SANAYİ VE TİCARET LİMİTED ŞİRKETİ,41.26878,36.29369,Alpet,True,False
ÖZÇELİK PETROL ÜRÜNLERİ OTOMOTİV NAKLİYE VE PAZARLAMA TİCARET LİMİTED ŞİRKETİ,41.416439,36.172669,Alpet,True,False
TURTEKİN PETROL İNŞAAT GIDA NAKLİYE MADENCİLİK SANAYİ VE TİCARET LİMİTED ŞİRKETİ,38.137901,39.466304,Alpet,True,False
AKTİF PETROL SANAYİ VE TİCARET LİMİTED ŞİRKETİ,37.1888232,40.597748,Alpet,True,False
KILIÇ PETROL OTO LASTİK NAKLİYE İNŞAAT TURİZM GIDA SANAYİ VE TİCARET LİMİTED ŞİRKETİ,37.248283,40.5477,Alpet,False,False
41MEHMETÇİK PETROL OTOMOTİV NAKLİYAT İNŞAAT GIDA TURİZM SANAYİ VE TİCARET LİMİTED ŞİRKETİ,41.217789,36.63023,Alpet,True,False
OKUR PETROL ÜRÜNLERİ GIDA İNŞAAT VE TAŞIMACILIK TİCARET LİMİTED ŞİRKETİ,41.183323,36.708929,Alpet,True,False
ACZ PETROL İNŞAAT NAKLİYAT TARIM HAYVANCILIK SANAYİ VE TİCARET LİMİTED ŞİRKETİ,37.1647,40.7289,Alpet,True,False
KAR-DEMİR PETROL TURİZM NAKLİYE İNŞAAT SANAYİ ve TİCARET LİMİTED ŞİRKETİ,38.625748,39.272133,Alpet,True,False
ÇİLEK AKARYAKIT SANAYİ VE TİCARET ANONİM ŞİRKETİ,41.2078,36.6916,Alpet,True,False
GİMA PETROLNAKLİYE İNŞAAT TARIM GIDA TURİZM SANAYİ TİCARET LİMİTED ŞİRKETİ,37.8933,40.0191,Alpet,True,False
AYGÖL PETROL İNŞAAT NAKLİYAT SANAYİ TİCARET LİMİTED ŞİRKETİ,37.873916,40.070072,Alpet,False,False
GÖZELİ PETROL TESİS. İNŞ. VE TİCARET LİMİTED ŞİRKETİ,37.90694,40.06358,Alpet,True,False
ERGANİ PETROL NAKLİYE İNŞAAT GIDA ORGANİZASYON LİMİTED ŞİRKETİ,38.2684,39.7534,Alpet,True,False
AR AS AKARYAKIT GIDA NAKLİYE İNŞAAT TURİZM SANAYİ VE TİCARET LİMİTED ŞİRKETİ,41.2197,36.8893,Alpet,True,False
İLHAN PETROL ÜRÜNLERİ TİCARET LİMİTED ŞİRKETİ,41.018818,37.100239,Alpet,True,False
BÖLGE KARDEŞLER PETROL ÜRÜNLERİ LPG GIDA TARIM HAYVANCILIK OTOMOTİV NAKLİYE TURİZM TEMİZLİK PAZARLAMA SANAYİ İTHALAT VE İHRACAT LİMİTED ŞİRKETİ,40.821727,37.348245,Alpet,True,False
CNR PETROL NAKLİYAT KUYUMCULUK TEKEL MADDELERİ SANAYİ VE TİCARET LİMİTED ŞİRKETİ,41.209949,36.993412,Alpet,True,False
BARIŞ AYD PETROL OTOMOTİV NAKLİYAT SANAYİ VE TİCARET LİMİTED ŞİRKETİ,37.0916,41.2002,Alpet,True,False
IŞIKTEPE AKARYAKIT NAKLİYE VE TURİZM TİCARET LİMİTED ŞİRKETİ,40.816907,37.5359,Alpet,True,False
VERİM PETROL ÜRÜNLERİ TİCARET LİMİTED ŞİRKETİ,40.976737,37.42733,Alpet,True,False
YEĞİN PETROL SANAYİ VE TİCARET LİMİTED ŞİRKETİ,41.0765,37.436588,Alpet,True,False
BMT ÇİMENTO MAKİNA İHRACAT SANAYİ VE TİCARET LİMİTED ŞİRKETİ,38.7015,39.8264,Alpet,True,False
YILMAZOĞLU PETROL OTOMOTİV İNŞAAT TAAHHÜT TARIM HAYVANCILIK NAKLİYE GIDA TURİZM SANAYİ VE TİCARET LİMİTED ŞİRKETİ,39.3568,39.2342,Alpet,True,False
İYİGÜN PETROL ÜRÜNLERİ LİMİTED ŞİRKETİ,39.958189,38.696065,Alpet,True,False
METİNERLER DAYANIKLITÜKETİM MALLARI SANAYİ VE TİCARET LİMİTED ŞİRKETİ,40.298264,38.431072,Alpet,True,False
KABADÜZ PETROL NAKLİYAT GIDA TARIM İNŞAAT OTOMOTİV TEMİZLİK TEKSTİL SANAYİ VE TİCARET LİMİTED ŞİRKETİ,40.857222,37.88751,Alpet,True,False
AZİZ YILDIZ,37.410358,41.354682,Alpet,True,False
OKÇULAR TAŞIMACILIK İNŞAAT GIDA ELEKTRİK KUYUMCULUK PETROL İTHALAT İHRACAT SANAYİ VE TİCARET LİMİTED ŞİRKETİ,38.397797,40.415134,Alpet,False,False
CEMİL EKİNCİ,37.575497,41.395119,Alpet,True,False
OK-AY PETROL KUYUMCULUK SANAYİ VE TİCARET LİMİTED ŞİRKETİ,37.87041,41.16524,Alpet,True,False
TEKİNLER GRUP AKARYAKIT TAŞIMACILIK SANAYİ VE TİCARET LİMİTED ŞİRKETİ,37.842,41.19868,Alpet,False,False
DEM-PA PETROL NAKLİYAT PAZARLAMA İNŞAAT GIDA SANAYİ VE TİCARET LİMİTED ŞİRKETİ,37.87931,41.2679,Alpet,True,False
OSMAN AY,37.552658,41.694805,Alpet,True,False
ÖZ BARUT İNŞAAT GIDA TEKSTİL TEMİZLİK AKARYAKIT MADENCİLİK NAKLİYE TİCARET VE SANAYİ LİMİTED ŞİRKETİ,38.855679,40.539284,Alpet,True,False
ÖNDERHAN İNŞAAT PETROL ÜRÜNLERİ PASTA MAMÜLLERİ GIDA TEKSTİL METAL HAYVANCILIK MADENCİLİK İTHALAT İHRACAT TİCARET VE SANAYİ LİMİTED ŞİRKETİ,38.906597,40.550919,Alpet,True,False
SEL VED PETROL İNŞ. NAK. GIDA. SAN. VE TİC. LTD. ŞTİ,37.319527,42.18652,Alpet,True,False
ŞAHİNOĞULLARI PETROL İNŞAAT OTOMOTİV SANAYİ VE TİCARET LİMİTED ŞİRKETİ,37.330475,42.21899,Alpet,False,False
MÜSLİM KÖKSAL COŞKUN-KÖKSAL PETROL,40.151415,39.431852,Alpet,True,False
KOÇ-SOĞUK ÇEŞME YAKIT HAYVANCILIK NAKLİYE İNŞAAT GIDA TEMİZLİK TARIM TİCARET VE SANAYİ LİMİTED ŞİRKETİ,38.98074,40.676563,Alpet,True,False
OVA PETROLCÜLÜK İNŞAAT NAKLİYAT OTOMOTİV SANAYİ İÇ VE DIŞ TİCARET LİMİTED ŞİRKETİ,37.248283,42.453693,Alpet,False,False
GÜLYAZI PETROL GIDA İNŞAAT HAYVANCILIK İTHALAT İHRACAT SANAYİ VE TİCARET ANONİM ŞİRKETİ,38.1629,41.5699,Alpet,True,False
MURATHANOĞULLARI HAZIR BETON SANAYİ TİCARET LİMİTED ŞİRKETİ,40.1796,39.6567,Alpet,True,False
TİREBOLU KAR-PET PETROL ÜRÜNLERİ NAKLİYE İNŞAAT GIDA TEMİZLİK VE TARIM ÜRÜNLERİ TİCARET LİMİTEŞİRKETİD,41.006058,38.839653,Alpet,True,False
KOÇ-SOĞUK ÇEŞME YAKIT HAYVANCILIK NAKLİYE İNŞAAT GIDA TEMİZLİK TARIM TİCARET VE SANAYİ LİMİTED ŞİRKETİ,39.058382,40.78964,Alpet,False,False
ARSLAN PETROL ÜRÜNLERİ HAYVANCILIK TARIM ÜRÜNLERİ GIDA İNŞAAT NAKLİYE SANAYİ VE TİCARET LİMİTED ŞİRKETİ,37.935993,41.958252,Alpet,True,False
BAĞSIZ GRUP YAKIT İNŞAAT HAYVANCILIK GIDA NAKLİYE ENERJİ MADENCİLİK İTHALAT İHRACAT SANAYİ VE LİMİTED ŞİRKETİ,38.954674,40.997883,Alpet,True,False
EROL IŞIK PETROL ÜRÜNLERİ İNŞAAT GIDA SANAYİ DIŞ TİCARET LİMİTED ŞİRKETİ,38.903988,41.302982,Alpet,False,False
EYUP KARDEŞ,40.348056,39.921944,Alpet,True,False
MASUM ÜRÜN,38.69518,41.68053,Alpet,True,False
KOÇHAN PETROL İNŞAAT HAFRİYAT NAKLİYAT TEMİZLİK HİZMETLERİ VE TİCARET LİMİTED ŞİRKETİ,40.83729012404894,39.63531754629542,Alpet,True,False
EYÜP KARDEŞ - KARDEŞ PETROL,40.3889568,40.14397,Alpet,True,False
RAMİZ DEMİRER PETROL MADENCİLİK İNŞAAT NAKLİYE GIDA TİCARET LİMİTED ŞİRKETİ,40.178246,40.367001,Alpet,True,False
RAHMİOĞULLARI PETROL TAŞIMACILIK İNŞAAT VE SANAYİ TİCARET LİMİTED ŞİRKETİ,38.486091,42.175838,Alpet,True,False
PİROĞLU EĞİTİM PETROL TİCARET LİMİTED ŞİRKETİ,38.465338,42.316705,Alpet,True,False
SUCİOĞLU İNŞAAT TAAHHÜT HAFRİYAT NAKLİYAT MADENCİLİK PETROL ÜRÜNLERİ TİCARET VE SANAYİ LİMİTED ŞİRKETİ,40.069106,40.933808,Alpet,True,False
ÖZDEMİR AY AKARYAKIT SANAYİ TİCARET ANONİM ŞİRKETİ,39.977107,41.026336,Alpet,False,False
NURETTİN HANLIGİL-MOTORLU TAŞITLAR YAKITI PERAKENDE SATIŞ KÖMÜR TOPTAN SATIŞI,37.57289,43.738827,Alpet,False,False
CANSÜT SÜT ÜRÜNLERİ HAYVANCILIK GIDA PETROLCÜLÜK TİCARET İTHALAT İHRACAT LİMİTED ŞİRKETİ,39.094643,42.251579,Alpet,True,False
ORHAN ERSOY,39.351985,42.112662,Alpet,True,False
ZENGİN KÖMÜR İŞLETMECİLİĞİ NAKLİYAT TUR. SAN. TİC. LTD. ŞTİ. RİZE ŞUBESİ ,41.00014,40.5477,Alpet,True,False
SAVAŞ GÜLER-ALYAP İNŞAAT PETROL,39.494139,42.272473,Alpet,False,False
ÖZERAYLAR NAKLİYAT VE PETROL ÜRÜNLERİ SANAYİ VE TİCARET LİMİTED ŞİRKETİ,38.457783,43.335648,Alpet,True,False
BAHATTİN ALAGEYİK,38.86753,42.96767,Alpet,True,False
BARAN CAN ŞAKA,39.695369,42.141948,Alpet,False,False
EYYUP DEMİRADAM,38.508043,43.375092,Alpet,True,False
BEGA BİLİŞİM GÜVENLİK ELEKTRONİK AKARYAKIT İNŞAAT SANAYİ VE TİCARET LİMİTED ŞİRKETİ,39.236659,42.855798,Alpet,True,False
NEVZAT DEMİR,39.571082,42.522626,Alpet,True,False
ZÜLKÜF DEMİR,38.5888,43.5148,Alpet,True,False
ESKİÇIRAK DIŞ TİCARET VE GIDA SANAYİ LİMİTED ŞİRKETİ,41.180027,40.94663,Alpet,True,False
ESKİÇIRAK PETROL TURİZM İNŞAAT GIDA SANAYİ VE TİCARET LİMİTED ŞİRKETİ,41.1709,40.9759,Alpet,True,False
AS PETROL ÜRÜNLERİ VE TAŞIMACILIK TİCARET VE SANAYİ LİMİTED ŞİRKETİ,39.003878,43.419448,Alpet,True,False
CAN-KA PETROL GIDA İNŞAAT NAKLİYE TURİZM BESİCİLİK OTOMOTİV ELEKTRİK MEDİKAL TEMİZLİK İŞLERİ İTHALAT İHRACAT LİMİTED ŞİRKETİ,39.687892,43.028903,Alpet,True,False
ASTAŞ PETROLCÜLÜK NAKLİYE LOJİSTİK İNŞ.İTH.İHRC.SAN.VE TİC.LTD.ŞTİ,38.98972,43.763709,Alpet,True,False
CAN-KA PETROL GIDA İNŞAAT NAKLİYE TURİZM BESİCİLİK OTOMOTİV ELEKTRİK MEDİKAL TEMİZLİK İŞLERİ İTHALAT İHRACAT LİMİTED ŞİRKETİ,39.709024,43.060535,Alpet,False,False
ACARBAY TURİZM İNŞAAT GIDA SANAYİ TİCARET PAZARLAMA LİMİTED ŞİRKETİ,39.719859,43.059769,Alpet,True,False
CAN-KA PETROL GIDA İNŞAAT NAKLİYE TURİZM BESİCİLİK OTOMOTİV ELEKTRİK MEDİKAL TEMİZLİK İŞLERİ İTHALAT İHRACAT LİMİTED ŞİRKETİ,39.73275,43.055532,Alpet,False,False
KAYHAN GÖKÇE,40.670425,42.239192,Alpet,True,False
FU PETROL YAPI İNŞAAT TEMİZLİK SANAYİ VE TİCARET LİMİTED ŞİRKETİ,39.591364,43.612848,Alpet,True,False
TEKİN YURDALAN,40.466389,42.777778,Alpet,True,False
ÜNAL KARAKOYUN,40.783088,42.599203,Alpet,False,False
ÖZ-AY PETROL İNŞAAT SANAYİ MÜHENDİSLİK TURİZM İÇ VE DIŞ TİCARET LİMİTED ŞİRKETİ,41.253563,42.353032,Alpet,False,False
BAYAZIT PETROL NAKLİYAT GIDA İTHALAT İHRACAT İNŞAAT SANAYİ TİCARET LİMİTED ŞİRKETİ,39.553758,44.061935,Alpet,True,False
DOĞAN CAN GÜNDOĞDU,41.098892,42.672206,Alpet,True,False
AKTAŞLAR PETROL ÜRÜNLERİ SANAYİ TİCARET LİMİTED ŞİRKETİ,41.1259,42.6834,Alpet,True,False
KARS ADA LOJİSTİK PETROLCÜLÜK İNŞAAT SANAYİ VE TİCARET LİMİTED ŞİRKETİ,40.675722,43.16675,Alpet,True,False
ALD İNŞAAT MALZEMELERİ MÜTEAHHİTLİK TAŞIMACILIK HAZIR BETON SANAYİ VE TİCARET LİMİTED ŞİRKETİ,39.860934,44.064086,Alpet,True,False
ADA KARDEŞLER OTOMOTİV İÇ VE DIŞ TİCARET LİMİTED ŞİRKETİ,39.9334,44.017,Alpet,True,False
İSMAİL DEMİREL OTOMOTİV VE PETROL TİCARET LİMİTED ŞİRKETİ,39.932976,44.056791,Alpet,True,False
ERDAL AKSEL,41.508788,42.735113,Alpet,True,False
ÜLKÜM PETROL SANAYI VE TİCARET LİMİTED ŞİRKETİ,39.873526,44.516004,Alpet,False,False
UĞURLU PETROL NAKLİYAT VE TİCARET LİMİTED ŞİRKETİ,21.85787,20.7987087,Alpet,True,False
As-Ya Petrol Ür. Yemekçilik Otomoti Personel Taş.San.Ve Tic.Ltd.Şti.,36.931053,35.354591,Aytemiz,True,False
Öz Ulusal Petrol Nak.Tur.ve Tarım Ü Tic.Ltd.Şti.,37.01107,35.377133,Aytemiz,True,False
Melis Gül (2) Petrol Ürünleri Turiz Taş.İnş.Oto.Gida San.Ve Tic.Ltd.Şt,37.026468,35.401303,Aytemiz,True,False
Kan Akaryakıt Petrol Ürünleri Otomo İnşaat Gıda Sanayi Ve Ticaret Ltd.,37.029884,35.81742,Aytemiz,True,False
Serhat Zirai Ürünler Ticari Limited Şirketi,37.017123,35.798464,Aytemiz,True,True
Sabuncu Akaryakıt 2 (Yüreğir) Tar.Ü Tur.Taş.İnş.Oto.Gıda San.Tic.Ltd.Ş,36.983565,35.393473,Aytemiz,True,False
Sabuncu Akaryakıt 1 (Sarıçam) Tar.Ü Tur.Taş.İnş.Oto.Gıda San.Tic.Ltd.Ş,36.982172,35.437145,Aytemiz,True,False
Sabuncu Akaryakıt 3 (Seyhan) Tar.Ür Tur.Taş.İnş.Oto.Gıda San.Tic.Ltd.Ş,36.990846,35.158902,Aytemiz,False,False
Asyagül ( 2 Yüreğir )Petrol Ürn.Hay Tar.Ürn.Tur.İnş.Taş.Oto.San.Tic.Lt,37.070366,35.409658,Aytemiz,True,False
Demir Petrol Ticaret Ve Sanayi Limi Ş.T.İ,37.428231,34.875146,Aytemiz,False,False
Sabuncu Akaryakıt 4 Tarım Ürünleri Tal.İnş.Oto.Gıda.San.Tic.Ltd.Şti,37.435921,35.793434,Aytemiz,True,False
Cudeoğlu Petrol Nak. İnş.Day.Tük.Ma Tar.Ve San. Tic.Ltd.Şti,37.81282,35.90929,Aytemiz,True,False
Halil Petrol ve Turizm Ticaret ve S Limited Şirketi,36.980191,35.33831,Aytemiz,True,False
Alişeroğlu Akdeniz Petrol ve Petrol Nak.Gıd.İnş.Tur.A.Ş,37.037562,35.927212,Aytemiz,True,False
Kevesa Petrol Ürünleri Sanayi Ve Ticaret Limited Şirketi,36.979817,35.451201,Aytemiz,True,False
GGG Petrolleri-7 Sanayi Ve Tic Anonim Şirketi,37.047132,35.767751,Aytemiz,True,False
Kristal Gaz-İş-4 Oto. ve Taş. Tic. Ve San. Limited Şirketi,37.099279,35.796217,Aytemiz,True,False
Atayoğlu Petrol Ürünleri Tekstil Gı İnş.Tur.Oto.San. Ve Tic.Ltd.Şti.,37.77932,38.291465,Aytemiz,True,False
Galip Öztürk,37.685998,37.874808,Aytemiz,True,False
Mutlu Nakliyat Turizm San. Ve Ticaret Limited Şirketi,37.688124,38.037799,Aytemiz,True,False
İhsan Kurt,37.637616,37.504828,Aytemiz,True,False
Sağlık Enerji-2 Tic. ve San. A.Ş.,37.763527,38.287128,Aytemiz,True,False
Darbaş Enerji Gıda Hay. Nak. San. ve Tic. Ltd. Şti.,37.754928,38.234209,Aytemiz,True,False
Bera Akar.Taş.Loj.İnş. Enerji Üretim Kuyum.VeTic.Paz.Ltd.Şti,37.745212,38.250435,Aytemiz,True,False
TG Akaryakıt Enerji İnş.Taş. Gıda Taah. San. Ve Tic.Ltd.Şti,37.774176,38.271625,Aytemiz,True,False
GGG Otomotiv-7 Taşımacılık San Ve Ticaret Anonim Şirketi,37.735417,37.566429,Aytemiz,True,False
Hisar (3 Sultandağı) Taş.Akar.Tesis İşlt.Ve Oto San.Tic.Ltd.Şti.,38.509429,31.259818,Aytemiz,True,False
Dalyanpet Petrol Ürünleri Otel.İnş.San.Tic.Ltd.Şti.,38.302204,30.192199,Aytemiz,True,False
Şuhut Bel Petrol Ve Pet.Ürn.Taş.Tem Gıd.Hayv.Et Ve Et Ürn.Taah.San.Ve,38.531941,30.549355,Aytemiz,True,False
Özturunç Petrol Ve Akaryakıt Ür. San. Tic. Ltd. Şti,38.766068,30.541196,Aytemiz,True,False
Sedef Akaryakıt Ürünleri San Ve Ticaret Limited Şirketi,38.591636,30.947046,Aytemiz,True,False
Kokkokoğlu Petrol Ürü. San. Ve Ticaret Limited Şirketi,38.4601,30.2611,Aytemiz,True,False
Özel Park Benzin İst.Gıd.Tur. İnş.Oto.San.Tic.Lt,39.015895,30.269367,Aytemiz,False,False
Çakıcıoğlu Akr.Nak.Mermer Tav. Oto.Ve.İnş.Taah.San.Tic.Ltd.Şt,38.7549,30.5593,Aytemiz,True,False
Yüntaş Akar. 1 Gıd. İç. Tur. Mer Elekt. Nak. San Tic A.Ş.,38.76549,30.53004,Aytemiz,True,False
Yüntaş Akar. 2 Gıd. İç. Tur. Mer Elekt. Nak. San Tic A.Ş.,38.7703,30.5429,Aytemiz,True,False
Abdullahoğulları (2 Merkez ) Gıda Pet.Ltd.Şti.,39.716325,43.050345,Aytemiz,True,False
Buras Pet. İnş.Gıda Tek.Nak.Turizm Ve Tic.Ltd.Şti.,39.719417,43.018698,Aytemiz,True,False
MSA Petrol İnşaat Enerji Gıda Turiz San.Tic.Ltd.Şti,39.712411,43.101616,Aytemiz,True,False
Fevzi Budak,39.632814,43.388915,Aytemiz,True,False
Aslandağ Petrol Enrj. İnş. Mad Lojistik Limited Şirketi,39.798363,42.667237,Aytemiz,False,False
Şanlı Halı Katı Yakıt Tarım Petrol San.ve Tic.A.Ş,38.2492,33.5331,Aytemiz,True,False
Savullar Petrol Sanayi ve Ticaret Limited Şirketi,38.380859,34.09152,Aytemiz,True,False
Dr Akalın Petrol Sanayi Ticaret LTD. ŞTİ.,38.426912,34.098835,Aytemiz,True,False
Babacanlar Map Petrol Akaryakıt Ürn.San.Tic.Ltd.Şti.,38.2139,34.0197,Aytemiz,True,False
Es Kırlı Tarım Hayvancılık Pet Nakliye İnşaat Anonim Şirketi,38.399267,33.404145,Aytemiz,True,False
Altın Hazır Beton İnşaat Madn.Hayv.Nakl.Ltd.Şti.,38.461427,33.916844,Aytemiz,True,False
GGG Otomotiv -1 Taş.San.Tic.A.Ş,38.341817,34.046549,Aytemiz,True,False
Altınkaynaklar Akaryakıt Hayvancılı Taş. İnş. San. ve Tic. LTD. ŞTİ.,40.4552,36.1069,Aytemiz,True,False
Başak Petrol-2 Ürünleri Otelcilik S Ve Ticaret Limited Şirketi,40.7332,36.3705,Aytemiz,True,False
Başak Petrol-3 Ürünleri Otelcilik S Ve Ticaret Limited Şirketi,40.7312,36.3809,Aytemiz,True,False
Zafer Tayyar Şahin Petrol Ürn. San.Tic.Ltd.Şti.,40.395634,35.523868,Aytemiz,True,False
On Akaryakıt Nakliyat Turizm İnş.San.Tic.Ltd.Şti,40.6715,35.8322,Aytemiz,True,False
Ufuk Arslan,40.797141,35.668874,Aytemiz,True,False
Öztürkoğulları Pet. Ürün.Tic.Ltd.Şt,40.042684,32.916254,Aytemiz,True,False
Aytemiz (Beştepe-Ankara) Petrolcülü Tic.Ltd.Şti,39.922953,32.802649,Aytemiz,False,False
Güntekinler Petrol Tic.ve San. Ltd.,39.842935,32.545957,Aytemiz,True,False
Akkaya Petrol Tarım Ürünleri Nak. İ San. ve Tic. Ltd.Şti.,39.609591,32.125753,Aytemiz,True,False
Çalışkan Grubu Petrol Nakliyat Tica Ltd.Şti.,39.936322,33.022257,Aytemiz,True,False
Babaoğlu Petrol Ticaret Ve San. Ltd,39.707063,32.280363,Aytemiz,True,False
Aytemiz (Etlik) Petrolcülük Tic.Ltd.Şti.,39.982294,32.835036,Aytemiz,True,False
Öz Hasanoğulları Petrol Gıda Taşıma İnşaat Tekstil Sanayi Ve Ticaret L,40.225704,33.023728,Aytemiz,True,False
Tpk Petrol Otomotiv Turizm İnşaat S  Ve Ticaret Limited Şirketi,39.910782,32.892503,Aytemiz,True,False
YKD Enerji (2 Yenimahalle) Ticaret Anonim Şirketi,39.970252,32.770588,Aytemiz,True,False
Adk Grup Petrol Ürünleri Nakliyat İ Taahhüt Tur.Gıda San. Ve Tic. Ltd.,40.13607,33.090892,Aytemiz,True,False
Sedad Altıntop Nakliyat Madencilik Tekstil San.İth.İhr.Ve Tic.Ltd.Şti.,39.7129,32.8142,Aytemiz,True,False
Mehmet Ercan Boran,39.942474,32.887015,Aytemiz,True,False
Yay Gruop Petrol Nakliye İnşaat Tur İml.İth.İhr.San. ve Tic.Ltd.Şti,40.130306,32.985705,Aytemiz,True,False
As Koçlar Akaryakıt İnşaat Otomotiv Sanayi ve Ticaret Ltd. Şiti.,39.704661,32.277714,Aytemiz,True,False
Kadooğlu-1 İnşaat Gıda San ve Ticaret İth. İhr. A.Ş.,39.9595,32.8106,Aytemiz,True,False
Kadooğlu - 2 Petrol İnşaat Gıda San Ticaret İthalat İhracat A.Ş,39.9683,32.6084,Aytemiz,True,False
Özkonak Akaryakıt İnşaat Nak. San. ve Tic. Ltd Şti.,39.97473,32.592533,Aytemiz,True,False
Demsa Akaryakıt İnş. San. Tic. Anonim Şirketi,39.971239,32.771081,Aytemiz,True,True
Avcı Petrol-2 Sanayi Ve Ticaret Ltd.Şti,39.909283,32.985841,Aytemiz,True,False
Sarıhan Nakliyat Akaryakıt Gıd Turz.Tic.Ltd.Şti,39.91805,32.827993,Aytemiz,False,False
Çelik Kardeşler Petrol Sanayi Ve Ticaret Limited Şirketi,40.1006,32.0376,Aytemiz,True,False
Merense Enerji -1 Tic.San.Ltd.Şti Limited Şirketi,39.9477,32.707,Aytemiz,True,False
İstay İnşaat Petrol İthalat İhrc.Ltd.Şti.,39.949515,32.738665,Aytemiz,True,False
Kristal Gaz-İş -3 Oto.Taş.Tic.San.Ltd.Şti,39.5726,32.0997,Aytemiz,True,False
GGG Petrolleri - 3 San.Tic.A.Ş.,40.07831,33.01076,Aytemiz,True,False
Celal Özdemir Petrol Ticaret San.Ltd.Şti,39.9395,32.8794,Aytemiz,False,False
Kemal Altınok Ve Oğulları Petrol Turz.Taş.Tic.Ltd.Şti.,39.826684,32.575329,Aytemiz,True,False
AYK Madeni Yağ Pet. İnş. Tur. Oto. San. Tic. Ltd. Şti.,40.182944,32.68707,Aytemiz,True,False
Atahasan Taşımacılık Gıda Canl Hayv.Tar.Ütn.San.Tic.Ltd.Şti.,40.016078,32.826531,Aytemiz,True,False
Kerimağa Akaryakıt LPG Gıd. Eml.Tar.Hayv.Nak.San.Tic.,40.0448,32.5046,Aytemiz,True,False
Kace Petrol Sanayi Ve Tic. A.Ş.,39.934363,32.92094,Aytemiz,True,False
Ayka Taşımacılık Otomotiv İnş.Hayv.Temz.San.Tic.Ltd.Şti.,40.185082,33.02326,Aytemiz,True,False
Senekçiler Petrol San.Ve Tic.Ltd.Şt,36.864444,30.784887,Aytemiz,True,False
Silyon Akaryakıt Otomotiv Gıda İnş. Ltd. Şti.,36.901097,30.761256,Aytemiz,False,False
Sönmez Su Ürn.Asfalt Akar.Kırtasiye Özel Eğit.Yay.Taşımacılık Tarım,36.283626,32.299957,Aytemiz,True,False
Güleç Petrol (1 Merkez) Tic. Nak.İnş.Paz.Ltd.Şti,36.924713,30.731857,Aytemiz,True,False
Güleç Petrol (2 Kepez) Tic.Nak. İnş.Paz.Ltd.Şti,36.993051,30.717254,Aytemiz,True,False
Güleç Petrol (3 Merkez) Tic.Nak. İnş.Paz.Ltd.Şti,37.115668,30.608785,Aytemiz,True,False
Güleç Petrol (4 Cevizli) Tic.Nak. İnş.Paz.Ltd.Şti,37.195569,31.766438,Aytemiz,True,False
Üç özkanlar Gıda pet.Ür.Tur.Ltd.Şti,37.033225,30.599694,Aytemiz,False,False
Topçuoğlu Koll. Şti. Hasan Ünal ve,36.865415,31.268975,Aytemiz,True,False
İrfan Yılmaz-Yılmaz Petrol,36.382525,32.193555,Aytemiz,True,False
Aytemiz (Antalya) Petrolcülük Ticar Ltd.Şti.,36.904042,30.716754,Aytemiz,True,False
Hal Birlik Petrolcülük Turizm İnş. Orman Ve Su Ürünleri Sanayi Ve Tic.,36.923959,30.744616,Aytemiz,True,False
Krompet Petrol İnşaat Ticaret Sanay  Anonim Şirketi,36.933251,30.654176,Aytemiz,True,False
Yusuf Albayrak Petrol İnşaat Emlak Ticaret Ve Sanayi Limited Şirketi,37.056525,30.595952,Aytemiz,True,False
Gsr Otomotiv İnşaat Petrol Turizm Ticaret Ve Sanayi Limited Şirketi,36.542112,32.034326,Aytemiz,False,False
Kepezler (1 Kepez) İnş. Emlak Gıda Taahhüt Ticaret Turizm Ve San.Ltd.Ş,36.931178,30.771746,Aytemiz,True,False
İstanbul Petrol Gıda İnşaat Ticaret Limited Şirketi,36.939737,30.928527,Aytemiz,True,False
Yardan Oto Alım Satımı Nakliye Akar Otogaz Bayiliği İnş.Taah.Tur.Tic.L,36.921724,31.04147,Aytemiz,True,False
Kepezler (2 Elmalı) İnş. Emlak Gıda Taahh.Tic. Tur.Ve Sanayi Limited Ş,36.85801,30.026943,Aytemiz,True,False
Antalya Kepezler Petrol A.Ş,36.847212,30.61472,Aytemiz,True,False
Hocaoğlu Gıda Mad.Ve Pet.Ürn.San.Tu Taah.Tic.Ltd.Şti,37.010956,30.365606,Aytemiz,True,False
Yorgancıoğlu Petrol Ürünleri Day.Tü İnş.Tur.Gıd.San Ve Tic.Ltd.Şti,37.086533,30.204194,Aytemiz,False,False
Yardan Oto-2 Alım Satımı Nk. Akary. Otogaz Bayi İnş.Taah.Tur.Tic.Ltd.Ş,36.914308,31.123928,Aytemiz,True,False
Göçmentürk Day.Tük.Mal.Tic.Ve Tur.L,36.4232,32.1828,Aytemiz,True,False
Esen Deniz Petrol Lojistik Sanayi v Ticaret Limited Şirketi,36.546948,31.987778,Aytemiz,False,False
Antalya Kepezler 2 Petrol Anonim Şi,36.66175,30.549487,Aytemiz,True,False
Mkz Madencilik Sanayi ve Ticaret Anonim Şirketi,36.919003,30.666611,Aytemiz,True,False
Toksöz Petrol İnşaat Turizm Ve Tica Ltd. Şti.,36.357761,32.234579,Aytemiz,True,False
Akkoyunlular Gıda Petrol Dış Ticare Sanayi Ve Pazarlama Limited Şirket,36.3511,30.3021,Aytemiz,True,False
Özdağlar Ener. Pet. Tur. İnş. Gıd. Oto. İth. İhr. Tic. Ltd.,36.902192,30.734419,Aytemiz,True,False
Karaöz Petrol Turizm Sanayi ve Ticaret Limited Şirketi,37.17662,30.783772,Aytemiz,True,False
Balcıoğlu Akaryakıt Sanayi ve Ticaret Limited Şirketi,36.914044,31.144052,Aytemiz,True,False
Mevlana Pet.Ürün.Tur.Taş.Paz. İnş.Tic.Ltd.Şti,37.092657,30.620318,Aytemiz,True,False
Ulukan Petrol Madencilik Gıda Sanayi Ve Ticaret A.Ş,36.800616,31.402187,Aytemiz,True,False
Mehmet Kıraç Pet. Ürün Oto. Tur. Sey. San Tic. A.Ş.,36.9397,30.8202,Aytemiz,True,False
Kristal Gaz-İş-6 Oto. ve Taş. Tic. Ve San. Limited Şirketi,36.723338,31.555073,Aytemiz,True,False
GGG Petrolleri-6 Sanayi Ve Tic Anonim Şirketi,36.973368,30.623601,Aytemiz,True,False
İsmail Acar-Osman Acar,36.36747,30.282928,Aytemiz,False,False
MKZ Madencilik-2 Sanayi Ve Tic. Anonim Şirketi,36.984394,30.625795,Aytemiz,True,False
Gündoğdular Gıda San.Tic.Ltd.Şti.,41.099905,42.717852,Aytemiz,True,False
Savaş Aydın,41.231968,42.85256,Aytemiz,False,False
Makrom Turizmi İnş.Gay.Pet.San. Tic.Ltd.Şti,40.78778,42.631119,Aytemiz,True,False
Özcan Petrol Ürün.Otom.San.Tic.Ltd.,41.177986,41.842983,Aytemiz,True,False
Turan Yiğit,41.123321,42.065039,Aytemiz,True,False
Hayrettin Kaya,40.984353,41.756094,Aytemiz,True,False
Koyuncular Akaryakıt İnşaat Tur.ve Tic.Ltd.Şti,41.3867,41.4115,Aytemiz,True,False
ÖZ-AY Petrol İnşaat San. Müh. Tur. İç. ve Dış Tic. Ltd. Şti,41.194311,41.876207,Aytemiz,True,False
Arıcı Petrol ve İnşaat Tic.Ltd.Şti.,37.853516,27.259839,Aytemiz,True,False
Kristal Gaz - İş Otomotiv Ve Taşıma Ticaret Ve Sanayi Limited Şirketi,37.882315,28.145677,Aytemiz,True,False
Ali Uğuz - Oğuz Petrol,37.711727,28.696115,Aytemiz,True,False
Ramak Yapı İnş.Oto.San.Ve Tic.Ltd.Ş,37.799472,27.28456,Aytemiz,True,False
Gazi Nur Petrol Taşımacılık Tem.İnş San. Ve Tic.Ltd.Şti,37.777541,27.45076,Aytemiz,True,False
Karagöz İnşaat Petrol Yerli Ürünler ret Sanayi ve Taşımacılık Limited,37.8671,28.1196,Aytemiz,True,False
Didim Aras Enerji Petrol Ürün. San. Ve Tic. Limited Şirketi,37.480881,27.338715,Aytemiz,True,False
Çağpet Pet -2 ve Pet. Ürün. Tur. Gıd.Nak.Danışm. San.ve.Tic.,37.9131,28.5911,Aytemiz,True,False
Çağpet Pet -3 ve Pet. Ürün. Tur. Gıd.Nak.Dan. San.ve.Tic.A.Ş,37.760757,27.691211,Aytemiz,True,False
Naci Helvacı Petrol Limited Şirketi,37.870925,27.618204,Aytemiz,True,False
Dinçler Mad.Müh.İnş.Pet.Med.Na Organizatrlk Paz.İth.İhr.San.T,37.670762,28.016409,Aytemiz,True,False
Sedef Akaryakıt-4 Ürün. San. Ve Ticaret Limited Şirketi,37.852483,29.970317,Aytemiz,True,False
Bilgiçler Akaryakıt Kuyumculuk Tarı Hayvancılık Sanayi Ve Ticaret Ltd.,40.141438,27.644285,Aytemiz,True,False
Tombaş Petrol (1 Susurluk) Tur.Gıda İnşaat Nakliyat Sanayi ve Tic.Ltd,39.965667,28.170086,Aytemiz,True,False
Ömer Erhan Özaydın Ve Ortağı Kollektif Şirketi,39.550715,27.094162,Aytemiz,True,False
Tombaş Müh.İnş.Akaryakıt Turizm San.Ve Tic.A.Ş.,39.875706,28.167797,Aytemiz,True,False
Girginler Petrol Ürünleri Sanayi ve Ticaret Limited Şirketi,39.233469,28.180956,Aytemiz,True,False
Ömer Erhan Özaydın-2 ve Ortağı Koll Şirketi-,39.582161,27.032093,Aytemiz,True,False
Ventus Petrol Limited Şirketi,40.128121,27.673305,Aytemiz,True,False
BSMerinos Madeni Yağlar Gıda Pet.Ürn.Enrj.Ürt.San.Ltd.Şti,39.5951,27.4987,Aytemiz,True,False
Güvenli Liman Akaryakıt Den. Gıd.Tar.Oto.İnş.San.Tic.Ltd.Şt,40.302857,28.025828,Aytemiz,True,False
Ekaş İnşaat Taahhüt Müh.Pet. Ürn.San.Tic.A.Ş,39.6533,27.9242,Aytemiz,True,False
Yağmursu Petrol Ürn.Köm.İnş. Nak.Gıd.Oto.Kuy.İth.İhr.San.Ti,39.677986,27.94402,Aytemiz,True,False
Balıkesir Onur Süt Ve Petrol Ürn.İnş.San.Tic.Ltd.Şti.,39.5593,27.9805,Aytemiz,False,False
Gömeç Akaryakıt Sanayi Ve Tic. Ltd.Şti,39.3895,26.8376,Aytemiz,True,False
Demta Petrol Nakliyat San.Tic.Ltd.Ş,37.90726,41.116105,Aytemiz,True,False
Rabia Kayık (Kayık Petrol),37.8849,41.1364,Aytemiz,True,False
Özbekoğlu Petrol İnşaat Nakliyat Otomotiv Gıda İthalat İhracat Ltd.Ş,40.268984,40.197747,Aytemiz,True,True
Efak Petrol Turizm Seyahat Taşıma B  İnşaat Limited Şirketi,40.254318,40.225899,Aytemiz,False,False
Güneş Mad.San. Ve Tic.Ltd.Şti.,40.013381,30.190446,Aytemiz,True,False
Başaranlar Oto Sanayi ve Ticaret İmroz Özdemir Ve Ortakları Kollekti,40.0903,30.0105,Aytemiz,True,False
İstanbul Özteknik Hırdavat Sanayi V A.Ş,40.161961,29.977857,Aytemiz,True,True
Güvence Petrol Ürünleri Paz.San.Tic Ltd. Şti.,39.923257,30.010816,Aytemiz,True,False
Sedef Akaryakıt-5 Ürün. San. Ve Ticaret Limited Şirketi,39.909077,30.019969,Aytemiz,True,False
Baynal İnşaat Otomotiv Gıda Eğitim Turizm Enerji Tic ve San Ltd Şti,38.967217,40.662761,Aytemiz,True,False
Harmancı Petrol Ürünleri Nakliye Sa Ve Ticaret Limited Şirketi,39.284879,41.000257,Aytemiz,True,False
Felemez Kök,38.422957,42.12471,Aytemiz,True,False
Mecitoğulları Orman Ürünleri İthala İhracat Sanayi ve Ticaret Limited,38.406755,42.110877,Aytemiz,True,False
Mecitoğulları 2 Orman Ürünleri İtha İhracat Sanayi ve Ticaret Limited,38.3454,42.112998,Aytemiz,True,False
Yeke Pusula Petrol San. Ve Tic. Ltd. Şti.,38.578471,42.015479,Aytemiz,True,False
Kenan Genç,38.501885,42.281463,Aytemiz,True,False
Hamamcıoğlu Sağlık Sanayi Ve Ticaret Limited Şirketi,40.70305,31.618289,Aytemiz,True,True
Özkudret-2 İnş.Gıda Akar. Nak Sanayi ve Ticaret Limited Şirk,40.758042,31.924102,Aytemiz,True,False
Çavuşoğlu Petrol Ürünleri Gıda Tarı Nak.Oto.İnş.Turizm Ticaret  Ltd.Şt,37.529096,30.497184,Aytemiz,True,False
Alyam Akaryakıt Nak.San.Ve Tic.Ltd.,37.800652,30.38734,Aytemiz,True,False
Yamanlar Petrolcülük İnş. Nak. Tur. San. ve Ltd. Şti.,36.982528,29.410762,Aytemiz,False,False
İdeal Petrol Tic.Ve San.A.Ş,40.292743,29.057521,Aytemiz,False,False
Şahin Petrol Gıda San. Ve Tic.Ltd.Ş,40.229891,29.156242,Aytemiz,False,False
Aman Petrol Ür.ve Turz. ve Tic. San,40.193905,29.067849,Aytemiz,False,False
MZB Akaryakıt Nakliye - İnşaat ve Otomotiv San. ve Tic.Ltd.Şti.,40.45739,29.288964,Aytemiz,True,False
Tombaşlar Akaryakıt Gıda Nakliye İn Turizm Ticaret ve Sanayi Ltd Şti,40.204976,29.344478,Aytemiz,True,False
Birinciel Kollektif Şirketi - Ali Birinciel Ve Ortaklari,40.033408,28.376091,Aytemiz,True,False
Aytemiz (OHT4-Sol) Petrolcülük Tic.Ltd.Şti,40.231837,28.781356,Aytemiz,True,True
Aytemiz (OHT3-Sağ) Petrolcülük Tic.Ltd.Şti,40.232193,28.78002,Aytemiz,True,False
Sait Ak - Ak Petrol,40.205994,29.120147,Aytemiz,True,False
Aytemiz (Mehmetçik Sağ - 30) Petrol Tic.Ltd.Şti.,40.252262,28.450323,Aytemiz,True,True
Aytemiz (Mehmetçik Sol - 31) Petrol Tic.Ltd.Şti.,40.250604,28.453876,Aytemiz,True,True
Skypet Petrol Nakliye İnşaat Turizm Gıda Sanayi Ticaret Limited Şirket,40.2725,28.839797,Aytemiz,True,False
Otopet Petrolcülük Anonim Şirketi,40.288246,29.658531,Aytemiz,True,False
GMS Akaryakıt İnş.Gıd.Mad.İth.İhr.S Tic.Ltd.Şti,40.519651,29.315047,Aytemiz,True,False
Yamanlar Grup Petrol İnşaat Nak.San.Tic.Ltd.Şti.,40.04746,29.589996,Aytemiz,True,False
Ostaş Otomotiv Gıda Sanayi Ve Ticaret Anonim Şirketi,40.2339,29.0632,Aytemiz,False,False
Abdullah İzgi Pet.Tur.İnş.Nak Mad. Oto. San. Ve Tic. Ltd.Şti,40.06094,29.580383,Aytemiz,True,False
Tuncay Sezer Petrol Akar. Taş. İnş. Tur. Ve Tic. Ltd. Şti.,39.913762,26.301492,Aytemiz,False,False
Ay-Toklar 2 Mob.Gıda Tar.Tur.Taş.İn Yurt İşl. San.Ve Tic.Ltd.Şti,39.508893,26.385242,Aytemiz,True,True
İlkin-2 Lojistik ve Ticaret Anonim Şirketi,40.144665,26.461853,Aytemiz,True,False
TRA Enerji Limited Şirketi,40.003076,27.034537,Aytemiz,True,False
Dardanos Petrol İnşaat Taşıma. Turz.San.Tic.Ltd.Şti.,40.192282,26.511125,Aytemiz,True,False
Recla Teknoloji - 2 Anonim Şirketi,39.839547,26.046173,Aytemiz,False,False
Modoğlu Enerji Sanayi ve Tic. A.Ş.,40.520201,26.743866,Aytemiz,True,False
Kurşunlu Petrol San.Tic.Ltd.Şti.,40.842674,33.266811,Aytemiz,True,False
Sevindim Akar.Nak.Oto.Demir Çelik Ü İnş.Mad.Gıda Hayvan.Tarım Ve San.L,40.560216,33.611097,Aytemiz,True,False
Ulupınar Petrol Ürünleri İnşaat San Ve Ticaret Limited Şirketi,40.908877,33.62162,Aytemiz,True,False
Şah İkiz Akaryakıt İnşaat Sanayi Ve Ticaret Limited Şirketi,40.727202,33.525428,Aytemiz,True,False
Özkudret İnşaat Gıda Akaryakıt Nak.San.Tic.Ltd.Şti,40.819157,32.88838,Aytemiz,True,False
Selin Tuğla Kiremit Petrol Tic.Ltd.,40.554737,34.924581,Aytemiz,True,False
Ulusaloğlu Petrol Nak. San.Tic.Ltd.,40.164573,34.38611,Aytemiz,True,False
Zeki Ocaklı,40.158149,34.36445,Aytemiz,True,False
Karakaşlar Traktör Anonim Şirketi,40.97145,34.819024,Aytemiz,True,False
Zirvem Oto Akaryakıt Ticaret Ve San Limited Şirketi,40.61273,35.161826,Aytemiz,True,False
Canbek Petrol Ürünleri İnşaat Nakiliyat San. ve Tic. Ltd Şti,40.49351,34.903292,Aytemiz,True,False
Çelikler Çeltik Tarım Ürünleri Paz. San. ve Tic. Ltd. Şti.,41.137501,34.472702,Aytemiz,True,False
As Koçlar-2 Akar. İnş. Oto. San. Ve Tic. Ltd. Şti.,40.420554,34.758066,Aytemiz,False,False
Merense Enerji -2 Tic.San. Limited Şirketi,41.046225,34.560416,Aytemiz,True,False
Sedal Gayrimenkul Petrol Ürn.Gıd.Turz.San.Tic.A.Ş.,40.9723,34.8225,Aytemiz,True,False
Bıyıkoğlu Petrol Sanayi Tic.Ltd.Şti.,40.544263,34.926782,Aytemiz,False,False
Zeki Petrol Akaryakıt Nakl.Gıda Tar Oto. İt. Ve İhr. San. Ve Tic.Ltd.Ş,38.292571,29.724182,Aytemiz,True,False
İnan Petrol (2 Merkez) Ürünleri Nak. İnş. Malz.San ve Tic. Ltd.Şti.,37.735256,29.12059,Aytemiz,True,False
İnan Petrol (3 Merkez) Ürünleri Nak. İnş. Malz.San ve Tic. Ltd.Şti.,37.783943,29.0116,Aytemiz,True,False
Büyüktarakcı Otomotiv Sanayi Ve Ticaret Limited Şirketi,37.87816,29.00713,Aytemiz,False,False
Yeşil Fidan Tarım ve Pet. Ticaret Limited Şirketi,37.828743,29.558447,Aytemiz,True,False
Yeşil Fidan Tarım ve Pet.-2 Ticaret Limited Şirketi,37.493452,28.95089,Aytemiz,True,False
Huzurkılınç Gıda Pet.Ürün.Tic.Ltd.Ş,38.23222,39.79222,Aytemiz,True,False
Köprü Petrol İnşaat San.Tic.Ltd.Şti,37.94702,40.236999,Aytemiz,True,False
Eren Petrolcülük Turizm Ve Tic.Ltd.,37.810305,40.331403,Aytemiz,True,False
Miranlı Tanrıverdi Pet.Oto.İnş Nak.GıdaSanTic.İth.İhr.Ltd.Şti,37.944,40.1852,Aytemiz,True,False
Öz Miranlı Pet.Tarı.Gıd.İnş. Ener.İth.İhr.San.ve Tic.Ltd.Şt,37.921178,40.145709,Aytemiz,True,False
Akçakoca Özdemir Petrol Ve Ticaret Limited Şirketi,41.083637,31.143429,Aytemiz,True,False
Hamamcıoğlu Sağlık 2 San. Ve Tic. L,40.827865,31.189182,Aytemiz,True,False
Çebi81 Akaryakıt Otomotiv Ticaret Limited Şirketi,40.862632,31.167912,Aytemiz,True,False
Bulut Global Lojistik Uluslararası -yat ve Petrol Ürünleri Ticaret Ltd,40.775928,31.303123,Aytemiz,True,False
Çebi Akaryakıt-2 Kaf. Hiz. Taş Hiz. San. Tic. Ltd.,40.925511,31.145323,Aytemiz,True,False
Düzce Yeşil Petrol Anonim Şirketi,40.839261,31.177526,Aytemiz,True,False
Emel Elektrik Akarakıt Tic.Ltd.Şti.,41.656812,26.581598,Aytemiz,True,False
Polatcan Akaryakıt San.Ve Tic.Ltd.Ş,40.874744,26.642195,Aytemiz,False,True
Bereket Yağ Akaryakıt Petrol Ürünle Ticaret ve Sanayi Limited Şirketi,41.684281,26.585537,Aytemiz,True,False
Isıpet Turizm Akaryakıt Limited Şir,41.505779,26.89835,Aytemiz,False,False
Rmg Akaryakıt Gıda Turizm İnşaat Ür Sanayi ve Ticaret Limited Şirketi,41.865802,26.702836,Aytemiz,True,True
Free Lojistik (2) Akaryakıt Pazarla Ticaret Ltd.Şti.,41.668852,26.554922,Aytemiz,True,False
Hüseyin Can Petrol Gıda Nak. Tic. Ltd. Şti.,41.7066,26.3902,Aytemiz,False,False
Aras Petrol Ürünleri Turz.Spor Dinl.Tes.Paz.Tic.Ltd.Şti,41.2122,26.6797,Aytemiz,False,False
Gökkuşağı Petrol İnşaat Turizm Ticaret ve San.Ltd.Şti.,41.691401,26.544571,Aytemiz,True,False
Emre Güler,41.765555,26.907663,Aytemiz,False,False
Cenk Kondal Petrol İnşaat ve Turizm Anonim Şirket,41.663344,26.576461,Aytemiz,True,False
Tuzsuzoğlu Petrol Otomotiv Nak.İnş. Gıda San.ve Tic.Ltd.Şti.,38.63814,39.117215,Aytemiz,False,False
Alken İnş.San.Ve Tic.Ltd.Şti.,38.648459,39.136961,Aytemiz,True,False
Efetürk Petrol Otom.İnş.Nak.Tar.Hay Süt Ürün.Gıd.Tic.ve San.Ltd.Şti.,38.686565,39.080811,Aytemiz,True,False
Uğur Mehmet Şen (1 Akçakiraz),38.602552,39.254933,Aytemiz,True,False
Aliağam Petrol İnşaat Taahhüt Turizm Anonim Şirketi,38.638079,39.24322,Aytemiz,True,False
Uğur Petrolcülük Ve Nakliye Sanayi Ticaret Limited Şirketi,38.543347,39.039909,Aytemiz,True,False
Usre Petrol Sanayi Ve Ticaret Limit Şirketi,38.7346,39.9019,Aytemiz,True,False
Aytemiz (Elazığ) Petrolcülük Tic.Ltd.Şti,38.686171,39.224724,Aytemiz,True,False
Busel Pet. İnş. Üretim Paz. İhr.İth.San. ve Tic. Ltd. Şti.,38.66397,39.244158,Aytemiz,True,False
Har Grup Yemek Organizasyn Gıd Ürn.İnş.San. ve Tic. Ltd.Şti.,39.807101,39.365183,Aytemiz,True,False
Zorlular Oto. Pet. Ürün. San. Ve Tic. Ltd. Şti.,39.6583,39.5003,Aytemiz,True,False
Özkonak Akaryakıt-3 İnş.Nak.San. Tic.Ltd.Şti.,39.782186,39.397997,Aytemiz,True,False
Bizim Petrol Gıda Kuy.Nak.Seyahat San.Ve Tic.Ltd.Şti.,40.279371,41.558456,Aytemiz,True,False
Erzurum Petrol Bingöller Akar.Ltd.Ş,39.946981,41.290278,Aytemiz,True,False
Memişoğlu Beton Asfalt Yol Yapı Mad İnş.Taah.Petrol Ürün.San.ve Tic.A.,39.962398,41.208366,Aytemiz,True,False
Cahit Yazıcı - Cihan Petrol,39.976885,41.663023,Aytemiz,True,False
Erdemsu Gıda Ambalaj Enerji Otomoti Petrol Pazarlama San.Ve Tİic.Ltd.Ş,39.935924,41.284682,Aytemiz,True,False
Metehan Atmaca,40.571796,42.016307,Aytemiz,True,False
Hulusi Sırmacı (1 Palandöken) Petro Ürün.İnş.Taah.Taş.San.Ticaret Ltd.,39.886534,41.270629,Aytemiz,True,False
Şahiner Petrol (1 Köprüköy) Ürün.Ot Gıda İnş.Taahhüt Tic.Ve San.Ltd.Şt,39.963637,41.895289,Aytemiz,True,False
Şahiner Petrol (2 Köprüköy) Ürün.Ot Gıda İnş.Taahhüt Tic.Ve San.Ltd.Şt,39.765209,41.807218,Aytemiz,False,False
Reşber Kömür Nak. İnş.Taah.Pet.Hayv San.Ltd.Şti,39.898808,41.200116,Aytemiz,True,False
Cemilbeyoğulları Kuyumculuk Petrol Gıda Temizlik İnş.Tic.San.ve Paz.Lt,39.8996,41.2849,Aytemiz,True,False
Fatih Kollektif Şirketi- Naci Sevim -Sevim Sevim,39.937898,40.73385,Aytemiz,True,False
Öz Efendioğulları Tem. Hiz. Petrol Gıda Mad.Tur.Tar.veHayv.Tic.veSan.L,39.990036,41.528542,Aytemiz,True,False
Muhammet Emin Sarı,39.611387,40.976946,Aytemiz,True,False
Aşkale Yönetim Hizmetleri ve Danışmanlık A.Ş.,39.938821,40.735353,Aytemiz,False,False
Aksa Mark. Teks. Gıd. Tur. Pet Ür. İnş. Taah. San. Tic. A.Ş.,39.886,41.2388,Aytemiz,True,False
Aytemiz (Yakutiye) Petrolcülük Tic.Ltd.Şti.,39.90981,41.286242,Aytemiz,True,False
Aytemiz (Aziziye) Petrolcülük,39.920757,41.198469,Aytemiz,True,False
Hulusi Sırmacı Petrol 2 Ürn.İnş.Taah.Taş.San.Tic.Ltd.Ş,39.941881,41.118392,Aytemiz,True,False
Çevikler İnşaat Taah.Madn.Enrj Ürt.Dağ.Pet.Tic.Ltd.Şti.,39.929129,41.284376,Aytemiz,False,False
Ömer Bülent Ünal,39.443077,30.688759,Aytemiz,True,False
Hamid Yüzügüllü,39.438199,31.530564,Aytemiz,True,False
Mehmet Yatır Petrol Ürünleri Dayanı Tüketim Malları Ticaret Ve San.Ltd,39.379437,31.036944,Aytemiz,False,False
Konpet Dinlenme Tesisleri ve Akaryakıt Limited Şirketi,39.641229,30.800372,Aytemiz,True,False
Konpet-2 Dinlenme Tesisleri Ve Akaryakıt LTD. ŞTi.,39.845383,30.281432,Aytemiz,True,False
Cansa Akaryakıt Sanayi Ve Ticaret Limited Şirketi,39.521397,31.621989,Aytemiz,True,False
Akkaya-2 Petrol Tar. Ürn.Nak.İnş Sanayi Ve Ltd. Şti.-2,39.776783,30.528694,Aytemiz,False,False
Dalgıç Taşımacılık Petrol Ürün.Ltd.,37.060303,37.409401,Aytemiz,True,False
Hayatkent Petrol Nakliyat Gıda Sana Ticaret Limited Şirketi,37.050358,37.433365,Aytemiz,True,False
Ayopet Pet.İnş.Tar.Ür.San.Ltd.Şti,37.054956,37.507795,Aytemiz,False,False
Ersel Akaryakıt Petrol Ür.San.Ltd.Ş,37.070982,37.3876,Aytemiz,True,False
İmza Petrol Nakliyat San.Ve Tic.Ltd,36.989943,37.770199,Aytemiz,False,False
Güç Petrol Taşımacılık Ve Otomotiv Ticaret Limited Şirketi,37.046987,37.363909,Aytemiz,True,False
Dalgıç Lojistik Uluslararası Taşıma Petrol Ürünleri Pazarlama Tic.Ltd.,37.031384,37.358259,Aytemiz,True,False
Fakılı (2 ŞehitKamil) Otobüscülük Pazarlama İnşaat Ltd.Şti.,37.078447,37.394878,Aytemiz,True,False
Fakılı (3 ŞehitKamil) Otobüscülük Pazarlama İnşaat Ltd.Şti.,37.091653,37.412823,Aytemiz,True,False
Rehaçetin Petrol İnş.Gıd.Nak. San. ve Tic. Ltd.Şti,37.0284,37.7818,Aytemiz,True,False
Murat Türkel Petrol Gıda Nak. İnş.İhr.San. Ve Tic. LTD ŞTİ.,36.992925,37.657957,Aytemiz,True,False
ALD Akaryakıt İnş. Pet. İç Ve Dış. Tic. San. Ltd. Şti.,37.100194,37.43422,Aytemiz,True,False
Nazar Akaryakıt Petrol Oto. San. Tic. Ltd. Şti.,37.065737,37.63224,Aytemiz,True,False
Zorbey İnş.Nak.Oto. Petrol Tem İth.İhr.ve San.Tic.Ltd.Şti.,36.7097,37.1933,Aytemiz,True,False
Çağpet Pet. Ür. Paz. Taş. Gıd. San. Tic. Ltd. Şti.,37.1813,37.2758,Aytemiz,True,False
Askoç Din.Tes. 1 Pet.Nak.Gıd.Tur İnş.San.Tic.Ltd.Şti,37.0551,37.5399,Aytemiz,True,False
Askoç Din.Tes.2 Pet.Nak.Gıd.Tur İnş.San.Tic.Ltd.Şti,37.056823,37.541008,Aytemiz,True,False
Bodur Petrol Yapı Malz.San. Tic. A.,40.965751,38.743372,Aytemiz,True,False
Mucipler Petrol San. Ve Tic. A.Ş.,40.937208,38.207899,Aytemiz,True,False
Ramazan Usta Petrol San.Tic.Ltd.Şti,41.014068,38.997941,Aytemiz,True,False
Demircan Su Ürn Petrol İnş. San. Ve Ltd. Şti.,40.953187,38.11905,Aytemiz,True,False
Karakoç Pet. Ürün. Dağ. Paz. San.Ve Tic. Ltd. Şti.,40.92358,38.548376,Aytemiz,True,False
Hancılar Petrol Turizm Otelcilik Sanayi ve Ticaret Limited Şirketi,40.288204,38.41681,Aytemiz,True,False
Karakoç (2) Petrol Ürünleri Dağıtım  Sanayi Ve Ticaret Limited Şirketi,40.938273,38.26247,Aytemiz,True,False
Giresun Uzmanlar Grup Petrol Ürünle İnşaat Sanayi Ticaret Limited Şirk,40.908055,38.409213,Aytemiz,True,True
Yaramanlar İnş. Nak. San. Ve Ticaret Limited Şirketi,40.90515,38.351228,Aytemiz,True,False
Çotanak Petrol Ürü. Nak. İnş. Tur. Gıda Kuy. San ve Tic Ltd,40.912005,38.433895,Aytemiz,True,False
Birol Usta-2 Petrol Ürünleri Ticaret Limited Şirketi,41.060711,39.13631,Aytemiz,True,False
Gümüşbağ (1 Köse) Pet.Ürn. San.İnş.Ltd.Şti.,40.208311,39.654191,Aytemiz,True,False
Lüks Erzincan Yılmazlar 2000 Petrol Şti.,40.114325,39.449743,Aytemiz,True,False
Zengin Kömür (3 Kelkit) İşlet.Nak. Turizm Sanayi Ticaret Limited  Şirk,39.992896,39.547167,Aytemiz,False,False
Süleyman Kayra Akaryakıt Ticaret Limited Şirketi,40.550664,39.309725,Aytemiz,True,False
Harşit Petrol Ürünleri İnşaat Ve Gı Sanayi Ticaret Ltd.Şti.,40.4179,39.5904,Aytemiz,True,False
Aşçıoğlu Yemek Gıda Temz. İnş.Turz.San.Tic.Ltd.Şti.,40.444641,39.503923,Aytemiz,True,False
Bay Petrol Ürünleri Madencilik Sana Ticaret Limited Şirketi,37.569744,44.230864,Aytemiz,True,False
Kadiroğulları İnş.Gıd.Akar.Nak İth.İhr.San ve Tic. Ltd Şti.,37.4011,44.51735,Aytemiz,True,False
Hatay Mert San.Tic.Ltd.Şti.,36.253077,36.17723,Aytemiz,True,False
Özkullar Petrol Ltd.Şti.,36.772311,36.215751,Aytemiz,True,False
Raypet Akaryakıt Tic.Ltd.Şti.,36.216976,36.124289,Aytemiz,True,False
Tokdemir (2 Reyhanlı) Akar. Tic. Ve San.Ltd.Şti.,36.280941,36.568249,Aytemiz,True,False
Tokdemir (1 Merkez) Akar. Tic. Ve San.Ltd.Şti.,36.223555,36.191495,Aytemiz,True,False
Ray Enerji Seyahat Petrol Ürün.Gıda Tarım San.Tic.Ltd.Şti.,36.206326,36.130345,Aytemiz,True,False
Çolak Melike Petrol Taşımacılık Pazarlama Ve Tic.Ltd.Şti.,36.641006,36.212804,Aytemiz,True,False
Özdeniz Akaryakıt İnşaat Nakliyat  Gıda Tic. Ve San. Ltd. Şti.,36.440238,35.932808,Aytemiz,True,False
Çağ Otomotiv Gıda Maddeleri Petrol Ürünleri Ticaret Pazarlama Limited,36.467337,36.339105,Aytemiz,True,False
Alişeroğlu Akdeniz Pet. Ve Pet Ürün. Nak. Gıda İnş. Tur. A.Ş,37.022351,36.139499,Aytemiz,True,False
Menger Petrolcülük Taş.İnş.Tur Loj.Gıda Hayv.San.VeTic.Ltd.Şt,36.954508,36.128561,Aytemiz,True,False
GGG Otomotiv-2 Taş.San.Tic.Ltd.Şti.,39.95314,36.1275,Aytemiz,True,False
Türkan Gıda AkaryakıtTic.Ltd.Şti.,40.036668,43.674038,Aytemiz,True,False
İlbeyi Akar.Ürün.Gıda İnş.Oto.Nak.Y Dışı Yolcu Taş.ve San.Ür.Tic.Ltd.Ş,39.945623,43.985717,Aytemiz,True,False
Alp Urungu Enerji Elektrik Malzemel Taşımacılık İnşaat Tic.Ltd.Şti,39.938332,44.086755,Aytemiz,True,False
Şenal Gıda İnş. Nak. Akaryakıt Tek. Tar. ve Hayvancılık Sıhhi Tes. Ltd,39.916422,44.047789,Aytemiz,False,False
Mehmetçik06 Akaryakıt Petrol Oto.İnş.Nak.Gıd.San.Tic.Ltd.Şt,39.978143,44.160302,Aytemiz,True,False
Isparta Ecem Petrol Nakliyat Sanayi Ticaret Limited Şirketi,37.789645,30.548897,Aytemiz,True,False
Server Nak. Oto. İnş. Eml. Tah Yen. Enr. Tur. San. Tic. Ltd.,38.0932,31.3503,Aytemiz,True,False
Server-2 Nakl.Oto.İnş.Taah.Yeni. En.Tur.San.Tic.Ltd. Şti.,38.079602,31.360274,Aytemiz,True,False
Eyüboğlu (1 Kağıthane) Akar. İnş. San.Ve Tic.Ltd.Şti.,41.063,28.950551,Aytemiz,False,False
Mehmet Salih Küçükoğlu - Küçükoğlu,41.107268,28.221754,Aytemiz,False,False
Şişli Petrol Ltd.Şti.,41.059536,28.976154,Aytemiz,True,False
Vadim Petrol Ltd.Şti.,40.967786,29.102901,Aytemiz,True,True
Küçükköy Petrol Ltd.Şti.,41.070486,28.902288,Aytemiz,True,False
Aytemiz (Tuzla) Petrolcülük Tic.Ltd,40.817199,29.36257,Aytemiz,True,False
Aytemiz (Kartal) Petrolcülük Tic.Lt,40.897085,29.225693,Aytemiz,True,False
Aytemiz (Pendik) Petrolcülük Tic.Lt,40.896811,29.224827,Aytemiz,True,False
Aytemiz (B.Evler) Petrolcülük Tic.Ltd.Şti,41.000912,28.822743,Aytemiz,True,False
Aytemiz (Bağcılar) Petrolcülük Tic.Ltd.Şti,41.060505,28.832127,Aytemiz,True,False
Aytemiz (Esenler) Petrolcülük Tic.Ltd.Şti,41.054702,28.863887,Aytemiz,False,False
Aytemiz (Koşuyolu) Petrolcülük Tic.Ltd.Şti.,41.004774,29.035286,Aytemiz,True,True
Aytemiz (OHT1-Doğu) Petrolcülük Tic.Ltd.Şti,41.19925,28.825694,Aytemiz,True,False
Aytemiz (OHT2-Kuzey) Petrolcülük Tic.Ltd.Şti,41.236432,28.907759,Aytemiz,True,False
Aytemiz (Sultangazi) Petrolcülük Tic.Ltd.Şti,41.089934,28.88269,Aytemiz,True,False
Mas Petrol Ürünleri Paz.İnş.Otom.Gı San. ve Tic.Ltd.Şti.,40.927464,29.34684,Aytemiz,True,False
Şeref Tatlı,41.115917,28.450497,Aytemiz,True,False
Adelta Petrol Ürünleri Gıda Sanayi  Ticaret Limited Şirketi,41.078737,29.250324,Aytemiz,True,False
Gizem Petrol Ürünleri Ve İnşaat San Ticaret Limited Şirketi,41.059836,28.625196,Aytemiz,False,False
Riza Musa Koç Petrol Ürünleri  Sanayi Ticaret Limited Şirketi,41.021637,28.687712,Aytemiz,True,False
Aytemiz ( Avcılar - 32) Petrolcülük Ticaret Ltd. Şti.,41.058225,28.730708,Aytemiz,False,False
Adr Akaryakıt Sanayi Ve Ticaret A.Ş,41.078148,28.899191,Aytemiz,True,False
Aytemiz (İstinye) Petrolcülük Tic.Ltd.Şti.,41.112162,29.040811,Aytemiz,True,False
Etro Petrol Ltd.Şti,41.016642,29.141588,Aytemiz,False,False
İkizler Petrol İnşaat Tur.San.ve Ti Ltd.Şti,41.0222,28.7011,Aytemiz,True,False
Oksijen Petrol İnşaat Ticaret Limit Şirketi,40.9817,29.2214,Aytemiz,False,False
Free Lojistik Akaryakıt Pazarlama v Ticaret Limited Şirketi,41.014,28.5473,Aytemiz,True,False
Doğuş Petrol İnş. Sanayi ve Tic. Ltd. Şti.,41.11361,28.857259,Aytemiz,False,False
Erge Petrol Otomotiv Sanayi ve Tica Limited Şirketi,40.940351,29.285313,Aytemiz,True,False
Çeliksoy Petrol Gıda Nakliye İnş. Gıd. San. Tic. Ltd. Şti,41.009539,28.523356,Aytemiz,True,False
Kardeşler Petrol İnş. Tic. Ltd Şti.,40.964341,29.274145,Aytemiz,True,False
Tekoğlu Petrol Turizm İnşaat Nak.Taah.San.Tic.Ltd.Şti.,41.003836,29.21669,Aytemiz,True,False
Merense Enerji -6 Tıc.San.Ltd.Şti,41.0416,28.9201,Aytemiz,True,False
Merense Enerji -7 Tıc.San.Ltd.Şti,41.041402,28.832344,Aytemiz,True,False
Sındırgılılar Petrol Ve Tic.Ltd.Şti,38.944793,27.047693,Aytemiz,False,False
Cihan Petrol İnş.San.Ve Tic.Ltd.Şti,38.151711,27.366586,Aytemiz,True,False
Emircanlar Petrol İnşaat Tic.Ltd.Şt,38.437358,27.167982,Aytemiz,True,False
Gökçen Efe Pet.İnş.San.Ve Tic.Ltd.Ş,38.114439,27.873865,Aytemiz,True,False
Günaydın Motorlu Taş.Sür.Kur.Ltd.Şt,38.12241,27.717605,Aytemiz,True,False
Güzel Menderes Pet.Ürün.Gıda İnş. Nakl.Tarım Ürün.San.Ve Tic.Ltd.Şti.,38.100999,28.206018,Aytemiz,True,False
Şahin Petrol Tahmil Tah. Tic.Ltd.Şt,38.616018,27.062671,Aytemiz,True,False
Ümfer Tarım Gıda Pet.Ürün.Ltd.Şti.,39.102464,27.402247,Aytemiz,True,False
Ramiz Yılmazer Petrol Oto Servis Ba Hiz.Turizm Emlak Kom.San.Ve Tic.Lt,38.427913,27.210978,Aytemiz,False,False
Kuzey İzmir Petrol Ürünleri İnşaat Ticaret Limited Şirketi,38.988547,27.053055,Aytemiz,True,False
Başarı Akaryakıt Nakliye Otomotiv I Taah. Hayv. Gida Tic. Ltd. Sti.,38.437352,27.256782,Aytemiz,True,False
Çağpet Petrol ve Petrol Ürünleri Tu Gıda Nakliyat Dan.San.veTic.A.Ş.,38.18197,27.489978,Aytemiz,True,False
Hms Akaryakıt Otomativ Turizm İnş Tar. Hay. San. ve Tic Ltd.,38.448077,27.533868,Aytemiz,True,False
Isparta Ecem-2 Petrol Nak. San. Ve Ticaret Limited Şirketi,38.1261,27.392,Aytemiz,True,False
Egenar Akaryakıt Limited Şirketi,38.223789,26.828055,Aytemiz,True,False
Anadol Akaryakıt Ticaret Anonim Şirketi,38.390476,27.165096,Aytemiz,True,False
Aytemiz (Urla) Petrolcülük Tic. Ltd. Şti,38.334662,26.76674,Aytemiz,True,False
Ege Brent Akaryakıt Sanayi Ve Ticaret Limited Şirketi,38.442331,27.277717,Aytemiz,False,False
Mustafa Karakuyu Nak.Pet.Ürn. Ticaret Limited Şirketi,38.6514,27.0383,Aytemiz,True,False
Fakılı (1 Merkez) Otobüscülük Pazarlama İnşaat Ltd.Şti.,37.574795,36.935616,Aytemiz,True,False
Kaynar Tarım Ürünleri Tic.Ve San.Lt,37.389217,37.137299,Aytemiz,True,False
Güneş Hafriyat Oto Lastik Oto.Taş.P ve Pet.Ür.Nak.İnş.Ltd.Şti.,37.3385,37.1454,Aytemiz,True,False
Elbistan Kayalar Petrol Sanayi Tica Limited Şirketi,38.206206,37.185772,Aytemiz,True,False
Alvis Petrol Sanayi ve Ticaret limited şirketi,37.600405,36.830978,Aytemiz,True,False
Saylak Tar.İnş.Akar.Teks.Hay. Taş.Oto.San.ve Ltd.Şti.,37.5656,36.9035,Aytemiz,True,False
Mevpet Petrol İnş.Mad.Teks.Tur San ve Tic. Ltd. Şti.,37.588998,36.92025,Aytemiz,True,False
Kardeşler Güven Pet.Yakıt İnş. Nak.Gıd San ve Tic. Ltd.Şti.,37.584212,36.903182,Aytemiz,True,False
Setaş Sebat Otomotiv Tic. Ve Sanayi Anonim Şirketi,36.2069,37.2159,Aytemiz,True,False
Alis Kardeşler Pet. Akar.İnş. Taah.Taş.Gıda SanVeTic Ltd.Şti,37.5698,36.9178,Aytemiz,True,False
Alis Yıldız Pet.Akar.İnş.Enerj Teks Taş.GıdaTar.Hayv.SanVeTic,37.3742,36.8563,Aytemiz,True,False
Özpet (7 Kahramanmaraş) Petrol Denz Nak  Gıda Turz. San. ve Tic.Ltd.Şt,37.774176,38.271625,Aytemiz,True,False
Kaynak Petrol Ürünleri Gıda Turizm Ve Ticaret Limited Şirketi,41.199505,32.343461,Aytemiz,True,False
Alternatif Petrol Ürün Paz. ve Mak. İm. San. Tic. Ltd. Şti,41.166787,32.572655,Aytemiz,True,False
Lati Petrol Ürünleri Sanayi Ve Ticaret Limited Şirketi,41.215668,32.763689,Aytemiz,True,False
Konsopa Akaryakıt 2 San. Tic. Ltd. Şti.,40.865706,32.598729,Aytemiz,True,False
Karadağlı Pet. Ürn. Oto. İnş. Tar. Gıda Tic. ve San. Ltd.Şti.,37.192762,33.154056,Aytemiz,False,False
Özdemir Saraç Petrol San.Tic.Ltd.Şt,40.467785,42.783718,Aytemiz,True,False
Öz Aydın Gıda İnşaat Nak. Sanayi  Ticaret Limited Şirketi,40.572069,43.088476,Aytemiz,True,False
Karaca Petrol (Merkez-2) Enerji Limited Şirketi,40.58156,43.090142,Aytemiz,True,False
Massa Turizm (Sarıkamış) İnşaat Pet Ür.İth.İhr.San.Tic.Ltd.Şti,40.31661,42.634077,Aytemiz,True,False
Saraçoğlu Petrol Sanayi Ticaret Limited Şirketi,40.471174,42.793275,Aytemiz,True,False
Savaş Taşımacılık Zirai Aletler San Ve Ticaret Limited Şirketi,40.583759,43.133156,Aytemiz,True,False
Tamyüksel Petrol Gıda Nakliye Sanay Ticaret Limited Şirketi,40.627373,43.130693,Aytemiz,True,False
Hasemir Petrol Nakliye Sanayi Ve Ti Ltd.Şti.,40.561839,43.02406,Aytemiz,True,False
Kct Petrol Sanayi Ve Ticaret Ltd.Şti.,40.778105,43.129905,Aytemiz,True,False
Cipet İnşaat Pet. Haf. San ve Tic. Ltd.Şti.,40.751695,43.244172,Aytemiz,True,False
Önerler Elektronik Akar.Tic.Ltd.Şti,41.972456,33.78969,Aytemiz,True,False
Zoroğlu Nakliyecilik Oto.Petrol Ürn İnş. Kuy. ve Mücv. Ltd.Şti.,41.479324,33.475417,Aytemiz,True,False
Ensar Genç Petrol Ve Akaryakıt Ürün Tic.Ltd.Şti.,41.897716,32.990501,Aytemiz,True,False
GGG Petrolleri Sanayi ve Ticaret A.,41.369987,33.771957,Aytemiz,True,False
Ertürk Petrol İnş. Nak. Oto. İç ve Dış Tic. LTD. ŞTİ,41.496561,34.219746,Aytemiz,True,False
Mertce Petrol Akaryakıt Nak. Tic.San.Ltd.Şti.,41.228326,33.792524,Aytemiz,True,False
Rp Akaryakıt San.Ve Tic.Ltd.Şti.,38.854346,35.848776,Aytemiz,True,False
Asi Otogaz Nakliye Akaryakıt Gıda İnş.Proje San. ve Tic. Ltd. Şt,38.780426,35.594798,Aytemiz,True,False
Kaypet 2 Hayvancılık Tar.Pet.ve Pet Et ve Et Ür. Nakl. Ltd.Şti,38.755297,35.358566,Aytemiz,True,False
Şahin İnovasyon Pet. İnş.Nak.Tarım San.Ve Tic. Ltd. Şti.,38.460093,35.805376,Aytemiz,True,False
Özkan (2 Hacılar) Tarım Hay. San. Ve Tic. Ltd.Şti.,38.647761,35.451438,Aytemiz,True,True
Aytemiz (Kocasinan-Kayseri) Petrolc Tic.Ltd.Şti,38.73246,35.442792,Aytemiz,True,False
Aytemiz (Melikgazi) Petrolcülük Tic. Ltd.Şti.,38.714435,35.472762,Aytemiz,True,False
Özkan (4) Tarım Hayvancılık Gıda Pe Nakliyat İnşaat San.Ve Ticaret Ltd,38.754776,35.379034,Aytemiz,True,False
Tufan Zor Akaryakıt Sanayi Ve Ticaret Limited Şirketi,38.749247,35.54534,Aytemiz,True,False
Mapet Nakliyat Akaryakıt Gıda Sanay Ve Ticaret Limited Şirketi,38.756681,35.375153,Aytemiz,True,True
Özkan 5 Tarım Hayvancılık Gıda Petr Nakliyat İnş.San.ve Tic.Ltd.Şti,38.839337,35.654294,Aytemiz,True,False
Las-Pet Lastik ve Petrol Ürünleri Ticaret Sanayi Limited Şirketi,38.7372,35.4355,Aytemiz,False,False
Lodos Yatırım Enerji İnşaat Taahhüt Anonim Şirketi,38.769723,35.460847,Aytemiz,True,False
Haz Akaryakıt (2) İnşaat Sanayi ve Ticaret Limited Şirketi,38.742109,35.390258,Aytemiz,True,False
Aytemiz (Argıncık) Petrolc Tic.Ltd.Şti,38.73615,35.499139,Aytemiz,True,False
Özkan 6 Tarım Hayvancılık Gıda Petr Nakliyat İnşaat Sanayi ve Ticaret,38.752696,35.578797,Aytemiz,True,False
Yağhan Petrol Ürünleri Sanayi ve Ti Limited Şirketi,38.690472,35.24225,Aytemiz,False,False
Özbabacan Uluslararası Nakliyat Aka San. ve Tic. LTD. ŞTİ.,38.737932,35.349762,Aytemiz,True,False
Tekpet Tarım Hayvancılık Akaryakıt Emlak İnş. Gıda San.ve Tic. Ltd.Şti,38.931789,35.067758,Aytemiz,True,True
Arvasi Loj. Pet. Ür. İnş. Gıd. Oto. San. Tic. Ltd. Şti.,38.792541,35.452303,Aytemiz,True,False
RTE Kağan Tur. İnş. Ener. Gıd. Tar. Ha San. Ve Tic. Ltd. Şti.,38.696718,35.537448,Aytemiz,True,False
Evra Akaryakıt Sanayi ve Tic. Ltd. Şti.,38.747988,35.367506,Aytemiz,True,False
Lodos-4 Yatırım Ener. İnş. Tah Akar. Gıd. Nak. Anonim Şirketi,38.917172,35.091124,Aytemiz,True,False
Osman Kutay Timuçin Petrol Ürn.Oto.Nak.San.Tic.Ltd.Şti.,38.693873,35.432179,Aytemiz,True,False
Şekerpınar Petrol Ürünleri Nak Gıd. İnş.Taah.Oto.Tar.Hayv.San,38.893815,36.460724,Aytemiz,True,False
Karacahan Turizm Petrol Maden. İnş.San.Tic.Ltd.Şti,38.69564,35.133959,Aytemiz,True,False
Üç Yıldız Kard.Un San.Ve Pet.Ltd.Şt,39.840144,33.525341,Aytemiz,True,False
Onaypet Akaryakıt Otomotiv Nakliye Sanayi ve Tic. Ltd. Şti.,39.888382,34.020173,Aytemiz,True,False
Merense Enerji -4 Tic.San.Ltd.Şti,39.941306,33.796037,Aytemiz,True,False
Yay Gruop Petrol -2 Nak.İnş.Turz.Gıd.İml.İth.İhr.,39.789437,33.487465,Aytemiz,True,False
Yıldızlar Can Petrol Ürn.İth.İhr.Turz.San.Tic.Ltd.Ş,39.8607,33.4806,Aytemiz,True,False
Över İnşaat (2-Lüleburgaz )  PETROL VE DIŞ TİCARET LİMİTED ŞİRK,41.343407,27.45084,Aytemiz,True,False
S.S. Trakya Motorlu Taşıyıcılar Kooperatifleri Birliği,41.464195,27.02984,Aytemiz,True,False
Çandır Petrol Nakliyat Ve Limited Şirketi,41.628602,27.511352,Aytemiz,True,False
Assa Petrol Ürünleri Nakliye Tur.San.Tic.Ltd.Şti.,41.4056,27.2905,Aytemiz,False,False
GGG Petrolleri - 9 San.Tic.A.Ş.,41.72769,27.21809,Aytemiz,True,False
Osman Kamuran Hızlı -Salih Hızlı,41.558876,27.795753,Aytemiz,True,False
İsmail Dağcı Akaryakıt İnş.San.Tic.Ltd.Şti,41.483276,27.40171,Aytemiz,True,False
Güler Cam Ve Petrol Ürünleri Paz.Tic.San.Ltd.Şti.,41.3686,27.4103,Aytemiz,True,False
Yücesan Petrol Ürünleri Otomotiv İşletmecilik ve Ticaret Ltd.Şti.,39.066457,34.371311,Aytemiz,True,True
Asım Atalay Tarım Ürün. Gübre Akar. Sarraf Nakliye San. Ve Tic. Ltd. Ş,39.421804,33.980655,Aytemiz,True,False
Kılıçarslan Tic.Paz.Ltd.Şti.,40.785739,29.620539,Aytemiz,False,False
Çağlayan Akaryakıt Altyapı İnşaat Nakliyat Sanayi ve Ticaret Limited,40.779151,29.685369,Aytemiz,False,False
Eyüboğlu (2 Gebze) Akar. İnş. San.Ve Tic.Ltd.Şti.,40.795195,29.435923,Aytemiz,False,False
Cicioğlu Petrol Ürün.Otomotiv Gıda Tarım Ürün.Hayvancılık Tur.Makina,41.038896,30.115887,Aytemiz,True,False
Şanal Petrol Ve Otomotiv San. Ürünleri Pazarlama A.Ş.,40.76138,29.785413,Aytemiz,False,False
Başiskele Akaryakıt ( 2 Başiskele ) İnş.Enj.Oto.Nak. san.ve ltd.şti,40.711274,29.92372,Aytemiz,True,False
Gençerler Gaym. İnş.Taah.Müh.Emlak Enerji Ve Petrol Ürün.Paz.SanTic.Lt,40.705828,29.872377,Aytemiz,True,True
Mutlukent Akaryakıt İnşaat Lojistik Ticaret Limited Şirketi,40.819896,29.415041,Aytemiz,True,False
Eşme Akaryakıt Nakliyat Gıda Ltd. S,40.731966,30.191808,Aytemiz,True,True
Gebzeoil Akaryakıt Nakliye İnşaat Anonim Şirketi,40.813558,29.431813,Aytemiz,False,False
Haliloğlu Petrol Ürünleri Pazarlama Sanayi ve Ticaret Ltd. Şti.,40.724589,29.987822,Aytemiz,False,False
Snn Petrol Ürünleri Hafriyat Gıda N İnş. San. ve Tic. Ltd. Şti.,40.739315,30.051508,Aytemiz,True,False
Mutlukent-2 Akaryakıt İnş. Loj. Gıd Tic. Ltd. Şti.,40.803071,29.527586,Aytemiz,True,False
Arf Akaryakıt Nakliye Sanayi Ve Tic Ltd.Şti.,40.803977,29.464122,Aytemiz,True,False
42 Evler Petrol Anonim Şirketi,40.760774,29.957935,Aytemiz,True,False
Mikdat Dabak Akar. Trz. Oto. San. Ve Tic. Ltd. Şti.,40.7618,29.9267,Aytemiz,False,False
Kavil Turizm Petrol İnşaat San Ve Ticaret Anonim Şirketi,40.6905,29.6054,Aytemiz,True,False
Mutlukent-3 Akaryakıt İnş. Loj Gıd. Tic. Ltd. Şti.,40.8007,29.3879,Aytemiz,True,False
İskele Petrol Lojistik Kuyumcu Sanayi Ticaret Limited Şirketi,40.70748,29.877574,Aytemiz,False,False
Arı Denizcilik Petrol Oto Tur. İnş. Gıda San.veTic. Ltd. Şti,40.7751,29.5556,Aytemiz,False,False
Aytemiz (İzmit) Petrolcülük Tic. Ltd. Şti,40.784502,29.928442,Aytemiz,True,False
Erdoğanlar Sosyal HizmetOtogaz Pet. Akr.İnş.San.Tic.Ltd.Şti.,40.7882,29.533,Aytemiz,False,False
10 Nolu Akar. İnş. Taah. Tic. Ve Sanayi Anonim Şirketi,40.7725,29.7549,Aytemiz,False,False
Mutlukent-4 Akaryakıt İnş. Loj Gıda Ticaret Limited Şirketi,40.747614,29.971191,Aytemiz,True,False
Şenel Petrol Ürün.İnş.Tesisat Sanayi Ve Ticaret Ltd.Şti.,40.750074,30.042311,Aytemiz,True,False
Ayyüz Akaryakıt İnş.Gıda San. Ve Ticaret Limited Şirketi,40.757708,29.803842,Aytemiz,True,False
Hakiki Petrol Ltd.Şti.,37.864882,32.500713,Aytemiz,True,False
Hisar (2 Akşehir) Taş.Akar. Tesis İşlt.Ve Oto San.Tic.Ltd.Şti.,38.35361,31.447085,Aytemiz,True,False
Oflaz (1 Kadınhanı) Pet.Mimar.Müh. San.Tic.Ltd.Şti.,38.239061,32.236724,Aytemiz,True,False
Zeki Sayıcı Petrol San.Tic.Ltd.Şti.,37.572143,32.77976,Aytemiz,True,False
Avcan-Pa (1 Selçuklu) Petrol Çay İşlet.Ltd.Şti.,37.927767,32.521341,Aytemiz,True,False
Avcan-Pa (3 Selçuklu) Petrol Çay İşlet.Gıda Mad.San. ve Tic. Ltd.Şti,37.95044,32.523908,Aytemiz,True,False
Avcan-Pa (5 Meram) Petrol Çay İşlet.Gıda Mad.San. ve Tic. Ltd,37.859646,32.477226,Aytemiz,True,False
Ön-tur Turizm Nakliyat veTicaret Lt,37.91695,32.520366,Aytemiz,True,False
Koçlar Petrol Ürünleri San.ve Tic. Ltd.Şti.,38.281711,31.909883,Aytemiz,True,False
Emin Ercanlar Oto.Pet.Ür.Maden.Turz Tük.Malları San.Ve Tic.Ltd.Şti.,38.288948,31.909579,Aytemiz,True,False
Gürbilek (1) Petrol Ürünleri Pazarl Ltd.Şti.,37.591916,32.645504,Aytemiz,True,False
Avcan-Pa (7 Karatay) Petrol Çay İşlet.Gıda Mad.San. ve Tic. Ltd,37.930503,32.554499,Aytemiz,True,False
Gürbilek (2) Petrol Ürünleri Pazarl Ltd.Şti.,38.139144,33.171143,Aytemiz,True,False
Avcan-Pa (8 Sarayönü) Petrol Çay İşl. Gıda.Mad.San.Tic.Ltd.Şti.,38.211995,32.31689,Aytemiz,True,False
Zişan Nakliyat Petrol Gıda İnşaat S Ve Ticaret Limited Şirketi,37.809018,32.430762,Aytemiz,True,False
Aytemiz (Konya) Petrolcülük Ticaret Ltd. Şti.,37.902701,32.494813,Aytemiz,True,False
Avcan-Pa (9 Selçuklu) Petrol Çay İşL.Gıda Mad. San.Ve Tic.Ltd.Şt,38.009494,32.526402,Aytemiz,True,False
Koyuncular Petrol Ürünleri Sanayi Ve Ticaret Limited Şirketi,38.91866,32.079004,Aytemiz,True,False
Avcan-Pa (11 Selçuklu) Petrol Çay İşl.Gıda Mad.San.Ve Tic.Ltd.Şti,37.895411,32.50217,Aytemiz,True,False
Poçan (Tatlıcak) Petrol Ticaret Limited Şirketi -1,37.861156,32.608736,Aytemiz,True,False
Erol Ceviz Petrol Ürünleri Gıda İnş Nak.Taş.Tar.Ürn.San. Ve Tic.Ltd.Şt,37.697699,31.726719,Aytemiz,True,False
Buğdaylar Petrol İnş. Nak.Tur.Tar.Ü Aletleri San. Tic.Ltd.Şti,37.563618,32.842641,Aytemiz,True,False
Erol Ceviz-2 Petrol Ürünleri Gıda İ Oto.Nak.Taş.Tar.Ürn.San Ve Tic.Ltd,37.623891,31.593981,Aytemiz,True,False
Murat Buğday Petrolleri Ticaret Lim Şirketi,37.563217,32.793639,Aytemiz,True,False
Canlı Grup Petrol Tarım Sanayi Ve T Ltd.Şti.,37.968998,32.516461,Aytemiz,True,False
Sağlık Enerji Ticaret Ve Sanayi Ano Şirketi,37.714154,33.540683,Aytemiz,True,False
Envoy Metal Dış Ticaret Limited Şirketi,38.431563,32.154177,Aytemiz,True,False
Öztoklu Akaryakıt Tesis İşletmecili Taşımacılık ve İnşaat San.Tic.Ltd.,38.156448,31.668134,Aytemiz,True,False
Estaşkıran Petrol Nakliyat Oto San.Tic.Ltd.Şti.,37.629973,34.297782,Aytemiz,True,False
İvriz Petrol Ürünleri Ticaret Tic.San.Ltd.Şti.,37.501249,34.067885,Aytemiz,True,False
Saraçoğlu Yatırım İnşaat Limited Şirketi,37.90174,32.519796,Aytemiz,True,False
Avcan-Pa Petrol 12 İşl.Gıd.Mad.San.Tic.Ltd.Şti.,37.680737,31.736316,Aytemiz,True,False
Emin Ercanlar-2 Otomotiv Petrol Ürn.Madn.Turz.Day.Tük.Mal.San.,38.287705,31.925411,Aytemiz,False,False
Sami Şahin Motorlu Taşıtlar Petrol Ürn.Nak.San.Tic.A.Ş,38.0252,32.6334,Aytemiz,True,False
Merense Enerji -5 Tic.San.Ltd.Şti,38.0002,32.5778,Aytemiz,True,False
Han Global Pet. İnş. Mar. Oto. Tar. Gıd. Nak. San Tic A.Ş.,37.835376,32.522688,Aytemiz,True,False
S.Özüdoğru Petrol Ürn.Tar.Madn Nak.Gıd.San.Tic.Ltd.Şti.,39.0157,31.7918,Aytemiz,True,False
Yakacık Akaryakıt-3 Nak.İnş. Gıda San. Tic. Ltd. Şti.,37.873053,32.499752,Aytemiz,True,False
Yakacık Akaryakıt-2 Nak.İnş. Gıda San. Tic. Ltd. Şti.,37.883389,32.498762,Aytemiz,True,False
Yakacık Akaryakıt-1 Nak. İnş. Gıda San. Tic. Ltd. Şti.,39.102732,33.080231,Aytemiz,False,False
Güvenal Nakliyat Petrol -2 Ürn.Tüp.İml.San.Tic.A.Ş.,37.6948,31.7164,Aytemiz,True,False
Sedef Akaryakıt -2 Ürn.San.Tic.Ltd.Şti,39.181679,33.128539,Aytemiz,True,False
Kristal Gaz-İş -2 Oto.Taş.Tic.San.Ltd.Şti,37.754333,32.54175,Aytemiz,True,False
Güvenal Nakliyat Petrol -3 Ürn.Tüp.İml.San.Tic.A.Ş.,37.47218,31.824341,Aytemiz,True,False
GGG Petrolleri - 5 San.Tic.A.Ş.,37.847769,32.711014,Aytemiz,True,False
Sedef Akaryakıt -3 Ürn.San.Tic.Ltd.Şti,37.4177,31.8659,Aytemiz,True,False
Ereğli Otogaz Petrol ve Nak. San. Tic. Ltd. Şti.,37.5275,34.0644,Aytemiz,True,False
Çam Kardeşler Akaryakıt Gıd.İnş.Turz.San.Tic.Ltd.Şti.,37.1865,32.2311,Aytemiz,True,False
ALY Petrol Otomotiv ve Nak. San.Tic.Ltd.Şti,37.865852,32.458851,Aytemiz,False,False
Zekeriya Akbudak (1 Çavdarhisar),39.196984,29.617804,Aytemiz,True,False
Aytemiz (Kütahya) Petrolcülük Tic.Ltd.Şti,39.426114,29.990322,Aytemiz,True,False
Nergiz Yalçın,39.437643,29.955231,Aytemiz,True,False
Elfa Elvan-Faruk Pet.Zir.Güb. Tar. İlaç Gıd Mad.İnş.Mad.Elek,39.390745,30.118641,Aytemiz,True,False
Merense Enerji -3 Tic.San. Limited Şirketi,39.537675,29.494843,Aytemiz,True,False
Mavi Ada Petrol Ürn. Nak.İnş. Sanayi Ve Ltd. Şti.,39.641962,30.153779,Aytemiz,True,False
Sarıcıoğlu Petrol Ürün. Tic.Ltd.Şti,38.337903,38.243705,Aytemiz,True,False
GGG Otomotiv-3 Taş.San.Tic.Ltd.Şti.,38.3822,38.273,Aytemiz,True,False
GGG Otomotiv-4 Taş.San.Tic.Ltd.Şti.,38.330492,38.275299,Aytemiz,True,False
GGG Otomotiv-6 Taşımacılık San Ve Ticaret Anonim Şirketi,38.337394,38.243896,Aytemiz,True,False
Alpet Alkent Petrol Ve Turistik-1 Tesisleri Limited Şirketi,38.494,28.1789,Aytemiz,True,False
Osman Gündoğan - Garaj Petrol,39.179941,27.638128,Aytemiz,True,False
Öz Ziyaretli Akaryakıt Turizm Otomo Nakliye Seracılık Hayv.Gıda İnş.Ta,38.769222,27.655754,Aytemiz,True,False
Hisar Zeytincilik Gıda Malları San. Tic.Ve Pazarlama Ltd.Şti.,38.943276,27.83177,Aytemiz,True,False
Ercoş Enerji Otomotiv Ve Otomotiv Ürünleri Lojistik Ticaret A.Ş.,38.556453,27.56442,Aytemiz,True,True
Demirkol Petrol Sanayi Ve Ticaret Limited Şirketi,38.768713,27.656406,Aytemiz,True,False
Muzafferoğulları-2 Akr. İnş. Gıda. Nak. San. Ve Tic. Ltd. Şti.,38.484412,27.822854,Aytemiz,True,False
Reşitoğulları Akr. İle. Tem. Hiz. Tic. Ltd. Şti,38.498781,27.866457,Aytemiz,True,False
Hayrullah Okan Baykal,38.755706,27.550321,Aytemiz,False,False
Çınarlı Barış Pet.Geri Dönüşm Tar.Hayv.Tur.Gıd.Tem.Oto.Taş.S,38.5235,27.590861,Aytemiz,True,False
Tekinler Petrolcülük Sanayi Ve Ticaret Limited Şirketi,39.16889,27.844237,Aytemiz,True,False
Barmanlar Müh.İnş.Taah.İnş Mlz Nak.Sağ.Hiz.Hay.İth.İhr.Tic.Lt,38.4952,27.7319,Aytemiz,True,False
Alpet Alkent-2 Petrol Ve Turistik Tesisleri Limited Şirketi,38.4877,28.1469,Aytemiz,False,False
Alpet Alkent-3  Petrol Ve Turistik Tesisleri Limited Şirketi,38.4971,28.0225,Aytemiz,True,False
Tekinler Petrolcülük-2 Sanayi Ve Ticaret Limited Şirketi,38.896552,27.788324,Aytemiz,True,False
Çalı ve Zeybek Petrol Ürünleri San.Ve Ticaret Limited Şirketi,39.0361,28.6543,Aytemiz,True,False
Hasanoğlu Taş.Turizm Petrol İnş. San. Tic. Limited Şirketi,39.168891,27.844237,Aytemiz,True,False
Marpet Taş.Tur.İnş.Pet.Sig.San.ve T Ltd. Şti.,37.325092,40.747318,Aytemiz,True,False
Erdem Petrolcülük Tarım Sanayi ve T Limited Şirketi,37.1973,40.2638,Aytemiz,True,False
Aktaş Akaryakıt İnşaat Gıda Turizm Sanayi ve Ticaret Ltd. Şiti.,37.433653,41.329474,Aytemiz,True,False
Reşitoğulları-2 Akar. İle. Tem Hiz.Tar.Hay.Gıda Tic. Ltd. Şti,37.194143,40.591135,Aytemiz,True,False
Siremşah Petrol İnş. Madencilk Tur.Gıda San. Ve Tic.Ltd.Şti,37.407789,41.342927,Aytemiz,True,False
Aydın Petrol Kol.Şti-Mehmet Gürsel,36.686061,33.408803,Aytemiz,True,False
Sur Pet Petrol Nakliyat Gıda İnşaat Sanayi Ve Ticaret Ltd.Şti.,36.829297,34.642414,Aytemiz,True,False
Kaplan Petrol Otomotiv Nak.İnş. Sanayi Ve Ticaret Limited Şirketi,36.941767,34.855598,Aytemiz,True,False
Sınırlı Sorumlu Silifke Nakliyecile Motorlu Taşıyıcılar Kooperatifi,36.350412,33.932102,Aytemiz,False,False
Akdemirler Petrol Nakliyat Otomotiv Gıda Pazarlama Sanayi ve TicaretLt,36.964015,34.944995,Aytemiz,False,False
Özpet (1 Anamur) Petrol Denz.Nak.İn Gıda Turz. San. ve Tic.Ltd.Şti,36.068772,32.832778,Aytemiz,True,False
Özpet (2 Tarsus) Petrol Denz. Nak.İ Gıda Turz. San. ve Tic.Ltd.Şti,36.91965,34.906693,Aytemiz,True,False
Özpet (3 Merkez) Petrol Denz.Nak.İn Gıda Turz. San. ve Tic.Ltd.Şti,36.83541,34.638002,Aytemiz,True,False
Özpet (4 Erdemli) Petrol Denz.Nak.İ Gıda Turz. San. ve Tic.Ltd.Şti,36.606996,34.290478,Aytemiz,True,False
Özpet (5 Merkez) Petrol Denz. Nak.İ Gıda Turizm San. Ve Tic. Ltd. Şti.,36.840447,34.707336,Aytemiz,True,False
Kuyuluk Petrol Taşımacılık İnşaat S ve Ticaret Limited Şirketi,36.757371,34.513144,Aytemiz,True,False
Özpet (6 Karaduvar) Petrol Denizcil Nak.İnş.Gıda Turizm San.veTic. Ltd,36.808234,34.692991,Aytemiz,False,False
Kocapınar Petrol Ürünleri Gıda Nakl. İnş. Oto. San. ve Tic.,36.863408,34.673082,Aytemiz,False,False
Kanaroğlu Grup Akaryakıt Tic. Ve Limited Şirketi,36.786593,34.605164,Aytemiz,True,False
Erkan Kollektif Şirketi Kemal Ali Erkan Halefleri,36.886005,34.829621,Aytemiz,False,False
Alata Akar. Ürn. Oto. Nak. İnş Gıd.Tic. San.Ltd.Şti.,36.611876,34.319972,Aytemiz,True,False
GGG Petrolleri-8 Sanayi Ve Tic Anonim Şirketi,36.3933,34.0518,Aytemiz,True,False
Tosun Grup (1 Fethiye) Petrol İnş.Ltd.Şti.,36.656844,29.160919,Aytemiz,True,False
Tosun Grup (2 Fethiye) Petrol İnş.Ltd.Şti.,36.656708,29.15888,Aytemiz,True,False
Yükselpet (1 Milas) Petrol Ürünleri İnş.Taah. Tarım Ürün. Ticaret Ltd.,37.279142,27.788431,Aytemiz,False,False
Yükselpet (2 Milas) Petrol Ürünleri İnş.Taah.Tarım Ürün. Ticaret Ltd.,37.19582,27.626099,Aytemiz,True,False
Çerçiler Petrol Tur.Tic.İnş.San.İth İhr.Ltd.Şti,37.276134,28.199096,Aytemiz,True,False
Aytemiz (Marmaris) Petrolcülük Tica Limited Şirketi,36.862171,28.27206,Aytemiz,True,False
Aytemiz (Bodrum) Petrolcülük Tic.Ltd.Şti.,37.0267,27.2877,Aytemiz,True,False
Hüdaverdi Gıda Tar.Paz.Tic.Tur Emlak İnş.San.İth.veİhr.Ltd.Şt,36.9847,28.6131,Aytemiz,True,False
Hüdaverdi -2 GıdaTar.Paz.Tic.Tur Emlak İnş.San.İth.veİhr.Ltd.Şt,36.974023,28.693692,Aytemiz,True,False
Hüdaverdi -3 GıdaTar.Paz.Tic.Tur Emlak İnş.San.İth.veİhr.Ltd.Şt,36.850234,28.731731,Aytemiz,True,False
Rokay Aky.İnş.Nak.Tur.Gıd.Mad. Org.San.Tic.İth.İhr.Ltd.Şti.,36.7686,28.8009,Aytemiz,True,False
Eroğlu Kardeşler Pet. Ürün.San.Ltd.,38.746953,41.511771,Aytemiz,True,False
Tanpet Akaryakıt İnş. Tur. Nak Gıd. San. Dış Tic. Ltd. Şti,38.671701,41.729714,Aytemiz,True,False
Sungu Petrol İnşaat Nakliyat Ticaret İth. İhracat Ltd. Şti.,38.72984,41.583251,Aytemiz,True,False
Muş Süphan Dağı Petrol İnş. Tur. Ltd. Şti.,38.891701,41.366594,Aytemiz,True,False
Mıhcılar Otomotiv Pet.Ürün.Tic.Ltd.,38.61454,34.696995,Aytemiz,True,True
Ertaş Petrol San.Ve Tic.Ltd.Şti.,38.56733,34.701624,Aytemiz,True,True
Acerler Enerji Geri Dönüşüm İnşaat Madencilik Akaryakıt Plastik San.Ti,38.673131,34.754578,Aytemiz,True,False
Mıhcılar (2)  Otomotiv Petrol Ürünl Lastik Sanayi Ve Ticaret Limited Ş,38.630666,34.725677,Aytemiz,True,False
Serpet Akaryakıt Madencilik Yapı El Nakliyat Pazarlama San.Ve Tic.Ltd.,38.555664,34.740652,Aytemiz,False,False
Karaaslanlar Tarı. Eml. Kuyumc. Pet İnş. Met. Turz. Oto. Day. Tük. Mal,38.545509,34.490772,Aytemiz,True,False
Toy Yıldız Eğitim Öğretim Turz Tic.İşl.Ltd.Şti,38.646228,34.91102,Aytemiz,True,False
Azimli Ticaret Petrol -2 Ürn.Gıd.San.Tic.A.Ş.,38.633122,34.863022,Aytemiz,True,False
Azimli Ticaret Petrol -3 Ürn.Gıd.San.Tic.A.Ş.,38.5901,34.6698,Aytemiz,True,False
Azimli Ticaret Petrol -4 Ürn.Gıd.San.Tic.A.Ş.,38.57595,34.821145,Aytemiz,True,False
Öztürkler Gübre Petrol San. ve Tic. Ltd.Şti.,37.871281,34.553786,Aytemiz,True,False
Niğ Taş Anonim Şirketi,37.990632,34.727265,Aytemiz,True,False
Azimli Ticaret Petrol Ürünleri Gıda Ve Sanayi Ltd.Şti.,37.60063,34.407358,Aytemiz,False,False
Özmenler ZiraatÜrünleri Petrol San.Tic.Ltd.Şti.,38.152035,34.906801,Aytemiz,True,False
GGG Petrolleri - 4 San.Tic.A.Ş.,37.936574,34.609417,Aytemiz,True,False
Aybarlar Petrol Otogaz Çiçek. Nak.Gıd.Tic.Ltd.Şti.,37.959459,34.678254,Aytemiz,True,False
Uğur Nakliyat Ve Petrol Ürün. Ltd.Ş,41.143715,37.219666,Aytemiz,True,False
Özler Dizel Servis Hizm.Oto Nakliya Gıda İnş.Tic.San.Ltd.Şti.,40.975922,37.988467,Aytemiz,True,False
Vasab İnşaat San. Ve Tic Ltd.Şti,41.08454,37.415429,Aytemiz,True,False
Eren Demir Yapı İnş.Malz.Gıda Mad.N İth.İhr.Petrol ve Tar.Ürün.Tic. Sa,41.025135,37.479842,Aytemiz,True,False
Birol Usta Petrol Ürünleri Tic.Ltd.,41.033107,37.498546,Aytemiz,False,False
Poyraz Petrol Turizm Gıda İnş.Taah. Nak.Tic.Ve San.Ve Ltd.Şti,40.9319,37.8642,Aytemiz,True,False
Öz Yaşar Petrol Oto.Tar.Ür.San. ve Ltd.Şti,41.003531,37.512182,Aytemiz,True,False
Kanioğlu İnşaat Gıda Nakliye Sanayi Ticaret Limited Şirketi,40.957106,37.897459,Aytemiz,True,False
Lotus Orman Ürü. Nak. Tic. San Ve Paz. Ano. Şirketi,40.977901,37.945202,Aytemiz,True,False
Fatma Tahmaz,41.112096,37.327787,Aytemiz,True,False
Hamarat Petrol Ürünleri Maden. Gıd.Topl.Taş.Nak.İnş.Hafr.Tic.,41.0733,37.1997,Aytemiz,True,False
Yaramanoğulları Akaryakıt İnş. Nak.Gıd.San.Tic.Ltd.Şti.,41.019155,37.833227,Aytemiz,True,False
Düziçi Hilal Petrol Ürünleri Otomot Sanayi Ve Ticaret Limited Şirketi,37.230362,36.439564,Aytemiz,True,False
Kadirli Petrol Enerji Otomotiv İnşa Gıda Tarım Nak.San.Tic.Paz.Ltd.Şti,37.365024,36.067166,Aytemiz,True,False
Onur Elkt. Telekomin. Tur. Nak Gıda. San. ve Tic. Ltd. Şti.,37.1974,36.4287,Aytemiz,True,False
Nacar Akaryakıt Ltd.Şti.,37.36391,36.080218,Aytemiz,True,False
GGG Otomotiv-5 Taş.San.Tic.Ltd.Şti.,37.092214,36.24975,Aytemiz,True,False
Sağlık Enerji-3 Tic. ve San. A.Ş.,37.061427,36.196738,Aytemiz,True,False
Toprakkale Petrol Sanayi ve Ticaret Limited Şirketi,37.070035,36.140106,Aytemiz,True,False
Mete Petrolcülük Tic. ve San. A.Ş.,37.343895,36.074928,Aytemiz,True,False
Şenol Ekşi,40.775618,40.561028,Aytemiz,False,False
Tem Petrol Ürünleri İthalat İhracat Nak.Taah.Turz.Gıda Ve Teks.San A.Ş,41.032884,40.511222,Aytemiz,False,False
Örnek Karadeniz Akaryakıt İnş.Turiz San.Ve Tic.Ltd.Şti.,40.921298,40.417052,Aytemiz,True,False
Şar Akaryakıt Gıda Sanayi Ve Ticaret Anonim Şirketi,41.044741,40.591991,Aytemiz,True,True
Tüysüzler Petrol Ticaret Limited Şi,41.088157,40.725637,Aytemiz,True,False
Ata Kar Petrol Ürünleri Ticaret A.Ş,40.979596,40.342844,Aytemiz,True,False
Serkar-2 Petrol Ürünleri İnşaat San Ve Ticaret Limited Şirketi,41.026328,40.5418,Aytemiz,True,False
Nalkıran Otomotiv Petrol Tas Taahh.San.Tic.Ltd.Şti.,40.982465,40.533692,Aytemiz,True,False
Hacışahinoğlu Pet.Ür.Gıd.İnş. Tah.Paz.Nak.İçDış Tic. Ltd Şti,41.188721,40.968348,Aytemiz,True,False
İnançlar Pet.Ürün.San.Ve Tic.Ltd.Şt,40.503505,30.154228,Aytemiz,True,False
Sait Gönülcü-Cihan Petrol,40.553,30.314517,Aytemiz,False,True
Ceka Akaryakıt Lojistik Kuyumculuk Sanayi Ticaret Limited Şirketi,40.744948,30.476696,Aytemiz,False,True
Oksijen-2 Petrol İnşaat Ticaret Limited Şirketi,40.790005,30.424093,Aytemiz,True,False
Avm Akaryakıt Lojistik San. ve Tic. Ltd. Şti.,40.903444,30.471155,Aytemiz,True,False
Akademi Petrol ürünleri Sanayi Ve Ticaret Limited Şirketi,40.7546,30.3798,Aytemiz,True,False
CLK Varlık Gayrimenkul Anonim Şirketi,40.737176,30.397462,Aytemiz,False,False
Kıratlı Mak Petrol Ürün.San. ve Ticaret Limited Şirketi,40.742904,30.448773,Aytemiz,True,False
Ayh Petrol Turizm İnşaat Nak. Gıd. San. ve Tic. Ltd. Şti.,40.840644,30.487254,Aytemiz,True,False
Canik Akaryakıt Tic.Ltd.Şti.,41.270443,36.352941,Aytemiz,True,False
Dalgıç Petrol Mimarlık Tic.Ltd.Şti.,41.219718,36.749358,Aytemiz,True,False
Yılmazlar Nakliyat Akaryakıt Tarım İnş.San. Ve Tic.Ltd.Şti,41.288901,36.291324,Aytemiz,True,False
Ekmekçi Dayanıklı Tük.Mal.Tic.Ltd.Ş,41.17829,37.045046,Aytemiz,True,False
Akar Nak.Tic.Ltd.Şti,40.969571,35.671144,Aytemiz,True,False
Kai Petrol Otomotiv Kimyevi Maddeler San. Ve Ltd.Şti,41.219775,36.87224,Aytemiz,True,False
Sonkaya Petrol Ürünleri Pazarlama Taşımacılık Tic.Ltd.Şti.,41.094649,36.67415,Aytemiz,True,False
Kayan (1 Havza) Petrol ÜrnYakıt İnş GıdaTurizm Nak. San. Ve Ticaret Li,40.993713,35.729411,Aytemiz,True,False
Kayan (2 Havza) Petrol ÜrnYakıt İnşaat Gıda Tur.Nakliye San.ve Tic.,40.997708,35.762096,Aytemiz,True,False
Şengüller Akaryakıt Ticaret Limited,41.205281,36.709194,Aytemiz,True,False
Diamond Akaryakıt San. Ve Tic.Ltd.Ş,41.208765,36.748406,Aytemiz,False,False
Pak Petrol Ürünleri Gıda Ve İnş.San Tic.Ltd.Şti,41.573843,35.91501,Aytemiz,True,False
Kayan Petrol (3 Havza) Ürünleri Yak İnş.Gıd.Tur.Nak.San.ve Tic.Ltd.Şti,41.001526,35.80902,Aytemiz,True,False
Zengin Petrol Ticaret ve Sanayi Lim Şirketi,40.9821,35.6463,Aytemiz,True,False
Ertaş Hafriyat Nakliye İnşaat Taahh Pazarlama Sanayi ve Tic.Ltd.Şti,41.5487,35.9266,Aytemiz,False,False
Remzi Çavuş,41.277458,36.187514,Aytemiz,True,False
Taybe Akaryakıt Enerji ve Turizm Ti Limited Şirketi,41.487,36.0904,Aytemiz,True,True
Sam Grp Petrol İnş. San. Ve Tic. Lt,41.085974,36.833242,Aytemiz,True,False
Akman Süt ve Orman Ürünleri Hayvanc İnş. San. ve Tic. Ltd. Şti.,40.911682,35.895941,Aytemiz,True,False
Ekrem Topal Petrol İnş.Nak.Oto.Gıda Sanayi Ticaret Ltd.Şti.,41.566159,35.882603,Aytemiz,True,False
Varan Enerji Petrol Ürünleri Sanayi Ticaret Anonim Şirketi,41.244663,36.400336,Aytemiz,False,False
Genç Akaryakıt ve Petrol Ürün. Sanayi Ticaret Limited Şirketi,41.2933,36.253,Aytemiz,True,False
Sm Güler Petrol Ür. Gıda Nak. İnş.Paz.San. ve Tic.Ltd.Şti,41.4961,36.0734,Aytemiz,True,False
Sonpet Akaryakıt İnş.Otm.Gıd. Taş.Ymk.Tmz.Hiz.Tic.San.Ltd.Şt,41.197337,36.723208,Aytemiz,True,False
LVN Akaryakıt İç Ve Dış Tic. A.Ş.,41.21999,36.452006,Aytemiz,True,False
Yeşiloğlu Akaryakıt İnşaat Malz.San.Tic.Ltd.Şti.,41.236248,36.411991,Aytemiz,True,False
Bingöller Beyaz Eşya Pet. Ürün. Ltd,37.940988,41.709643,Aytemiz,True,False
Şahinoğlu İnşaat Pet.Ürün.Tic.Ltd.Ş,37.934626,41.957207,Aytemiz,True,False
Atabay Akaryakıt İnş.Taah.Tur. Ve Temizlik Hiz.Tic.Ltd.Şti.,37.9508,41.8914,Aytemiz,True,False
Yalçın Küçükbaş (1 Boyabat),41.465151,34.811418,Aytemiz,True,False
Yalçın Küçükbaş (2 Boyabat),41.504137,34.764139,Aytemiz,True,False
Genç Petrol Ürünleri Taşımacılık Tu İnşaat Gıda Sanayi ve Ticaret Limi,41.8661,35.0654,Aytemiz,True,False
Deveciler Akar. Tic. Ve San.Ltd.Şti,39.743841,37.027055,Aytemiz,True,False
İşleyenler Pet.Ürünl. Oto. Taş. İnş Müh. İnş. Malz.Emlak Turz..Elek.Te,39.872157,38.106413,Aytemiz,True,False
Şimşekler Grup Tarım Ürün.Taş. San. Ve Tic. Ltd. Şti,39.771492,37.085029,Aytemiz,False,False
Sivas Traktör Tar.Alet.Tar.ve Hay.D Tük.Mal.Pet.Ür.Nak.Oto.İml.İhr.İth,39.341758,36.382403,Aytemiz,True,False
İnallar Otomotiv Akaryakıt Petrol Ürünleri Nakliye İnş.Tic.Ltd.Şti.,40.110629,38.358007,Aytemiz,True,False
Tuğut Petrol Otomotiv Turizm Sanayi Ticaret Limited Şirketi,39.736515,37.030447,Aytemiz,True,True
Ay Yıldız Akaryakıt Turizm Sanayi Ticaret Limited Şirketi,39.869703,36.590983,Aytemiz,True,False
Lodos-3 Yatırım Enerji İnşaat Taahhüt Akaryakıt Gıda Nakliiyat A.,39.743938,37.025858,Aytemiz,True,False
Zenkar Tarım Akaryakıt Gıda İnşaat Nakliye San Tic Ltd Şti,39.179079,36.083983,Aytemiz,True,False
Şanlı Gübre Gıda İnşaat Petrol Sana Ticaret Limited Şirketi,39.223972,37.401629,Aytemiz,True,False
Aren Petrol Anonim Şirketi,39.814387,36.274774,Aytemiz,False,False
Molla Akaryakıt-2 İhr. Tic. San. Ltd. Şti,39.826023,37.277893,Aytemiz,True,False
Gemerek Motorlu Taşıyıcı Pet Gıd.San.Tic.Ltd.Şti.,39.209606,36.10028,Aytemiz,False,False
Liv Enerji-2 İnşaat Taahhüt Lojs.Madn.San.Tic.Ltd.Şti.,39.869317,36.623983,Aytemiz,True,False
Kılıç Pet. Oto Lastik Nak. İnş Tur. Gıd. San. ve Tic. LTDŞTİ,38.705117,37.40497,Aytemiz,True,False
Bem Petrol Turizm İnş.Tic.Ltd.Şti.,37.152846,38.808963,Aytemiz,True,False
Gül Pet.Gübre Bayi San.Ve Tic.Ltd.Ş,37.358787,38.519395,Aytemiz,True,False
Hasanoğlu Yapı İnşaat Petrol San.Tic.Ltd.Şti.,37.27905,38.793801,Aytemiz,True,False
Asoğlu Akaryakıt Petrol Ürünleri Sa  Ve Ticaret Limited Şirketi,37.269562,38.762426,Aytemiz,True,False
İmam Çiftçi Petrol Ür.İnş.Nak.Gıd.S Tic.Ltd.Şti,37.273191,38.795889,Aytemiz,True,False
Ekinci Ektiren Petrol Nakliyat Tarı İnş. San ve Tic Ltd Şti,37.228175,39.775389,Aytemiz,True,False
Bekenler Nak. Tar. Gıd. İnş. San. Ve Tic. Ltd. Şti.,36.880525,40.036051,Aytemiz,True,False
Bozan Sarı ve Oğulları Akar.Nak Tur.Seyahat.İth.İhr.Ltd.Şti,37.1128,38.821,Aytemiz,True,False
Mehmet Badıllı Petrol İnşaat San. Ve Tic. Limited Şirketi,37.160671,38.878554,Aytemiz,True,False
Er-Sa Petrol İnşaat Sanayi Ve Ticaret Limited Şirketi,37.747953,39.315798,Aytemiz,True,False
Açıksu Petrol Ürünleri Nak.İnş Sanayi Ve Ticaret Ltd. Şti.,37.186187,38.765256,Aytemiz,True,False
Esapet Ener. Pet. Oto. Gıd.Nak İnş San ve Tic A.Ş.,37.2116,38.7978,Aytemiz,True,False
Nergiz Akaryakıt Ürünleri Gıda İnş. Nak.San.ve Tic.Ltd.Şti,37.3278,42.1847,Aytemiz,False,False
Nazım Yarapsanlı Yarapsanlı Akaryakıt,41.057399,27.508446,Aytemiz,False,False
Sevinçler (2 Muratlı) İnş.Nak. Gıd.San.Tic.A.Ş,41.108353,27.492063,Aytemiz,False,False
Sevinçler (1 Süleymanpaşa) İnş.Nak. San.Tic.A.Ş,40.97895,27.534215,Aytemiz,True,False
Ballı Koll.Şti. Cemil ve Murat Ball,40.87293,26.993386,Aytemiz,True,True
Kardeşler Petrol Ürünleri Pazarlama Ticaret Anonim Şirketi,41.161062,27.790003,Aytemiz,False,False
Free Akaryakıt Pazarlama Ve Ticaret Limited Şirketi,41.191101,27.820799,Aytemiz,True,True
Çebi Petrol Ürn.Nak.Paz.San.Ve Tic. Şti,41.010554,27.717542,Aytemiz,True,False
Eroğlu Grup Akaryakıt İnşaat Orman Sanayi ve Ticaret Limited Şirketi,41.145385,27.852628,Aytemiz,True,False
Ağır Petrol Sanayi ve Ticaret Limit,41.393725,27.924744,Aytemiz,True,False
Ersar İnşaat(Ergene) Hırdavat Petro Bilgisayar ve Ticaret Sanayi Ltd.Ş,41.288771,27.666921,Aytemiz,False,False
Çelikler Grup Enerji Sanayi Anonim Şirketi,40.866252,26.729572,Aytemiz,True,False
Çeliksoy Petrol-2 Gıda Nakliye İnş.San.Tic.Ltd.Şti.,41.293508,27.936007,Aytemiz,True,False
Trakyam Petrol Ürünleri Oto.Nak.Gıd.San.Tic.Ltd.Şti.,40.935233,27.297846,Aytemiz,False,False
Sınırlı Sorumlu 1 NoluTekirdağ Lojs.Kar.Yol.Yük.Taş.Koop.,40.966476,27.502398,Aytemiz,False,False
GGG Petrolleri - 10 San.Tic.A.Ş.,40.980755,27.550313,Aytemiz,True,False
Zile Lop Et Mobilya Pet.İnş.Ltd.Şti,40.310507,35.914347,Aytemiz,True,False
Ergünler Petrol Orman Ürünleri Gıda Sanayi Ticaret Limited Şirketi,40.337572,37.540535,Aytemiz,True,False
Başak Petrol Ürünleri Otelcilik San Ve Ticaret Limited Şirketi,40.681651,36.552406,Aytemiz,True,False
Ahsen Çiçek Petrol Petrol Ürünleri Ve Ticaret Limited Şirketi,40.297966,36.553177,Aytemiz,True,False
Akdağ Bora (2 Tokat) Petrol Ürünler İnş.Taah.San. Ve Tic.Ltd.Şti.,40.333148,36.530398,Aytemiz,True,False
Şen Petrol Otomotiv A.Ş.,40.348406,36.506408,Aytemiz,True,False
Çamiçi PetrolKuyumculuk Turizm İnşa Ve Day.Tük.Mal.San.Tic.Ltd.Şti,40.571775,36.951382,Aytemiz,True,False
Topsakal Bilgi Teknolojileri Petrol Turizm Insaat San. Tic. Ltd. Sti.,40.634124,36.994257,Aytemiz,True,False
Arslan Akaryakıt Ürüneri Sanayi Ticaret Ltd Şti,40.38013,36.093148,Aytemiz,True,False
Has Tokat Turz.İnş.Hayv.Akr. Ürn.Oto.San.Tic.Ltd.Şti.,40.3153,36.3985,Aytemiz,True,False
ULS Akaryakıt Sanayi Tic.Ltd.Şti.,40.3329,36.5351,Aytemiz,True,False
Ali Usta - Birol Usta,41.072796,39.354812,Aytemiz,True,False
Adıgüzel Petrol Ürün.Tic.Nak.Ltd.Şt,40.873635,39.684254,Aytemiz,True,False
Aytekin Çanakçıoğlu Petrol Ltd.Şti.,41.056593,39.530573,Aytemiz,True,False
Er-Boz Pet.Ürün.San.Tic.Ltd.Şti.,40.911308,39.288769,Aytemiz,True,False
İpekyolu Petrol Ürünleri Turizm Tic. ve San.A.Ş.,40.808707,39.600916,Aytemiz,True,False
Yıldızlı Petrol (2 Akçaabat) Ürün. Tic.Ltd.Şti.,40.994882,39.569653,Aytemiz,True,False
Eroğlu Er Pet.İnş.Nak. Ve Tic.Ltd.Ş,40.963032,39.988883,Aytemiz,True,False
Erbaşaranlar Petrol Ürünleri Nakliy İnş.Ve Tic.Ltd.Şti.,41.015511,39.594538,Aytemiz,True,False
Birol Usta,41.064368,39.215981,Aytemiz,True,False
Süleyman Suha Bayraktar-Bayraktar P,40.93225,40.065199,Aytemiz,True,False
Zengin Kömür (1 Ortahisar) İşlet.Na  Turizm Sanayi Ticaret Limited  Şi,40.983954,39.749416,Aytemiz,True,False
Aytemiz (Trabzon) Petrolcülük Tic.Ltd.Şti.,40.991609,39.791169,Aytemiz,True,True
Ede Lojistik 2 Pet.Ür.Teks.İnş.Otom Tarım Hay.San.ve Tic.Ltd.Şti,40.964106,39.837817,Aytemiz,False,False
Nusret Çakiroglu Turizm Ins. Ltd. S,40.966254,40.302308,Aytemiz,True,True
Aytemiz (Beşirli-Ortahisar-Trabzon) Petrolcülük Tic.Ltd.Şti.,40.99636,39.673249,Aytemiz,False,True
Aydınlar Grup İnşaat Akaryakıt İnşa Turizm Ticaret Limited Şirketi,41.0006,39.7395,Aytemiz,False,False
Engin Petrol Ürün. İnş. Nak. Haf. Mad. Bet. San.Ve Tic. Ltd,41.039087,39.280234,Aytemiz,True,True
Ali Usta - Birol Usta - 2,40.984491,39.823104,Aytemiz,True,False
Yıldızlı Petrol-3 Ür. Nak. İnş Taah. Tur. Ser. Tic. Ltd. Şti,41.067223,39.516242,Aytemiz,True,False
Elezoğlu Petrol Ürü. İnş. Taah Tur. Nak. San. Ve Tic. Ltd Şti,40.979065,39.749948,Aytemiz,False,False
Yılmazlar Petrol Nakliyat Tur. İnş.ve Hafr.Tic.Ltd.Şti.,40.9533,39.9084,Aytemiz,True,False
Selçuk Erbaşaran Petrol Ürn.Oto.Turz.Nakl.Tic.Ltd.Şti.,40.970453,39.528476,Aytemiz,True,False
Manavlar Petrol Emlak İnş.San. Ve T Ltd.Şti,38.67843,29.450074,Aytemiz,True,False
MGE Akar. Nak. Tur. İnş. Oto. Mer. Gıd. San. Ve Tic. Ltd Şti,38.327307,28.915029,Aytemiz,False,False
Denktaş Petrolcülük Taahhüt Ve Sanayi Ticaret Limited Şirketi,38.681188,29.636446,Aytemiz,True,False
Gazi64 Akaryakıt İnş. Tur. Nak Gıda Ticaret A.ş.,38.6767,29.2555,Aytemiz,True,False
Uğursan Akaryakıt Nak.Tic.Ltd.Şti.,38.50736,43.379549,Aytemiz,True,False
Sonay Pet.Mad.İnş.Tar.Hay.Oto Taş.Taah.İth.İhr.Tic.San.Ltd.Ş,39.014599,43.389659,Aytemiz,True,False
Kılıçvan Taşımacılık Petrol İnş.Gıd.San.Tic.Ltd.Şti,38.317804,43.175433,Aytemiz,False,False
Öz-Akınsan Petrol Ürünleri Nak Gıd.Paz.San.Tic.Ltd.Şti.,38.657666,43.99106,Aytemiz,True,False
Uçarlar Van Akaryakıt Nak. İnş Tur. San. ve Tic. Ltd. Şti.,38.5129,43.3746,Aytemiz,True,False
Fıstıklı Akaryakıt ve Ticaret Anoni Şirketi,40.484462,28.884966,Aytemiz,False,False
Ceka Akaryakıt -2 Lojistik Kuyumcul San.Tic.Ltd.Şti.,40.680752,29.396174,Aytemiz,True,False
GGG Petrolleri-2 Sanayi Ve Ticaret Anonim Şirketi,40.619975,29.271007,Aytemiz,True,False
Kristal Gaz-İş-5 Oto. ve Taş. Tic. Ve San. Limited Şirketi,40.682668,29.40296,Aytemiz,True,False
Akdağ Bora Petrol Otomotiv Tic.Ltd.,39.659545,35.883444,Aytemiz,False,False
Coşkun Petrol Ve Otomotiv Tic.Ltd.Şti.,39.860623,34.933862,Aytemiz,True,False
Eryılmazlar Petrol Ve Tur.Yat.Ltd.Ş,39.302211,35.619196,Aytemiz,True,False
Ardıçlar Akaryakıt Nakliye Tar.Hayv İnş.Malz.San.Tic.Ltd.Şti.,39.685026,35.424835,Aytemiz,True,True
Özbozkurt Nakliye İnşaat Petrol Gıd Tarım Ürünleri Ticaret Sanayi Ltd.,39.834645,34.778219,Aytemiz,True,False
Hitit Ges Enerji Sanayi Ticaret Lim Şirketi,39.823914,34.817904,Aytemiz,True,True
Yılmaz Turizm Sanayi ve Ticaret Limited Şirketi,39.817645,34.786942,Aytemiz,True,False
Seymen Petrol İnşaat Turizm Nakliya Madencilik Ticaret Limited Şirketi,39.229868,35.482342,Aytemiz,True,False
Gürsan Yatırım Ve Enerji Anonim Şirketi,39.972076,35.848651,Aytemiz,False,False
Durmazlar Tarım -2 Ürn.Hayv.Gıd. Akr.Turz.İnş.Paz.Tic.San.Ltd.Ş,39.1881,35.2441,Aytemiz,True,False
Şahbazlar Gıda Akaryakıt Nak.İnş.Turz.Tar.Hayv.Ürn.San.,39.7901,35.2318,Aytemiz,True,False
Tabakoğlu İnşaat Nakliye Orman Ürün Petrol Hayvancılık San.Ve Tic.Ltd.,41.262492,32.034809,Aytemiz,True,False
Kamil Mantarlı İnşaat Nakliye Turiz Ürün.Paz.Ve Kuy.San.Ve Tic.A.Ş.,41.416714,32.093801,Aytemiz,True,False
Avcılar Akaryakıt Petrol Ürünleri S ve Ticaret Limited Şirketi,41.271327,31.542867,Aytemiz,True,False
Özdemir Petrol İnşaat Nakliyat Ve Ticaret Anonim Şirketi,41.451373,31.758127,Aytemiz,False,False
Çebi Akaryakıt Kaf. Hiz. Taş. Gıda Kir. Tur. Ener Sos. Hiz. San. Tic L,41.22138273799917,31.40941638459084,Aytemiz,True,False
Geylaniler Petrol Ürünleri Ticaret Ve Sanayi Limited Şirketi,36.96576,35.609555,Kadoil,False,False
ALTINYÜZÜK GIDA AKARYAKIT VE PETROL ÜRÜNLERİ İTHALAT İHRACAT TURİZM TİCARET VE SANAYİ LİMİTED ŞİRKETİ,36.873306,35.346085,Kadoil,False,False
Tanrıverdi Petrol Nakliyat Gıda Turizm Sanayi Ve Ticaret Limited Şirketi,37.442945,35.780642,Kadoil,False,False
Mobay Petrol Turizm Tarım Gübre İnşaat Gıda Fırın Lokanta Nakliyat Sanayi Ve Ticaret Limited Şirketi,37.491919,35.83175,Kadoil,False,False
İZ PETROL İNŞAAT NAKLİYAT GIDA GÜBRE MADEN İTHALAT İHRACAT SANAYİ VE TİCARET LİMİTED ŞİRKETİ,37.424777,35.788907,Kadoil,False,False
MEHMET ALTINYÜZÜK-YÜZBAŞI PETROL - 2,36.724757,35.335552,Kadoil,False,False
Mehmet Altınyüzük-Yüzbaşı Petrol,36.725556,35.336114,Kadoil,False,False
Nadir İnşaat Nakliyat Hafriyat Turizm Temizlik Gıda Marketçilik Daynıklıtüketim Petrol Ürünler Taahhüt Sanayi Ve Ticaret Limited Şirketi,37.259391,35.661505,Kadoil,False,False
KARDELEN PETROL ÜRÜNLERİ TARIM NAKLİYE GIDA İNŞAAT EMLAK OTOMOTİV SANAYİ VE TİCARET LİMİTED ŞİRKETİ,37.370829,35.845197,Kadoil,False,False
BİNBEĞİ PETROL ÜRÜNLERİ LPG TİCARET VE SANAYİ LİMİTED ŞİRKETİ,36.587922,35.383953,Kadoil,False,False
Bazlar Gıda Zirai İlaç Gübre Tarım Petrol Sanayi ve Ticaret Limited Şirketi,36.8078487,35.5663104,Kadoil,False,False
RAV PETROL YEMEKÇİLİK TEMİZLİK İNŞAAT SANAYİ TİCARET ANONİM ŞİRKETİ-2,36.996357,35.343408,Kadoil,False,False
CENGİZ GÖL,37.2717,35.6818,Kadoil,False,False
TASER GRUP İNŞAAT HAZIR BETON MADENCİLİK NAKLİYE İMALAT SANAYİ VE TİCARET ANONİM ŞİRKETİ,36.991911,35.316111,Kadoil,False,False
ALTUNOK PETROL SANAYİ VE TİCARET LİMİTED ŞİRKETİ,37.276241,35.854505,Kadoil,False,False
Yetiş Petrol Ticaret Kollektif Şirketi Mehmet Emin Yetiş Ve Ortakları,37.78775,38.625768,Kadoil,False,False
GÜMÜŞ AKARYAKIT İNŞAAT NAKLİYAT GIDA SANAYİ VE TİCARET LİMİTED ŞİRKETİ,37.7007,38.121016,Kadoil,False,False
Özdereci Akaryakıt Turizm İnşaat Mühendislik Nakliyat Sanayi Ve Ticaret Limited Şirketi,37.722979,38.175086,Kadoil,False,False
Erdal Özdemir,38.0211658,39.027196,Kadoil,False,False
SEZGİN AKARYAKIT OTOMOTİV GIDA TAŞIMACILIK SANAYİ VE TİCARET LİMİTED ŞİRKETİ,37.75638,38.23621,Kadoil,False,False
MUSCEN TARIM İNŞAAT TAŞIMACILIK TEMİZLİK HAYVANCILIK AKARYAKIT GIDA SANAYİ VE TİCARET LİMİTED ŞİRKETİ,37.77372,38.790827,Kadoil,False,False
ENVEROĞLU TAŞIMACILIK AKARYAKIT SANAYİ TİCARET LİMİTED ŞİRKETİ,37.579807,38.475697,Kadoil,False,False
KAHTA TARIMSAL YAYIM VE DANIŞMANLIK MEDİKAL TAŞIMACILIK HAYVANCILIK PETROL ÜRÜNLERİ YENİLENEBİLİR ENERJİ TARIM SANAYİ VE TİCARET LİMİTED ŞİRKETİ,37.811288,38.771199,Kadoil,False,False
FETHİBEY BELEDİYESİ AKARYAKIT İSTASYONU İŞLETMESİ,38.851515,30.498702,Kadoil,False,False
Yeni Sarıkavak Petrol Gıda Taşımacılık İnşaat Turizm Pazarlama Sanayi Ve Ticaret Limited Şirketi,37.872013,29.810114,Kadoil,False,False
ALPAY TEKSTİL ÜRÜNLERİ İMALAT PAZARLAMA VE SANAYİ TİCARET LİMİTED ŞİRKETİ - 2,38.717604,31.036207,Kadoil,False,False
DİLHAS UĞUR,38.798506,30.373787,Kadoil,False,False
Alpay Tekstil Ürünleri İmalat Pazarlama ve Sanayi Ticaret Ltd. Şti.,38.686916,30.709947,Kadoil,False,False
iptal ASİ NAKLİYAT VE PETROLCÜLÜK SANAYİ TİCARET LİMİTED ŞİRKETİ,38.737415,30.349426,Kadoil,False,False
AKKUM HARFİYAT NAKLİYAT PETROL ÜRÜNLERİ YURT İŞLETMECİLİĞİ VE TEMİZLİK TİC. LTD. ŞTİ.,38.596904,31.034427,Kadoil,False,False
AFYON AK GRUP İNŞAAT PVC HAZIR BETON TARIM HAYVANCILIK OTOMOTİV NAKLİYE KÖMÜR MADENCİLİK AKARYAKIT İTHALAT İHRACAT SANAYİ VE TİCARET LİMİTED ŞİRKETİ,38.695556,31.051667,Kadoil,False,False
KOCAAHMEDLER PETROL İNŞAAT MİMARLIK TARIM HAYVANCILIK VE İTHALAT İHRACAT SANAYİ TİCARET LİMİTED ŞİRKETİ,38.5262,30.5478,Kadoil,False,False
HAYDAROĞULLARI PETROL SANAYİ VE TİCARET LİMİTED ŞİRKETİ,38.795768,30.195102,Kadoil,False,False
ABİM AKARYAKIT TARIM GIDA NAKLİYAT SANAYİ VE TİCARET LİMİTED ŞİRKETİ,38.164504,30.191886,Kadoil,False,False
GEMPA ENERJİ SANAYİ VE TİCARET LİMİTED ŞİRKETİ,38.926579,31.596194,Kadoil,False,False
ESİN SANAYİ TİCARET LİMİTED ŞİRKETİ,39.22412,42.853812,Kadoil,False,False
Emrah Yıldırım,39.67892,43.02256,Kadoil,False,False
Nurşah Nakliyat İnşaat Taahhüt Sanayi Ticaret Limited Şirketi,39.68592,43.240005,Kadoil,False,False
DOĞUKAN TANRIKULU,39.5445,43.959905,Kadoil,False,False
Adem Boğucu,39.0758,42.8972,Kadoil,False,False
CMS PETROL İNŞAAT TURİZM GIDA İTHALAT İHRACAT SANAYİ TİCARET LİMİTED ŞİRKETİ-AĞRI,39.53298,43.67607,Kadoil,False,False
ZANA NAKLİYE PETROL OTOMOTİV İNŞAAT GIDA İTHALAT VE İHRACAT PAZARLAMA SANAYİ LTD. ŞTİ.,39.60016,44.052449,Kadoil,False,False
CMS PETROL İNŞAAT TURİZM GIDA İTHALAT İHRACAT SANAYİ TİCARET LİMİTED ŞİRKETİ,39.5395,43.9838,Kadoil,False,False
ÜMİT TEMİZLİK İNŞAAT TURİZM GIDA TARIM PETROLCÜLÜK SANAYİ VE TİCARET LİMİTED ŞİRKETİ,38.448374,33.931399,Kadoil,False,False
OKURLAR PETROL HAYVANCILIK TARIM İNŞAAT GIDA NAKLİYE SANAYİ TİCARET LİMİTED ŞİRKETİ,38.292107,33.767361,Kadoil,False,False
MFİ GÜNGÖR PETROL GIDA HAYVANCILIK İNŞAAT OTOMOTİV TURİZM SANAYİ VE TİCARET LİMİTED ŞİRKETİ,38.241086,34.300347,Kadoil,False,False
ÜNAL KARDEŞLER İNŞAAT NAKLİYAT MADENCİLİK TURİZM PETROL SANAYİ VE TİCARET LİMİTED ŞİRKETİ,38.437725,33.944874,Kadoil,False,False
KELİKLER AKARYAKIT TARIM HAYVANCILIK NAKLİYE İNŞAAT SANAYİ VE TİCARET LİMİTED ŞİRKETİ,38.196499,33.343786,Kadoil,False,False
AYYILDIZLAR PETROL ÜRÜNLERİ MADENİ YAĞ NAKLİYE İNŞAAT TAAHHÜT GIDA MARKET EMLAK VE OTO ALIM SATIM KOMİSYONCULUĞU SANAYİ VE TİCARET LİMİTED ŞİRKETİ(AKSARAY),38.740268,34.044096,Kadoil,False,False
AKSARAY DURU PETROLCÜLÜK SANAYİ TİCARET LİMİTED ŞİRKETİ,38.358124,33.975842,Kadoil,False,False
NESPET AKARYAKIT SANAYİ VE TİCARET LİMİTED ŞİRKETİ,38.251482,33.994794,Kadoil,False,False
AYTUĞ AKARYAKIT İNŞAAT PAZARLAMA NAKLİYAT SANAYİ VE TİCARET LTD.ŞTİ,38.366466,34.007316,Kadoil,False,False
BAYRAKDAR AKARYAKIT SANAYİ TİCARET LİMİTED ŞİRKETİ,38.343355,33.751255,Kadoil,False,False
ÖMER BİLGİN AKARYAKIT OTOMOTİV SANAYİ TİCARET LİMİTED ŞİRKETİ (Bahçecik Köyü),40.859275,35.480771,Kadoil,False,False
TÜMTURK PETROLCÜLÜK ANONİM ŞİRKETİ (AMASYA),40.86657,35.52855,Kadoil,False,False
ÜNYAZ OTOMOTİV PETROL ÜRÜNLERİ PAZARLAMA SANAYİ VE TİCARET ANONİM ŞİRKETİ,38.93363,33.542701,Kadoil,False,False
Akköprü Petrol Akaryakıt Ürünleri TaşımacılıkTicaret Ve Sanayi Anonim Şirketi(Yenimahalle),39.954361,32.831495,Kadoil,False,False
İbrahim Sarı,40.129262,31.910893,Kadoil,False,False
Başkent Oil Akaryakıt Nakliye İnşaat Gıda Ürünleri Sanayi İç Ve Dış Ticaret Limited Şirketi,40.199163,32.691588,Kadoil,False,False
ASSİYE KILINÇ,39.25710634774285,32.25628081534144,Kadoil,False,False
Mihraç Petrol Ürünleri Otomotiv Nakliyat Tarım İnşaat Malzemeleri Sanayi Ticaret Limited Şirketi,39.431601,32.517861,Kadoil,False,False
DAMLASOY PETROL ÜRÜNLERİ NAKLİYE TARIM VE HAYVANCILIK SANAYİ TİCARET LİMİTED ŞİRKETİ,39.1505,33.278,Kadoil,False,False
BK Petrol Akaryakıt Ürünleri Taşımacılık Ticaret ve Sanayi Limited Şirketi,39.934349,32.71914,Kadoil,False,False
ANKARA KALE PETROL NAKLİYE İNŞAAT TARIM HAYVANCILIK SANAYİ VE TİCARET LİMİTED ŞİRKETİ,39.234671,33.019966,Kadoil,False,False
BCR GIDA İÇ VE DIŞ TİCARET ANONİM ŞİRKETİ,39.966219,33.143266,Kadoil,False,False
KESER PETROL SANAYİ VE TİCARET ANONİM ŞİRKETİ,40.057301,32.625001,Kadoil,False,False
İBRAHİM SARI,40.16855,31.924841,Kadoil,False,False
ÜLGERLER TUZGÖLÜ AKARYAKIT TURİZM NAKLİYAT SANAYİ VE TİCARET LİMİTED ŞİRKETİ,39.076122,33.413143,Kadoil,False,False
ARAYIT PETROL GIDA İNŞAAT NAKLİYE TARIM SANAYİ TİCARET LİMİTED ŞİRKETİ,39.414224,31.987441,Kadoil,False,False
KUĞULU PETROL AKARYAKIT ÜRÜNLERİ TAŞIMACILIK SANAYİ VE TİCARE A.Ş.,39.908841,32.858512,Kadoil,False,False
YENİKENT PETROL ÜRÜNLERİ OTOMOTİV İNŞAAT GİYİM GIDA SANAYİ VE TİCARET LİMİTED ŞİRKETİ-2,39.204318,32.743497,Kadoil,False,False
ODİ ENERJİ AKARYAKIT NAKLİYE OTOMOTİV İNŞAAT SANAYİ TİCARET LİMİTED ŞİRKETİ,39.95209,33.06555,Kadoil,False,False
BAŞKENT VİZYON AKARYAKIT LİMİTED ŞİRKETİ GÖLBAŞI ŞUBESİ,39.547311,32.859838,Kadoil,False,False
ŞTAŞ AKARYAKIT ENERJİ NAKLİYE OTOMOTİV İNŞAAT SANAYİ LİMİTED ŞİRKETİ,39.655979,32.218631,Kadoil,False,False
ASİ NAKLİYAT VE PETROLCÜLÜK SANAYİ TİCARET LİMİTED ŞİRKETİ,40.033858,32.856048,Kadoil,False,False
GENÇLER PET. ÜRÜ. VE OTO. SANAYİ TURZ. TAAH. TİCARET LİMİTED ŞİRKETİ,37.219848,30.506657,Kadoil,False,False
HAKER PETROL ÜRÜNLERİ İNŞAAT TURİZM TARIM VE ORMANCILIK PAZARLAMA NAKLİYAT SANAYİ VE TİCARET LİMİTED ŞİRKETİ,36.550671,32.015686,Kadoil,False,False
TEK-PET PETROL ÜRÜNLERİ TİCARETİ VE DİNLENME TESİSLERİ İŞLETMECİLİĞİ TURİZM SANAYİ VE TİCARET LİMİTED ŞİRKETİ,36.947062,30.850823,Kadoil,False,False
ÖNCÜ ÇİÇEK AKARYAKIT VE OTOGAZ ÜRÜNLERİ İNŞAAT GIDA PAZARLAMA TİCARET LİMİTED ŞİRKETİ,36.332245,30.27671,Kadoil,False,False
POLATLAR GÜVENLİK SİSTEMLERİ AYDINLATMA PETROL OTOMOTİV NAKLİYAT İNŞAAT SANAYİ TİCARET LİMİTED ŞİRKETİ,36.8985,30.7621,Kadoil,False,False
MARİN ENERJİ LOJİSTİK İNŞAAT PETROL GIDA SANAYİ VE TİCARET LİMİTED ŞİRKETİ,36.899338,31.207151,Kadoil,False,False
URAS AKARYAKIT NAKLİYE TİCARET LİMİTED ŞİRKETİ,36.888412,30.735659,Kadoil,False,False
AKSU FRİGO AKARYAKIT NAKLİYE ARAÇ KİRALAMA İNŞAAT GAYRİMENKUL SANAYİ VE TİCARET LİMİTED ŞİRKETİ,36.946816,30.867027,Kadoil,False,False
BALSAY PETROL ÜRÜNLERİ TAŞIMACILIK SANAYİ VE TİCARET ANONİM ŞİRKETİ,36.857693,30.869498,Kadoil,False,False
TEK-PET PETROL ÜRÜNLERİ TİCARETİ VE DİNLENME TESİSLERİ İŞLETMECİLİĞİ TURİZM SANAYİ VE TİCARET LİMİTED ŞİRKETİ-3,36.3647,30.1512,Kadoil,False,False
Köprüçay Petrol Ürünleri Turizm Tarım Hayvancılık Sanayi Ticaret Limited Şirketi,36.915183,31.233912,Kadoil,False,False
Çine Çınar Petrol İnşaat Enerji Tarım Gıda Hayvancılık Turizm Sanayi Ve Ticaret Limited Şirketi,37.54928,28.062157,Kadoil,False,False
Özaltındağ Petrol Sanayi ve Ticaret Limited Şirketi,37.831944,27.844166,Kadoil,False,False
YONPET AKARYAKIT ÜRÜNLERİ İNŞAAT SANAYİ VE TİCARET LİMİTED ŞİRKETİ,37.696676,27.949726,Kadoil,False,False
DURU PETROLCÜLÜK ASFALT DEPOLAMA SANAYİ VE TİCARET LİMİTED ŞİRKETİ,37.883285,28.103747,Kadoil,False,False
ESENBEY AKARYAKIT PETROL ÜRÜNLERİ NAKLİYE İNŞAAT SANAYİ VE TİCARET LİMİTED ŞİRKETİ,37.910152,28.324034,Kadoil,False,False
ARVEL AKARYAKIT SANAYİ TİC. LTD.ŞTİ.,37.853679,28.072979,Kadoil,False,False
ERKA PETROLCÜLÜK SANAYİ VE TİCARET LİMİTED ŞİRKETİ,37.762532,27.373732,Kadoil,False,False
YURTSEVER DÂHİLİ TİCARET PETROL ÜRÜNLERİ PAZARLAMA LİMİTED ŞİRKETİ,39.522388,28.011856,Kadoil,False,False
Özel Kardeşler Petrol Gıda Kuyumculuk Tarım Turizm Sanayi Ve Ticaret Limited Şirketi,39.389513,26.836338,Kadoil,False,False
3M1 Akaryakıt İnş. Gıda İhr. İth. San. Tic. Ltd. Şti.,39.510062,26.973247,Kadoil,False,False
Kozcan Tarım Gıda Ve Petrol Ürünleri İnşaat Nakliyat Hayvancılık Sanayi Ticaret Limited Şirketi,39.318898,26.840328,Kadoil,False,False
Kozcan Tarım Gıda Ve Petrol Ürünleri İnşaat Nakliyat Hayvancılık Sanayi Ticaret Limited Şirketi – 2 (168 ada),39.318428,26.840386,Kadoil,False,False
MARİNA AKARYAKIT PETROL ÜRÜNLERİ İNŞAAT OTOMOTİV TURİZM İTHALAT İHRACAT SANAYİ VE TİCARET LİMİTED ŞİRKETİ,39.378821,26.830125,Kadoil,False,False
ÖZ KARDEŞLER PETROL NAKLİYAT İNŞAAT TARIM HAYVANCILIK İTHALAT İHRACAT SANAYİ VE TİCARET LİMİTED ŞİRKETİ,39.990261,28.202961,Kadoil,False,False
CANER PETROL ÜRÜNLERİ GIDA MADDELERİ VE TURİZM İŞLETMECİLİĞİ SANAYİ VE TİCARET LİMİTED ŞİRKETİ,40.292875,27.564852,Kadoil,False,False
ÖTÜKENT İNŞAAT SANAYİ TİCARET LİMİTED ŞİRKETİ,41.590663,32.322473,Kadoil,False,False
ÖZPOLATLAR PETROL İNŞAAT TAAHHÜT NAKLİYE OTOMOTİV GIDA SANAYİ VE TİCARET LİMİTED ŞİRKETİ,37.884605,41.121891,Kadoil,False,False
ÖZ AYHAN PETROL KUYUMCULUK İNŞAAT NAKLİYAT TAAHHÜT SANAYİ VE TİCARET LİMİTED ŞİRKETİ,37.890169,41.15099,Kadoil,False,False
BARAN-YAĞMUR PETROL NAKLİYAT İNŞAAT TEMİZLİK MEDİKAL TAAHHÜT İTHALAT İHRACAT SANAYİ VE TİCARET LİMİTED ŞİRKETİ,37.875865,41.116176,Kadoil,False,False
BECİRMAN PETROL İNŞAAT NAKLİYAT HAFRİYAT TEKSTİL TURİZM SANAYİ VE TİCARET LİMİTED ŞİRKETİ,37.974722,41.151111,Kadoil,False,False
OĞUZLAR DİNLENME TESİSLERİ PETROL İNŞAAT SANAYİ TİCARET LİMİTED ŞİRKETİ,37.70404,41.46763,Kadoil,False,False
CANYOL PETROL OTOMOTİV İNŞAAT NAKLİYE TELEKOMÜNİKASYON SANAYİ VE TİCARET LİMİTED ŞİRKETİ,37.925262,41.297058,Kadoil,False,False
LİDER-ÖNDER PETROL NAKLİYE İNŞAAT GIDA TARIM HAYVANCILIK TURİZM TEKSTİL SANAYİ VE TİCARET LİMİTED ŞİRKETİ,41.20956,36.597752,Kadoil,False,False
HÜSEYİN SARI-2,40.027107,30.178247,Kadoil,False,False
HÜSEYİN SARI,40.08813,30.14792,Kadoil,False,False
İMROZ ÖZDEMİR-HAMZAOĞLU PETROL,40.231857,30.016707,Kadoil,False,False
PİGA AKARYAKIT LİMİTED ŞİRKETİ,39.885076,30.160404,Kadoil,False,False
Yüzen Ada Yakıt Enerji İnşaat Gıda Tarım Hayvancılık Eğitim Turizm Ticaret Ve Sanayi Limited Şirketi,38.967511,41.070309,Kadoil,False,False
Öz Genç Petrol Ürünleri Turizm İnşaat Nakliyat Tarım Hayvancılık Gıda Temizlik Ticaret Ve Sanayi Limited Şirketi,38.751093,40.54025,Kadoil,False,False
Kervansaraylar Petrol İnşaat Turizm Hayvancılık Gıda Ticaret ve Sanayi Limited Şirketi,38.913263,40.598207,Kadoil,False,False
AZİZOĞLU PETROL EMLAK İNŞAAT GIDA NAKLİYAT SANAYİ VE DIŞ TİCARET LİMİTED ŞİRKETİ,38.934276,38.934276,Kadoil,False,False
KARABAĞLAR YAKIT CANLI HAYVAN TEKSTİL TAŞIMACILIK GIDA İNŞAAT SANAYİ VE TİCARET LİMİTED ŞİRKETİ,39.286811,41.001071,Kadoil,False,False
MERMER PETROL ÜRÜNLERİ MADENCİLİK İNŞAAT TURİZM TAAHHÜT İTHALAT İHRACAT SANAYİ VE TİCARET LİMİTED ŞİRKETİ,38.367949,42.093766,Kadoil,False,False
Ahlat Petrol İnşaat Turizm Madencilik Sanayi Ve Ticaret Limited Şirketi,38.747687,42.471893,Kadoil,False,False
DT Doğukan Tekstil Petrol Sanayi Ve Ticaret Limited Şirketi,38.275358,42.312049,Kadoil,False,False
MEHMET SIDDIK PORSUK,38.802829,42.352786,Kadoil,False,False
KARASU İKİZLER PETROL İNŞAAT SANAYİ TİCARET LİMİTED ŞİRKETİ,38.2215,42.4167,Kadoil,False,False
KASİT KARDEŞLER PETROL MADEN İNŞAAT NAKLİYE SANAYİ VE TİCARETİ LİMİTED ŞİRKETİ,38.36992893730225,42.09443561116486,Kadoil,False,False
S.S. Haccağız Tarımsal Kalkınma Kooperatifi,40.389669,31.558432,Kadoil,False,False
CİHANGİR GRUP AKARYAKIT SANAYİ VE TİCARET LİMİTED ŞİRKETİ (Kazanlar Köyü),40.722211,32.282223,Kadoil,False,False
ULTRA PETROL SANAYİ VE TİCARET LTD.ŞTİ (Gerede Şube),40.846264,32.446487,Kadoil,False,False
MAYTUR PETROL ÜRÜNLERİ EMLAK İNŞAAT TURİZM TAŞIMACILIK YÖNETİM DANIŞMANLIĞI TİCARET LİMİTED ŞİRKETİ-BURDUR,37.496133,29.54553,Kadoil,False,False
TEK-PET PETROL ÜRÜNLERİ TİCARETİ VE DİNLENME TESİSLERİ İŞLETMECİLİĞİ TURİZM SANAYİ VE TİCARET LİMİTED ŞİRKETİ-BURDUR,30.485401,37.311967,Kadoil,False,False
Melka Umut Petrol Nakliyat İnşaat Turizm Oto Pazarlama Sanayi Ve Ticaret Limited Şirketi,37.424629,29.972341,Kadoil,False,False
AYYILDIZLAR PETROL ÜRÜNLERİ MADENİ YAĞ NAKLİYE İNŞAAT TAAHHÜT GIDA MARKET EMLAK VE OTO ALIM SATIM KOMİSYONCULUĞU SANAYİ VE TİCARET LİMİTED ŞİRKETİ-BURSA,40.2153,28.6271,Kadoil,False,False
BAŞKENT VİZYON AKARYAKIT LİMİTED ŞİRKETİ-KARACABEY,40.232574,28.494919,Kadoil,False,False
AYDOĞANLAR OTOMOTİV SANAYİ VE TİCARET ANONİM ŞİRKETİ,39.99615,29.61086,Kadoil,False,False
KARAHAN GRUP PETROL ÜRÜNLERİ İNŞAAT NAKLİYAT SANAYİ VE TİCARET LİMİTED ŞİRKETİ,40.436145,29.254564,Kadoil,False,False
ASIRPET AKARYAKIT İNŞAAT VE OTOMOTİV SANAYİ TİCARET LİMİTED ŞİRKETİ,40.292501,26.394518,Kadoil,False,False
ROTA OİL PETROL ÜRÜNLERİ İNŞAAT SANAYİ VE TİCARET ANONİM ŞİRKETİ,39.71691,26.22477,Kadoil,False,False
HASKOÇ PETROL ÜRÜNLERİ GIDA TAŞIMACILIK İNŞAAT SANAYİ VE TİCARET LİMİTED ŞİRKETİ,40.343769,33.999798,Kadoil,False,False
AYDINLAR AKARYAKIT MARKETÇİLİK İNŞAAT TURİZM OTOMOTİV MADENCİLİK SANAYİ VE TİCARET LİMİTED ŞİRKETİ,40.47,33.275278,Kadoil,False,False
Ballıca Petrol Ürünleri Nakliye İnşaat Otomotiv Sanayi Ticaret Limited Şirketi,40.55129,33.612694,Kadoil,False,False
ROJHAT PETROL İNŞAAT NAKLİYE SANAYİ VE TİCARET LİMİTED ŞİRKETİ,40.357833,33.525911,Kadoil,False,False
ŞTAŞ AKARYAKIT ENERJİ NAKLİYE OTOMOTİV İNŞAAT SANAYİ LİMİTED ŞİRKETİ-ÇANKIRI,40.870235,33.491978,Kadoil,False,False
AYDOĞMUŞ PETROL ÜRÜNLERİ TİCARET VE SANAYİ LİMİTED ŞİRKETİ,40.357861,33.966351,Kadoil,False,False
MESUT ARSLAN,40.650173,33.603165,Kadoil,False,False
AYD PETROL ÜRÜNLERİ PAZARLAMA NAKLİYE İNŞAAT TAAHHÜT TİCARET VE SANAYİ LİMİTED ŞİRKETİ,40.557131,34.908059,Kadoil,False,False
YILDIRIM NAKLİYAT TİCARET SANAYİ LİMİTED ŞİRKETİ,40.6136,35.1222,Kadoil,False,False
İBRAHİM UĞUR,37.361354,29.487308,Kadoil,False,False
FA PETROL İNŞAAT TAAHHÜT SANAYİ VE TİCARET LİMİTED ŞİRKETİ,37.33723,28.723733,Kadoil,False,False
ŞERİFOĞLU DAYANIKLI TÜKETİM MALLARI TEKSTİL GIDA MOBİLYA VE İNŞAAT SANAYİ TİCARET LİMİTED ŞİRKETİ,37.575576,29.275263,Kadoil,False,False
EVO ENERJİ A.Ş.,38.05156,28.862253,Kadoil,False,False
YENİ SARIKAVAK PETROL GIDA TAŞIMACILIK İNŞAAT TURİZM PAZARLAMA SANAYİ VE TİCARET LİMİTED ŞİRKETİ-DENİZLİ ŞUBESİ,37.78517,29.09312,Kadoil,False,False
HÜSEYİN AYRANCI AKARYAKIT TAŞIMACILIK HAZIR BETON İNŞAAT SANAYİ VE TİCARET LİMİTED ŞİRKETİ-ZEYTİNKÖY,37.734311,29.121317,Kadoil,False,False
HÜSEYİN AYRANCI AKARYAKIT TAŞIMACILIK HAZIR BETON İNŞAAT SANAYİ VE TİCARET LİMİTED ŞİRKETİ-NİKFER,37.411755,29.123609,Kadoil,False,False
HÜSEYİN AYRANCI AKARYAKIT TAŞIMACILIK HAZIR BETON İNŞAAT SANAYİ VE TİCARET LİMİTED ŞİRKETİ,37.539507,29.041736,Kadoil,False,False
Abdaloğulları İnşaat Petrol Otomotiv Tarım ve Kuyumculuk Ticaret Limited Şirketi,38.237374,39.789001,Kadoil,False,False
SALİHOĞULLARI PETROLCÜLÜK NAKLİYECİLİK VE TARIM ÜRÜNLERİ SANAYİ TİCARET LİMİTED ŞİRKETİ,37.849905,40.654307,Kadoil,False,False
İsmail Yiğit Uğur Petrol,38.222857,39.802139,Kadoil,False,False
Has Petrol İnşaat Otomotiv Turizm Sanayi ve Ticaret Limited Şirketi,37.842192,40.229781,Kadoil,False,False
Karaaslanoğlu Petrol Otomotiv İnşaat Tarım Hayvancılık Nakliye Turizm İthalat İhracat Sanayi Ticaret Ltd Şti.,38.249221,39.778073,Kadoil,False,False
Gaban Petrol İnşaat Nakliyat Gıda Turizm Sanayi ve Ticaret Limited Şirketi,38.361941,40.390512,Kadoil,False,False
Feyfer İnşaat Nakliyat Hafriyat Petrol Ürünleri Turizm Sanayi Ve Ticaret Limited Şirketi,37.991836,40.158509,Kadoil,False,False
Celal Çelik,38.275584,39.749227,Kadoil,False,False
Sehit Kaya,38.127178,39.479909,Kadoil,False,False
Murat Karadaş - Bereketli Petrol,38.149733,39.822531,Kadoil,False,False
Mehmet Halit Demir,37.718833,40.421056,Kadoil,False,False
HAMZA GÜNDÜZ,38.428538,40.558267,Kadoil,False,False
RCA PETROL ÜRÜNLERİ İNŞAAT SAĞLIK TARIM EĞİTİM HİZMETLERİ SAN. TİC. İTH. İHR. LTD. ŞTİ.,38.135101,41.029656,Kadoil,False,False
Bismil Petrol Otomotiv Nakliye İnşaat Emlak Gıda Sanayi Ve Ticaret Limited Şirketi,37.843792,40.709735,Kadoil,False,False
Cms Danışmanlık Mühendislik Petrol İnşaat Tarım Sanayi ve Ticaret Limited Şirketi,38.127918,40.779156,Kadoil,False,False
BARSANPET AKARYAKIT TURİZM İNŞAAT OTOMOTİV VE GIDA LİMİTED ŞİRKETİ,38.021722,40.102111,Kadoil,False,False
HASEN PETROL İNŞAAT MADENCİLİK GIDA HAYVANCILIK SANAYİ VE TİCARET LTD.ŞTİ,38.146682,39.507233,Kadoil,False,False
ERYIL PETROL İNŞ. GIDA OTOMOTİV LOJİSTİK SAN. VE TİC. A.Ş.,38.006222,40.116441,Kadoil,False,False
MNZ YAPI İNŞAAT OTOMOTİV PETROL EMLAK TARIM SANAYİ VE TİCARET LTD. ŞTİ.,37.8402774,40.1552824,Kadoil,False,False
ALTUNTEPE PETROL TARIM OTOMOTİV NAKLİYE TURİZM İNŞAAT ZİRAİ İLAÇ SANAYİ VE TİCARET LİMİTED ŞİRKETİ,37.799561,40.744261,Kadoil,False,False
SAYAR GROUP PETROL YAPI NAKLİYAT KATI ATIK SANAYİ ANONİM ŞİRKETİ,37.907793,40.069363,Kadoil,False,False
Bircihan Petrol Sanayi ve Tic.Ltd.Şti.,37.8725577,40.231079,Kadoil,False,False
Bağdatlı Petrol Ürünleri Nakliyat Oto Gıda Turizm Ticaret Sanayi Limited Şirketi,40.773337,31.318999,Kadoil,False,False
KARAM PETROL NAKLİYE SANAYİ TİCARET LİMİTED ŞİRKETİ,40.9537,31.4244,Kadoil,False,False
UZUNTUR PETROL SANAYİ VE TİCARET LİMİTED ŞİRKETİ,41.086536,31.177206,Kadoil,False,False
HAYMANA GRUP TEKSTİL İNŞAAT PETROL SANAYİ VE TİC. LTD. ŞTİ.,40.787958,31.260865,Kadoil,False,False
SAKARYA TARIM ÜRÜNLERİ MADENCİLİK SANAYİ VE TİCARET LİMİTED ŞİRKETİ,40.97947,26.549805,Kadoil,False,False
ALKAN PETROL TAŞIMACILIK GIDA SANAYİ VE TİCARET LİMİTED ŞİRKETİ- HAVSA,41.668576,26.875062,Kadoil,False,False
ÇAM GLOBAL GAYRİMENKUL DANIŞMANLIK İNŞAAT PETROL SANAYİ TİCARET LİMİTED ŞİRKETİ,41.454872,26.622194,Kadoil,False,False
ALEMDARLAR PETROL OTOMOTİV TARIM ÜRÜNLERİ GIDA SANAYİ VE TİCARET LİMİTED ŞİRKETİ,41.32994,26.69254,Kadoil,False,False
Ekrem Uludağ (Kadıdondurma),41.173361,26.355624,Kadoil,False,False
ATA OİL PETROL ÜRÜNLERİ SANAYİ VE TİCARET LİMİTED ŞİRKETİ-2,41.409272,26.819241,Kadoil,False,False
YİĞİTEFE ENERJİ VE PETROL LTD. ŞTİ,41.690601,26.453996,Kadoil,False,False
AKNR EROL PETROL AKARYAKIT İSTASYONLARI VE TARIM ÜRÜNLERİ PAZARLAMA İTHALAT İHRACAT SANAYİ TİCARET LİMİTED ŞİRKETİ,41.14537,26.37245,Kadoil,False,False
YİĞİTEFE ENERJİ VE PETROL LİMİTED ŞİRKETİ 2,41.686946,26.468471,Kadoil,False,False
VEKTÖR PETROL ÜRÜNLERİ SANAYİ VE TİCARET LİMİTED ŞİRKETİ(EDİRNE),41.40426,26.81289,Kadoil,False,False
METE TARIMSAL ÜRÜNLER VE AKARYAKIT SANAYİ TİCARET LİMİTED ŞİRKETİ,41.196688,26.424979,Kadoil,False,False
YENİHALLER PETROL SANAYİ ve TİCARET LİMİTED ŞİRKETİ,38.656103,39.249117,Kadoil,False,False
Somay Petrol Otomotiv İnşaat Ve Malzemeleri Üretim Pazarlama İthalat İhracat Sanayi Ve Ticaret Limit Şti.,38.669303,39.248915,Kadoil,False,False
Özkeleşler Petrol İnşaat Nakliyat Turizm Besicilik Tekstil Sanayi ve Ticaret Limited Şirketi,38.629951,39.268408,Kadoil,False,False
Hasan Karaoğlu - Karaoğlu Petrol,39.8143,40.054,Kadoil,False,False
METİN BEGEN,39.636581,40.179281,Kadoil,False,False
MERCAN ZARİFOĞLU PETROL ÜRÜNLERİ İMALAT İTHALAT İHRACAT SANAYİ VE TİCARET LİMİTED ŞİRKETİ,39.744641,40.272724,Kadoil,False,False
Avni Çolak,40.03601,42.181256,Kadoil,False,False
Ercan Akdağ-Akdağ Petrol,40.352231,41.916599,Kadoil,False,False
Süleyman Güneş,39.44488,42.208173,Kadoil,False,False
Han Nakliye Akaryakıt İnşaat Taahhüt Otomotiv Gıda Sanayi Ve Ticaret Limited Şirketi,39.947,42.2915,Kadoil,False,False
Özdemir Petrol Nakliye İnşaat Pazarlama İmalat Sanayi ve Ticaret Limited Şirketi,39.973621,41.034326,Kadoil,False,False
MAHSUN KÖMÜRCÜLÜK İNŞAAT NAKLİYAT PETROL ÜRÜNLERİ GIDA MADDELERİ TİCARET VE SANAYİ LİMİTED ŞİRKETİ,39.94191,41.37108,Kadoil,False,False
ESPO OSMANLI DİNLENME TESİSLERİ ANONİM ŞİRKETİ-2,39.5875,30.8982,Kadoil,False,False
ODİ ENERJİ AKARYAKIT NAKLİYE OTOMOTİV İNŞ. SAN. TİC. LTD.ŞTİ - SİVRİHİSAR,39.55119,31.74386,Kadoil,False,False
GENÇVİP TURİZM AKARYAKIT PETROL ÜRÜNLERİ SANAYİ TİCARET LİMİTED ŞİRKETİ,39.853891,31.482748,Kadoil,False,False
ESPO OSMANLI DİNLENME TESİSLERİ ANONİM ŞİRKETİ 1,39.6273,30.821518,Kadoil,False,False
İlyas Saraçoğlu,37.424164,37.67952,Kadoil,False,False
Başkan Petrol Ürünleri İnşaat Turizm Nakliyat Sanayi ve Ticaret Limited Şirketi,36.954235,37.457251,Kadoil,False,False
Hedef Petrol Ürünleri İthalat İhracat Nakliyat ve İnşaat Sanayi ve Ticaret Limited Şirketi,37.021141,37.910797,Kadoil,False,False
KADOOĞLU GLOBAL İTHALAT İHRACAT DIŞ TİCARET A.Ş.,37.161713,37.293045,Kadoil,False,False
ÖZKAYALAR TRANSPORT FİLO TAŞIMACILIK OTOMOTİV SAN. VE TİC. LTD.ŞTİ,37.091302,37.446405,Kadoil,False,False
KADOOĞLU EMEK PETROL SANAYİ VE TİC.A.Ş,37.072777,37.348611,Kadoil,False,False
Öz Kandazoğlu Ticaret Limited Şirketi(Tirebolu),40.987731,38.867644,Kadoil,False,False
YAĞLIDERE AKARYAKIT İNŞAAT TAAHHÜT NAKLİYAT SANAYİ VE TİCARET LİMİTED ŞİRKETİ,40.86986,38.62372,Kadoil,False,False
BORDO PETROL İNŞAAT MADENCİLİK SANAYİ VE TİCARET LİMİTED ŞİRKETİ,40.973,38.7564,Kadoil,False,False
Öz Kandazoğlu Ticaret Limited Şirketi(Günyüzü),40.745751,38.978812,Kadoil,False,False
Öz Kandazoğlu Ticaret Limited Şirketi(Cayra),40.67849,39.143251,Kadoil,False,False
Alkanlar Ticaret Ve Sanayi Limited Şirketi,37.248553,43.614295,Kadoil,False,False
Özek Petrol Ürünleri İnşaat Gıda Turizm Madencilik Nakliye Sanayi ve Ticaret Limited Şirketi,37.57018,43.741449,Kadoil,False,False
Ergüvenoğlu İnşaat Ve Ticaret Limited Şirketi,36.112583,36.259298,Kadoil,False,False
RENDE OREKS İTHALAT İHRACAT MADENCİLİK VE TİCARET LİMİTED ŞİRKETİ,36.5896,36.1743,Kadoil,False,False
Çelebi Kollektif Şirketi Aydın Çelebi – Hüseyin Soylu,36.880316,36.227777,Kadoil,False,False
Haccıoğulları Petrol Ürünleri Taşımacılk Gıda Maddeleri Ticaret Limited Şirketi,36.145915,36.078021,Kadoil,False,False
Öz Atahan Salon İşletmeciliği Gıda Maddeleri Besicilik Akaryakıt Nakliye ve Oto Pazarlama Ticaret Limited Şirketi,36.23872,36.146429,Kadoil,False,False
Dolğunlar Uluslar Arası Nakliyat Tarım Gıda İnşaat Hayvancılık Sanayi ve Ticaret Limited Şirketi,36.276608,36.570696,Kadoil,False,False
Sadun Arslan Petrol Akar. İstasyonu Tarım Orm. Taş.Temel Gıda İnş. Konser ve Zirai Güb. Ve Taş.Tur.Ve Otel İth. İhr.Ve San.Tic.Ltd.Şti,36.207421,36.362099,Kadoil,False,False
KARAAĞAÇ PETROL NAKLİYAT ARAÇ YIKAMA MAKİNALARI TİCARET LİMİTED ŞİRKETİ,36.5497,36.0984,Kadoil,False,False
Ahmet Çalım Akaryakıt Taşımacılık İthalat İhracat Sanayi Ve Ticaret Limited Şirketi,36.271329,36.569135,Kadoil,False,False
Öz Atahan Salon İşletmeciliği Gıda Maddeleri Besicilik Akaryakıt Nakliye Ve Oto Pazarlama Ticaret Limited Şirketi - 2,36.233676,36.140663,Kadoil,False,False
INVICTUS TARIM ÜRÜNLERİ SANAYİ VE TİCARET LİMİTED ŞİRKETİ,36.1382,36.2302,Kadoil,False,False
ÖZ HAKAN TEKSTİL GIDA AKARYAKIT NAKLİYAT MADENCİLİK OTOMOTİV VE İNŞAAT İTHALAT İHRACAT SANAYİ VE TİCARET LİMİTED ŞİRKETİ,37.09304,36.28657,Kadoil,False,False
MNK Akaryakıt Ticaret İthalat İhracat Limited Şirketi,39.93847,44.00278,Kadoil,False,False
TAM PETROL PETROL ÜRÜNLERİ ALIM SATIM ANONİM ŞİRKETİ,41.035001,28.9938,Kadoil,False,False
Ortaköy Petrol Ürünleri Sanayi ve Ticaret Limited Şirketi,41.096057,28.374188,Kadoil,False,False
DURUSU AKARYAKIT İNŞAAT TURİZM VE GIDA SANAYİ VE TİCARET LİMİTED ŞİRKETİ,41.277041,28.612416,Kadoil,False,False
ÇINAR AKARYAKIT OTOMOTİV İNŞAAT TARIM VE HAYVANCILIK SANAYİ VE TİCARET LİMİTED ŞİRKETİ,40.8861,29.2361,Kadoil,False,False
VEKTÖR PETROL ÜRÜNLERİ SANAYİ VE TİCARET LİMİTED ŞİRKETİ,41.080581,28.907252,Kadoil,False,False
ÇİLEK AKARYAKIT SANAYİ VE TİCARET A.Ş.,41.058075,28.831149,Kadoil,False,False
KUĞULU PETROL AKARYAKIT ÜRÜNLERİ TAŞIMACILIK SANAYİ VE TİCARET ANONİM ŞİRKETİ,41.0821,28.8929,Kadoil,False,False
HÜSEYİN TABAK,39.122402,27.181337,Kadoil,False,False
Emircanlar Petrol İnşaat Gıda Turizm Sanayi ve Ticaret Limited Şirketi,38.151831,28.016119,Kadoil,False,False
Hassen Petrol Ürünleri Akaryakıt Nakliyat Ticaret Limited Şirketi,38.3789912,27.1502665,Kadoil,False,False
Üç-As Akaryakıt Nakliye İnşaat Turizm Taahhüt Ve İthalat İhracat Sanayi Ticaret Limited Şirketi,39.080466,26.896637,Kadoil,False,False
Tankar Otomotiv Petrol Gıda Tekstil Hizmet İnş. San. Ve Tic. Ltd. Şti.,38.395532,27.135027,Kadoil,False,False
ÖZALTINDAĞ AKARYAKIT SANAYİ VE TİCARET ANONİM ŞİRKETİ,38.279496,27.214539,Kadoil,False,False
MARİN AKARYAKIT SANAYİ VE TİCARET A.Ş.,38.442915,27.18083,Kadoil,False,False
ESENBEY PETROL ÜRÜNLERİ LPG NAKLİYE İNŞAATI SANAYİ VE TİCARET LİMİTED ŞİRKETİ,38.586139,27.072781,Kadoil,False,False
MERSİNLİ AKARYAKIT SANAYİ VE TİCARET ANONİM ŞİRKETİ,38.429311,27.179811,Kadoil,False,False
GOLD HİLL AKARYAKIT TİCARET LİMİTED ŞİRKETİ,38.431698,27.225566,Kadoil,False,False
ENG PETROL SANAYİ VE TİCARET A.Ş.,38.46262,27.3437,Kadoil,False,False
YD AKARYAKIT SANAYİ TİCARET ANONİM ŞİRKETİ,38.29445,37.144787,Kadoil,False,False
Orhan Esen Petrol İnşaat Sanayi ve Ticaret Limited Şirketi,41.217243,32.675846,Kadoil,False,False
BUĞRA PETROL ÜRÜNLERİ PAZARLAMA SİNTİNE ATIK ALIM VE ARITIMI İŞLETMESİ SANAYİ VE TİCARET LİMİTED ŞİRKETİ,37.190892,33.161424,Kadoil,False,False
Mehmet Alkan-Uğur Petrol(Bayam),40.167569,43.095439,Kadoil,False,False
Hakan KERENCİLER,40.380678,43.414379,Kadoil,False,False
Yılmaz Demir-Demir Petrol Akaryakıt İstasyonu,40.151919,43.291171,Kadoil,False,False
Mehmet Alkan-Uğur Petrol (Şahindere),40.153662,43.128831,Kadoil,False,False
YILDIZ GRUP PETROL SANAYİ VE TİCARET ANONİM ŞİRKETİ,41.200791,32.933072,Kadoil,False,False
Kaçakoğlu Akaryakıt Gıda Zahirecilik Nakliyat Isı İnşaat Sanayi Ticaret Limited Şirketi,41.394846,33.893719,Kadoil,False,False
BÜYÜKBAYRAM İNŞAAT MÜTEAHHİTLİK SANAYİ VE TİCARET LİMİTED ŞİRKETİ,41.318718,33.603197,Kadoil,False,False
TECİKLER PETROL VE TARIM ÜRÜNLERİ GIDA TAŞIMACILIK TURİZM SANAYİ VE TİCARET ANONİM ŞİRKETİ,38.8231,35.209495,Kadoil,False,False
Mesut Onar,38.728572,36.402131,Kadoil,False,False
Kumaş Petrol Nakliyecilik ve İnşaat Sanayi Ticaret Limited Şirketi,39.077538,35.963562,Kadoil,False,False
Lüks Varol İnşaat Turizm Seyahat Akaryakıt Nakliyat İthalat İhracat Sanayi Ve Ticaret Limited Şirketi,36.70766,37.189877,Kadoil,False,False
ELVAN ÇAKIR İNŞAAT TAAHHÜT TAŞIMACILIK LOKANTACILIK AKARYAKIT BAYİ TUHAFİYE KONFEKSİYON HAYVANCILIK VE TURİZM LİMİTED ŞİRKETİ-2,39.849774,33.482436,Kadoil,False,False
Asil Petrol Nakliyat İnşaat Turizm Otomotiv Gıda Mobilya İthalat İhracat Sanayi Ve Ticaret Limited Şirketi,39.705978,33.765099,Kadoil,False,False
ELVAN ÇAKIR İNŞAAT TAAHHÜT TAŞIMACILIK LOKANTACILIK AKARYAKIT BAYİ TUHAFİYE KONFEKSİYON HAYVANCILIK VE TURİZM LİMİTED ŞİRKETİ,39.849705,33.572552,Kadoil,False,False
HAYDAR YURT / EFENDİLER PETROL,40.154027,33.724558,Kadoil,False,False
DURU NAKLİYE PETROL İNŞAAT GIDA HAYVANCILIK REKLAM SANAYİ VE TİCARET LİMİTED ŞİRKETİ,39.931629,33.954781,Kadoil,False,False
RAHMAN PETROL İNŞAAT EMLAKÇILIK OTOMOTİV GIDA SANAYİ TİCARET LİMİTED ŞİRKETİ,39.89159,34.01171,Kadoil,False,False
GÖKHAN AKARYAKIT SANAYİ VE TİCARET ANONİM ŞİRKETİ,39.916421,33.432523,Kadoil,False,False
AYTUĞ AKARYAKIT İNŞAAT PAZARLAMA NAKLİYAT SANAYİ VE TİCARET LİMİTED ŞİRKETİ,39.839496,33.514767,Kadoil,False,False
LVN AKARYAKIT İÇ VE DIŞ TİCARET A.Ş.,39.844969,33.550417,Kadoil,False,False
AYDOĞMUŞ PETROL ÜRÜNLERİ TİCARET VE SANAYİ LİMİTED ŞİRKETİ,40.162366,33.722971,Kadoil,False,False
BAŞLAR PETROL ÜRÜNLERİ NAKLİYECİLİK VE ZAHİRECİLİK LİMİTED ŞİRKETİ-2,41.72932,27.223838,Kadoil,False,False
ŞAHİNLER PETROLCÜLÜK GIDA TARIM ÜRÜNLERİ SANAYİ TİCARET LİMİTED ŞİRKETİ,41.719167,27.214722,Kadoil,False,False
EFZA PETROL NAKLİYAT GIDA VE TURİZM LİMİTED ŞİRKETİ,41.349459,27.117825,Kadoil,False,False
Pavli Petrol Gıda Tarım Ürünleri Pazarlama Nakliye ve Ticaret Limited Şirketi,41.347566,26.913484,Kadoil,False,False
ERŞANLI PETROL İNŞAAT NAKLİYAT SANAYİ VE TİCARET LİMİTED ŞİRKETİ-2,41.600517,27.042034,Kadoil,False,False
DOĞUSAN LOJİSTİK AKARYAKIT İNŞAAT SAN. VE TİC. LTD. ŞTİ.,41.348311,27.145998,Kadoil,False,False
COŞKUN PETROLCÜLÜK SANAYİ VE TİCARET LİMİTED ŞİRKETİ,41.425658,27.101848,Kadoil,False,False
ATA OİL PETROL ÜRÜNLERİ SANAYİ VE TİCARET LİMİTED ŞİRKETİ,41.450309,27.048202,Kadoil,False,False
ÖZSU AKARYAKIT LOJİSTİK İNŞAAT TURİZM OTOMOTİV MADENCİLİK LTD.ŞTİ.,41.28684,27.56073,Kadoil,False,False
BAŞLAR PETROL ÜRÜNLERİ NAKLİYECİLİK VE ZAHİRECİLİK LİMİTED ŞİRKETİ,41.77708,27.099144,Kadoil,False,False
ERŞANLI PETROL İNŞAAT NAKLİYAT SANAYİ VE TİC.LTD.ŞTİ,41.562209,27.00389,Kadoil,False,False
AYYILDIZLAR PETROL ÜRÜNLERİ MADENİ YAĞ NAKLİYE İNŞAAT TAAHHÜT GIDA MARKET EMLAK VE OTO ALIM SATIM KOMİSYONCULUĞU SANAYİ VE TİCARET LİMİTED ŞİRKETİ(KIRŞEHİR),38.929214,34.179493,Kadoil,False,False
KULE YAPI KENT İNŞAAT İMAR MÜTEAHHİTLİK TAAHHÜT AKARYAKIT LPG VE PETROL ÜRÜNLERİ TARIM VE HAYVANCILIK İÇ VE DIŞ TİCARET SANAYİ VE TİCARET LİMİTED ŞİRKETİ,39.336391,34.162888,Kadoil,False,False
COŞAR AKARYAKIT VE İNŞAAT MALZEMELERİ OTOMOTİV SANAYİ VE TİCARET LİMİTED ŞİRKETİ,39.1182,34.1974,Kadoil,False,False
AS IRMAK AKARYAKIT NAKLİYE LİMİTED ŞİRKETİ,39.360767,33.745445,Kadoil,False,False
ŞAH ASLAN PETROL VE PETROL ÜRÜNLERİ GIDA SANAYİ TİCARET LİMİTED ŞİRKETİ-1,39.187941,34.151328,Kadoil,False,False
ŞAH ASLAN PETROL VE PETROL ÜRÜNLERİ GIDA SANAYİ TİCARET LİMİTED ŞİRKETİ 2,39.196239,34.147809,Kadoil,False,False
YERKÖY AKARYAKIT TİCARET ANONİM ŞİRKETİ-KIRŞEHİR,39.257022,34.122594,Kadoil,False,False
CEMALETTİN AKSOY-AKSOY PETROL,40.7088,29.8973,Kadoil,False,False
BURTAÇ PETROL İNŞAAT TURİZM GIDA OTOMOTİV SANAYİ VE TİCARET LİMİTED ŞİRKETİ,40.81319,29.39828,Kadoil,False,False
Erbil Akaryakıt Madeni Yağ Pazarlama Nakliyat Gıda Sanayi ve Ticaret Limited Şirketi,40.888005,29.76925,Kadoil,False,False
ÖNAY YATIRIM ENERJİ LOJİSTİK DIŞ TİCARET LİMİTED ŞİRKETİ,40.7768,29.7181,Kadoil,False,False
ZÜMRA PETROLCÜLÜK İNŞAAT SANAYİ VE TİCARET LİMİTED ŞİRKETİ,40.8621,29.3877,Kadoil,False,False
ÇİLEK AKARYAKIT SANAYİ VE TİCARET ANONİM ŞİRKETİ,40.786868,29.533423,Kadoil,False,False
BALKANLAR AKARYAKIT ENERJİ İNŞAAT ANONİM ŞİRKETİ,40.796001,29.387301,Kadoil,False,False
Bekir Uğur,38.739502,32.494205,Kadoil,False,False
OFLAZ PETROL MİMARLIK MÜHENDİSLİK İNŞAAT SANAYİ VE TİCARET LİMİTED ŞİRKETİ,38.208301,32.370601,Kadoil,False,False
MANAV PETROL TARIM VE İNŞAAT SANAYİ VE TİCARET LİMİTED ŞİRKETİ,38.6087455,32.5450967,Kadoil,False,False
Dere Petrol Tarım ve Motorlu Araçlar Ticaret Limited Şirketi,38.41161,32.88706,Kadoil,False,False
S.S. Ereğli Şeker Nakliye Motorlu Taşıyıcılar Kooperatifi,37.54729,34.085082,Kadoil,False,False
Bozkırlı Petrol Ürünleri Turizm Nakliyat Otomotiv Emlak Limited Şirketi,37.1907189,33.161523,Kadoil,False,False
Yeniceoba Petrol Madencilik Tarım Turizm Nakliye Sanayi Ve Ticaret Limited Şirketi - 1,38.87566,32.772686,Kadoil,False,False
TURAN PETROL TESİSLERİ VE TİCARET KOLLEKTİF ŞİRKETİ EROL TURAN VE ORTAKLARI,38.353962,31.852969,Kadoil,False,False
Yeniceoba Petrol Madencilik Tarım Turizm Nakliye Sanayi ve Ticaret Limited Şirketi - 2,38.873882,32.778414,Kadoil,False,False
Atak Tavukçuluk Ekipmanları Gıda Tarım Nakliyat Petrol Sanayi Ticaret Anonim Şirketi,38.190461,32.450064,Kadoil,False,False
Baykara Petrol Ürünleri Limited Şirketi,37.5794904,32.654767,Kadoil,False,False
TÖMEKLER PETROL ÜRÜNLERİ NAKLİYE TRAKTÖR VE TARIM ALETLERİ SANAYİ VE TİCARET LİMİTED ŞİRKETİ,38.392905,32.992333,Kadoil,False,False
Necati Büyükşahin,38.514812,32.261914,Kadoil,False,False
ÖZGÜR PARK AKARYAKIT SANAYİ VE TİCARET LİMİTED ŞİRKETİ,38.297662,31.673433,Kadoil,False,False
TÖMEKLER PETROL ÜRÜNLERİ NAKLİYE TRAKTÖR VE TARIM ALETLERİ SANAYİ VE TİCARET LİMİTED ŞİRKETİ-2,38.355681,33.103505,Kadoil,False,False
OMTA PETROL TİCARET LİMİTED ŞİRKETİ,38.515347,32.858753,Kadoil,False,False
ÖZMPET PETROL NAKLİYAT TARIM ÜRÜNLERİ SANAYİ VE TİCARET LİMİTED ŞİRKETİ,38.8806,32.3355,Kadoil,False,False
ÖMEROĞLU AKARYAKIT OTOMOTİV KUYUMCULUK TİCARET VE SANAYİ LİMİTED ŞİRKETİ,39.034301,31.780529,Kadoil,False,False
DEREKÖY SÜT ÜRÜNLERİ PETROL GIDA TAŞIMACILIK HAYVANCILIK SANAYİ VE TİCARET LİMİTED ŞİRKETİ,39.192179,29.290756,Kadoil,False,False
Eğilmezler Turizm Taşımacılık Ticaret Limited Şirketi(GEDİZ),38.975687,29.388403,Kadoil,False,False
EĞİLMEZLER TURİZM TAŞIMACILIK TİCARET LİMİTED ŞİRKETİ (SİMAV),39.093501,28.974112,Kadoil,False,False
EĞİLMEZLER TURİZM TAŞIMACILIK TİCARET LİMİTED ŞİRKETİ(ŞAPHANE),39.012013,29.2147,Kadoil,False,False
ÇAKIRLAR PETROL ÜRÜNLERİ İNŞAAT TAAHHÜT TURİZM TAŞIMACILIK SANAYİ VE TİCARET LİMİTED ŞİRKETİ,39.576385,29.423006,Kadoil,False,False
GÜNEŞ TRAFİK HİZMETLERİ AKARYAKIT NAKLİYAT MADENCİLİK SANAYİ VE TİCARET LİMİTED ŞİRKETİ,39.262636,29.225942,Kadoil,False,False
DCK PETROL ÜRÜNLERİ NAKLİYAT İNŞAAT GIDA SANAYİ VE TİCARET LİMİTED ŞİRKETİ,38.975963,29.387809,Kadoil,False,False
Berpet Petrol Otomotiv Turizm Gıda İnşaat Ticaret ve Sanayi Limited Şirketi,38.68853,38.361381,Kadoil,False,False
Mirpaş Petrol Gıda İnşaat Nakliye Tekstil Turizm Ziraat Sanayi Ve Ticaret Limited Şirketi,38.219429,38.727297,Kadoil,False,False
Has İnşaat Ve Petrol Ürünleri Sanayi Ve Ticaret Limited Şirketi,38.069108,37.903336,Kadoil,False,False
Abdurrahmanoğulları Petrol Ürünleri İnşaat Gıda Sanayi Ve Ticaret Limited Şirketi,38.556619,27.565683,Kadoil,False,False
ÖRGE PETROL ÜRÜNLERİ NAKLİYE İTHALAT İHRACAT OTOMOTİV MÜTEAHHİTLİK TAAHHÜT HAYVANCILIK SANAYİ TİCARET LİMİTED ŞİRKETİ,38.902818,27.836993,Kadoil,False,False
HAYDAROĞULLARI PETROL SANAYİ VE TİCARET LİMİTED ŞİRKETİ,38.508806,28.261038,Kadoil,False,False
İSA TAŞER,38.790915,28.32582,Kadoil,False,False
ŞABAN KARADAŞ,38.753368,28.866185,Kadoil,False,False
HAYDAROĞULLARI PETROL SANAYİ VE TİCARET LİMİTED ŞİRKETİ - 3,38.524034,28.382159,Kadoil,False,False
PETRA ENERJİ AKARYAKIT SANAYİ TİCARET ANONİM ŞİRKETİ,38.484178,27.810022,Kadoil,False,False
İLTERLER PETROL ÜRÜNLERİ DAYANIKLI TÜKETİM MALLARI TURİZM İNŞAAT TEKSTİL NAKLİYAT İTHALAT İHRACAT TEMİZLİK GIDA SANAYİ TİCARET LİMİTED ŞİRKETİ,37.339607,40.816163,Kadoil,False,False
Samedoğlu Turizm Hayvancılık Nakliyat Sanayi Ve Ticaret Limited Şirketi,37.15582,40.527535,Kadoil,False,False
Fatih Petrol Sanayi Ve Ticaret Limited Şirketi,37.54494,40.881504,Kadoil,False,False
Baypet Petrol İnşaat Nakliyat Elektronik Kuyumculuk Gıda İthalat İhracat Sanayi Veticaret Limited Şiketi,37.092696,41.195371,Kadoil,False,False
ÖZSARIOĞULLARI PETROL ÖZEL EĞİTİM TARIM NAKLİYE İNŞAAT SANAYİ VE TİCARET LİMİTED ŞİRKETİ,37.193524,40.552753,Kadoil,False,False
Öz Sa Petrol İnşaat Nakliyat Sanayi ve Ticaret Limited Şirketi,37.412533,41.342636,Kadoil,False,False
Kabala Kayalar Petrol Nakliyat İnşaat Sanayi Ve Ticaret Limited Şirketi,37.339934,40.793177,Kadoil,False,False
Şeyhmusoğlu Petrol Tarım Gıda Nak. İnş. San. İç Ve Dış Tic.Ltd.Şti,37.18907165,40.51690673,Kadoil,False,False
Hıdır Kalı,37.473495,40.476325,Kadoil,False,False
Alpdağ Petrol İnşaat Nakliye Temizlik Gıda Hayvancılık Sanayi Ve Ticaret Limited Şirketi,37.304069,40.763412,Kadoil,False,False
Yekta Petrol Nakliyat İnşaat Elektrik Elektronik Lpg Doğalgaz Sanayi Ve Ticaret Limited Şirketi,37.0691,41.2199,Kadoil,False,False
CEMİLOĞULLARI ERTAŞ PETROL SANAYİ VE TİCARET LİMİTED ŞİRKETİ,37.17086438,40.55052905,Kadoil,False,False
MEZOPOTAMYA OTOMOTİV TURİZM DANIŞMANLIK ORGANİZASYON İNŞAAT GIDA SANAYİ VE TİCARET LİMİTED ŞİRKETİ.,37.273976,40.688856,Kadoil,False,False
MESUT TURİSTİK KONAKLAMA TESİSLERİ PETROL TEKSTİL NAKLİYAT SANAYİ VE TİCARET LİMİTED ŞİRKETİ-1,37.088467,41.230669,Kadoil,False,False
NECMİ DEMİR İNŞAAT TURİZM VE TİCARET LİMİTED ŞİRKETİ,37.316029,40.754217,Kadoil,False,False
UZUNKAYA KUYUMCULUK DERİCİLİK DAYANIKLI TÜKETİM MALLARI TURİZM PETROL SANAYİ VE TİCARET LİMİTED ŞİRKETİ,37.39745694,40.940632,Kadoil,False,False
ALTAYLAR PETROL LİMİTED ŞİRKETİ,37.084687,41.258997,Kadoil,False,False
Ateşler Petrol Ürünleri Toprak Mahsulleri Lokantacılık Otomotiv Sanayi Ve Ticaret Limited Şirketi,36.935289,34.963883,Kadoil,False,False
YUSUF KALKAVAN OĞULLARI DENİZCİLİK YATIRIM SANAYİ VE TİCARET ANONİM ŞİRKETİ,36.969395,35.045415,Kadoil,False,False
ATEŞLER PETROL ÜRÜNLERİ TOPRAK MAHSULLERİ LOKANTACILIK OTOMOTİV SANAYİ VE TİCARET LİMİTED ŞİRKETİ,36.97613,34.807337,Kadoil,False,False
ATALAY - DEMİRLER PETROL ÜRÜNLERİ İNŞAAT NAKLİYE GIDA TURİZM SANAYİ VE TİC. LTD. ŞTİ.,36.086441,32.858089,Kadoil,False,False
HASİN DAĞ - SUNPET PETROL(MUT),36.645874,33.431465,Kadoil,False,False
Delil-Pet Petrol Ürünleri Uluslar arası Nakliyat Gıda İnşaat Otomotiv İç Ve Dış Ticaret Limited Şirketi,36.944743,34.930614,Kadoil,False,False
Hasin Dağ - Sunpet Petrol,36.870391,34.663322,Kadoil,False,False
MVS Petrol Ürünleri Taşımacılık Sanayi Ve Ticaret Limited Şirketi,36.820218,34.630397,Kadoil,False,False
CESA AKARYAKIT ÜRÜNLERİ NAKLİYAT İÇ VE DIŞ TİCARET LİMİTED ŞİRKETİ,36.841388,34.710555,Kadoil,False,False
DEMİRKOLLAR AKARYAKIT LOJİSTİK GIDA SANAYİ VE TİCARET LTD. ŞTİ.,36.968552,34.948307,Kadoil,False,False
HASİN DAĞ,36.704205,33.401232,Kadoil,False,False
SELÇUK NAKLİYAT İNŞAAT MALZEMELERİ OTOMOTİV TARIM ÜRÜNLERİ PETROL ÜRÜNLERİ SANAYİ VE TİCARET LİMİTED ŞİRKETİ,37.087456,34.921785,Kadoil,False,False
BERKOL PETROL ÜRÜNLERİ TİCARET VE TAA LİMİTED ŞİRKETİ,36.628168,29.138711,Kadoil,False,False
SEKİ PETROL İNŞAAT TURİZM SANAYİ VE TİCARET LİMİTED ŞİRKETİ,36.80214,29.644194,Kadoil,False,False
AKSU FRİGO AKARYAKIT NAKLİYE ARAÇ KİRALAMA İNŞAAT GAYRİMENKUL SANAYİ VE TİCARET LİMİTED ŞİRKETİ (Milas),37.222739,27.663793,Kadoil,False,False
PAÇ AKARYAKIT SANAYİ VE TİCARET ANONİM ŞİRKETİ,36.991,28.6283,Kadoil,False,False
USS TURKEY AKARYAKIT TİCARET LİMİTED ŞİRKETİ,37.214676,27.656179,Kadoil,False,False
HÜSEYİN AYRANCI AKARYAKIT TAŞIMACILIK HAZIR BETON İNŞAAT SANAYİ VE TİCARET LİMİTED ŞİRKETİ-MUĞLA ŞUBESİ,37.236462,28.297575,Kadoil,False,False
Serhatcan Petrol Gıda Telekomünikasyon İnşaat Taahhüt Sanayi ve Dış Ticaret Limited Şirketi,38.780344,41.496273,Kadoil,False,False
Süreyya ARSLAN- Arslanlar Petrol,39.097869,42.270606,Kadoil,False,False
Saytaş Petrol Ürünleri Turizm Taşımacılık İnşaat Gıda Sanayi Ve Dış Ticaret Limited Şirketi,38.718824,41.61826,Kadoil,False,False
Arif Sinop Petrol Ürünleri Tarım Ticaret Ve Sanayi Limited Şirketi,39.008747,34.766323,Kadoil,False,False
BİRBİMS İMALAT SANAYİ AKARYAKIT VE NAKLİYE TİCARET LİMİTED ŞİRKETİ,38.552377,34.565852,Kadoil,False,False
Peker Petrol Ürünleri ve Taşımacılık Ticaret Limited Şirketi,39.293084,34.719967,Kadoil,False,False
ODK PETROL HAYVANCILIK TURİZM ENERJİ İNŞAAT TİCARET VE SANAYİ A.Ş.,38.0323,34.7476,Kadoil,False,False
Atagün Otomotiv İnş.Taah. Müteahhitlik Turizm Nak.Petrol ve Orman Ürünl.Toplu Temizlik Özel Güv.İlaçlama Mak.San.İth.İhr.Tic.Ltd.Şti.,41.074821,37.442167,Kadoil,False,False
İŞLEMELER TARIM ÜRÜNLERİ PETROL İNŞAAT HAYVANCILIK NAKLİYE TİCARET VE SANAYİ LİMİTED ŞİRKETİ,40.743232,37.310504,Kadoil,False,False
AKÇAYLAR AKARYAKIT SANAYİ VE TİCARET LİMİTED ŞİRKETİ,41.07713,37.42402,Kadoil,False,False
ŞEN TARIM VE PETROL ÜRÜNLERİ NAKLİYE İNŞAAT SANAYİ VE TİCARET LİMİTED ŞİRKETİ (Çevreyolu Caddesi),37.242099,36.430825,Kadoil,False,False
TUFAN TESİSLERİ TURİZM AKARYAKIT İNŞAAT GIDA HAYVANCILIK NAKLİYAT YATIRIM TAAHHÜT SANAYİ VE TİCARET LİMİTED ŞİRKETİ-KUZEY,37.092801,36.208801,Kadoil,False,False
ŞEN TARIM VE PETROL ÜRÜNLERİ NAKLİYE İNŞAAT SANAYİ VE TİCARET LİMİTED ŞİRKETİ (Refik Cesur Bulvarı),37.236705,36.449605,Kadoil,False,False
TUFAN TESİSLERİ TURİZM AKARYAKIT İNŞAAT GIDA HAYVANCILIK NAKLİYAT YATIRIM TAAHHÜT SANAYİ VE TİCARET LİMİTED ŞİRKETİ- GÜNEY,37.09059,36.20679,Kadoil,False,False
OSMANİYE GÜLERYÜZ PETROL ÜRÜNLERİ SANAYİ VE TİCARET LİMİTED ŞİRKETİ,37.166495,36.397706,Kadoil,False,False
MEHMETLER PETROL ÜRÜNLERİ NAKLİYAT MARKETÇİLİK VE PAZARLAMA TURİZM İNŞAAT TİCARET LİMİTED ŞİRKETİ,37.092995,36.286797,Kadoil,False,False
SARUHAN ERDİNE,37.076533,36.233425,Kadoil,False,False
AKYAZI PETROL ÜRÜNLERİ GIDA TAŞIMACILIK TURİZM MAD. TİCARET SANAYİ LİMİTED ŞİRKETİ,40.6792,30.5804,Kadoil,False,False
NURSAV TARIM VE GIDA MADDELERİ PETROL ÜRÜNLERİ TAŞIMACILIK HİZMETLERİ TAAHÜT TİCARET VE SANAYİ LİMİTED ŞİRKETİ,41.021883,30.295104,Kadoil,False,False
BEŞKÖPRÜ YILDIZ PETROL GIDA MADDELERİ TEMİZLİK OTOMOTİV TAŞIMACILIK TİCARET VE SANAYİ LİMİTED ŞİRKETİ,40.7347,30.366,Kadoil,False,False
ARV Petrol Madeni Yağlar İnsaat Sanayi ve Ticaret Limited Şirketi,40.497833,30.093315,Kadoil,False,False
HBS ENDÜSTRİ VE TİCARET LİMİTED ŞİRKETİ,40.713892,30.350535,Kadoil,False,False
BAŞKENT VİZYON AKARYAKIT LİMİTED ŞİRKETİ,40.510086,30.198112,Kadoil,False,False
BAŞKENT VİZYON AKARYAKIT LİMİTED ŞİRKETİ - PAMUKOVA 2,40.515251,30.112822,Kadoil,False,False
MURAT PETROL NAKLİYE VE HAFRİYAT TİCARET LİMİTED ŞİRKETİ,41.434,36.144,Kadoil,False,False
ATİKLER PETROL NAKLİYAT İNŞAAT TURİZM TARIM VE HAYVAN ÜRÜNLERİ GIDA İMALAT İTHALAT İHRACAT KURUTMA DEPOLAMA SANAYİ VE TİCARET LİMİTED ŞİRKETİ,41.4948,36.0872,Kadoil,False,False
Hilmi Bayrak Petrolcülük İç Ve Dış Ticaret Limited Şirketi,41.557788,35.904828,Kadoil,False,False
ÖZ KANDAZOĞLU TİCARET LİMİTED ŞİRKETİ(Samsun),41.468371,36.107306,Kadoil,False,False
AKÇAYLAR AKARYAKIT SANAYİ VE TİCARET LİMİTED ŞİRKETİ,41.146918,37.133874,Kadoil,False,False
MŞ PETROLCÜLÜK TİCARET LİMİTED ŞİRKETİ,41.416191,36.171313,Kadoil,False,False
SNN NAKLİYAT AKARYAKIT TİCARET LİMİTED ŞİRKETİ,41.442268,36.135639,Kadoil,False,False
BORDO PETROL İNŞAAT MADENCİLİK SANAYİ VE TİCARET LİMİTED ŞİRKETİ-SAMSUN,41.2046,36.7177,Kadoil,False,False
LVN AKARYAKIT İÇ VE DIŞ TİCARET ANONİM ŞİRKETİ(Zeynettin Cd),41.199926,36.476983,Kadoil,False,False
ALTUNDAL İNŞAAT MÜHENDİSLİK PETROL TURİZM TARIM ÜRÜNLERİ SANAYİ VE TİCARET LİMİTED ŞİRKETİ,37.13767,38.823756,Kadoil,False,False
Çakır Kardeşler Petrol İnşaat Gıda Turizm Sanayi Ve Ticaret Limited Şirketi,36.824461,39.333952,Kadoil,False,False
Naif Aygün,36.891381,39.086813,Kadoil,False,False
Özkılıçlar İnşaat Sanayi ve Ticaret Limited Şirketi,37.028117,38.442119,Kadoil,False,False
Turğut Kardeşler Petrol Tarım Tekstil Nakliyat Gıda Turizm Sanayi Ve Ticaret Limited Şirketi,37.228141,39.728533,Kadoil,False,False
Beşer Petrol Tarım Gıda İnşaat Nakliyat Sanayi ve Ticaret Limited Şirketi,37.237848,39.771284,Kadoil,False,False
Çınarlı Nakliyat İnşaat Sanayi Ve Ticaret Limited Şirketi,37.276041,38.729642,Kadoil,False,False
Seyidoğlu Petrol İnşaat Tarım Taşımacılık Nakliye Gıda Sanayi Ve Ticaret Limited Şirketi,36.9418659,40.1003191,Kadoil,False,False
Selim Sabaz Petrol Ürünleri Nakliyat Sanayi ve Ticaret Limited Şirketi,37.241192,39.746998,Kadoil,False,False
SELİM SABAZ PETROL ÜRÜNLERİ NAKLİYAT SANAYİ VE TİCARET LİMİTED ŞİRKETİ,37.260833,39.769444,Kadoil,False,False
REMPET OTOMOTİV AKARYAKIT İNŞAAT SANAYİ VE TİCARET LİMİTED ŞİRKETİ,37.280048,38.729915,Kadoil,False,False
ÇERKEZOĞLU LOJİSTİK TARIM PETROL İNŞAAT SANAYİ TİCARET LİMİTED ŞİRKETİ,37.221213,39.768004,Kadoil,False,False
Aknur Tarım Nakliyat Tekstil İnşaat Turizm Sanayi Ticaret Limited Şirketi,37.120972,39.74423,Kadoil,False,False
ÇETİNDAĞ TEKSTİL SANAYİ TİCARET LTD.ŞTİ.,37.008765,38.891336,Kadoil,False,False
YILMAZ KARDEŞLER GRUP İNŞAAT İTHALAT İHRACAT VE SANAYİ TİCARET LİMİTED ŞİRKETİ,37.2323,37.94323,Kadoil,False,False
İZGÜL PETROL İNŞAAT İTHALAT İHRACAT SANAYİ VE TİCARET LİMİTED ŞİRKETİ,37.216741,39.577055,Kadoil,False,False
Kılıççıoğlu İthalat İhracat Kuyumculuk Tarım Ve Dahili Ticaret Limited Şirketi,37.9289,41.702529,Kadoil,False,False
ÖZPOLAT PETROL GIDA TAŞIMACILIK İNŞAAT TARIM HAYVANCILIK SANAYI VE TİCARET LİMİTED ŞİRKETİ,37.99225,41.671509,Kadoil,False,False
Sosuncu İnşaat Nakliye Tarım Petrol Enerji Madencilik Sanayi Ticaret Limited Şirketi,38.005338,41.77537,Kadoil,False,False
EYÜP PETROL ÜRÜNLERİ TURİZM NAKLİYE GIDA İNŞAAT SANAYİ VE TİCARET LİMİTED ŞİRKETİ,38.130168,41.721035,Kadoil,False,False
UĞUR GROUP İNŞAAT ENERJİ GIDA SANAYİ TİCARET LİMİTED ŞİRKETİ,37.9143,41.9324,Kadoil,False,False
Doğu Sanayi ve Pazarlama Dış Ticaret Limited Şirketi,37.24769,42.467481,Kadoil,False,False
Abdulkadir Satıcı İnşaat Nakliyat ve Dış Tic. Ltd. Şti.,37.332149,42.197233,Kadoil,False,False
Saner Petrol Ürünleri Gıda Nakliyat İnşaat Tekstil Sanayi ve Ticaret Limited Şirketi,37.47541,41.907704,Kadoil,False,False
Çettin Ayan / Ayanlar Petrol,37.248949,42.410201,Kadoil,False,False
Doğuşsan Petrol İnşaat Nakliyat Gıda Madencilik Sanayi Ve Dış Ticaret Limited Şirketi,37.517442,42.462082,Kadoil,False,False
YILDIRIM ULUSLAR ARASI TAŞIMACILIK PETROL TARIM EĞİTİM HİZMETLERİ GIDA SANAYİ VE DIŞ TİCARET LİMİTED ŞİRKETİ,37.26838,42.35426,Kadoil,False,False
MERMET PETROL MADENCİLİK HAZIR BETON İNŞAAT NAKLİYAT TAŞIMACILIK TURİZM VE OTELCİLİK İTHALAT İHRACAT SANAYİ İÇ VE DIŞ TİCARET LİMİTED ŞİRKETİ,37.461617,42.704608,Kadoil,False,False
AKGÜN GROUP PETROL LOJİSTİK TURİZM KUYUMCULUK İLETİŞİM ULUSLARARASI YOLCU VE YÜK TAŞIMACILIĞI SANAYİ VE TİCARET LİMİTED ŞİRKETİ,37.329768,42.187431,Kadoil,False,False
CİZRE PETROL ÜRÜNLERİ TAŞIMACILIK GIDA İNŞAAT İÇ VE DIŞ TİCARET LİMİTED ŞİRKETİ,37.319638,42.186729,Kadoil,False,False
ÖMEROĞLU PETROLCÜLÜK NAKLİYAT İÇ VE DIŞ TİCARET LİMİTED ŞİRKETİ,37.3104,42.191,Kadoil,False,False
ÖZ ONUR PETROL NAKLİYAT İNŞAAT TARIM GIDA SANAYİ VE TİCARET LİMİTED ŞİRKETİ,37.354244,42.093266,Kadoil,False,False
DEMOİL PETROL ENERJİ İNŞAAT MADENCİLİK GIDA NAKLİYAT İTHALAT İHRACAT SANAYİ VE TİCARET LİMİTED ŞİRKETİ,37.470657,42.321475,Kadoil,False,False
İMAMOĞLU YALÇINLAR GIDA İNŞAAT PETROL TAŞIMACILIK TEMİZLİK HİZMETLERİ SANAYİ VE DIŞ TİCARET LİMİTED ŞİRKETİ,37.569635,43.158382,Kadoil,False,False
TOPÇULAR PETROL AKARYAKIT PERAKENDE GIDA TİCARET VE SANAYİ LİMİTED ŞİRKETİ,39.78112,36.737225,Kadoil,False,False
SAHRA GRUP AKARYAKIT İNŞAAT MAKİNA MADEN TURİZM NAKLİYAT OTEL LOKANTA MÜTEAHHİTLİK İTHALAT İHRACAT SANAYİ VE TİCARET LİMİTED ŞİRKETİ,39.722905,36.917005,Kadoil,False,False
AKSOY PETROL ÜRÜNLERİ PAZARLAMA VE TİCARET LİMİTED ŞİRKETİ,41.435391,27.898922,Kadoil,False,False
AHMET KOCAAĞALAR,41.002132,27.478416,Kadoil,False,False
YURT KESİM PETROL İNŞAAT SANAYİ TİCARET LİMİTED ŞİRKETİ,41.2792,27.9841,Kadoil,False,False
Cebeci Petrol Turizm ve Ticaret Limited Şirketi,41.275785,27.988677,Kadoil,False,False
Rüya Yamanoğlu,41.017409,26.945778,Kadoil,False,False
Muhsin Sezgin,41.386362,27.621068,Kadoil,False,False
Muhsin Sezgin,41.302497,27.7820855,Kadoil,False,False
FRT AKARYAKIT NAKLİYAT TİCARET LİMİTED ŞİRKETİ,41.262497,27.659895,Kadoil,False,False
TÜRKOĞLU GLOBAL ENERJİ SANAYİ VE TİCARET LİMİTED ŞİRKETİ,40.861665,26.820407,Kadoil,False,False
TÜRKOĞLU GLOBAL ENERJİ SANAYİ VE TİCARET LİMİTED ŞİRKETİ - MURATLI,41.211771,27.524661,Kadoil,False,False
NİZAM PETROL NAKLİYAT SANAYİ VE TİCARET LTD.ŞTİ.,40.371447,36.0977902,Kadoil,False,False
Müşüroğlu Ballıca Petrol Ürünleri Nakliye Gıda Tarım Ürünleri İnşaat Taahhüt Ticaret ve Sanayi Limited Şirketi,40.286558,36.304182,Kadoil,False,False
Tok-Tar Tarım Otomotiv Petrol İnşaat Turizm Sanayi ve Ticaret Limited Şirketi,40.381944,36.670277,Kadoil,False,False
OSMAN AY - CEMALETTİN AY,40.268092,36.181987,Kadoil,False,False
ALİ BEYAZ,40.2897,35.8664,Kadoil,False,False
Dilekler Akaryakıt Nakliye Ticaret Limited Şirketi,40.401015,36.097025,Kadoil,False,False
ALİ EKER ZAHİRECİLİK AKARYAKIT NAKLİYE SANAYİ TİCARET LİMİTED ŞİRKETİ,40.400133,36.097192,Kadoil,False,False
EVA PETROL İNŞAAT NAKLİYE MAKİNE SANAYİ VE TİCARET ANONİM ŞİRKETİ,40.0297,36.0239,Kadoil,False,False
SAMET USLU,40.293846,36.344105,Kadoil,False,False
EKERLER ZAHİRECİLİK AKARYAKIT NAKLİYE VE OTO SANAYİ VE TİCARET LTD. ŞTİ.,40.31074,36.286906,Kadoil,False,False
ERDEM KILIÇ PETROL MADEN NAKLİYE SANAYİ VE TİCARET LİMİTED ŞİRKETİ,40.317,36.3146,Kadoil,False,False
SINIRLI SORUMLU TURHAL PANCAR EKİCİLERİ KOOPERATİFİ,40.386505,36.078774,Kadoil,False,False
AYHAN AKDOĞAN (GOP MAH.),39.995475,36.090901,Kadoil,False,False
İÇTENLER PETROL KUYUM. TEKS. ZAHİ.İNŞ. SAN. VE TİC. LTD.ŞTİ. (100. Yıl Mahallesi),40.011021,36.225234,Kadoil,False,False
İÇTENLER PETROL  KUYUM. TEKS. ZAHİ.İNŞ. SAN. VE TİC. LTD.ŞTİ. (Gop Mahallesi),40.007913,36.203234,Kadoil,False,False
BÜNYAMİN AYDIN,39.996,36.0883,Kadoil,False,False
AKDOĞANLAR PETROL NAKLİYE TURİZM GIDA İNŞAAT OTOMOTİV TARIM HAYVANCILIK TİCARET LİMİTED ŞİRKETİ,39.979068,36.058953,Kadoil,False,False
Selvi Petrol Nakliyat İnşaat Turizm Ticaret Limited Şirketi,40.972191,39.747909,Kadoil,False,False
SARAÇ PETROL ÜRÜNLERİ NAKLİYAT İNŞAAT TAAHHÜT TURİZM SERVİS YEMEK VE TEMİZLİK HİZMETLERİ TİCARET LİMİTED ŞİRKETİ,40.997521,39.641716,Kadoil,False,False
Cengiz KAPLAN,39.09676,39.229994,Kadoil,False,False
Tahir Baykal,38.388659,28.968314,Kadoil,False,False
Tahir Baykal - Üyükbaşı,38.42825,29.2923,Kadoil,False,False
Tahir Baykal - Köseler,38.480178,29.317474,Kadoil,False,False
Selim Yıldız,38.617674,28.889619,Kadoil,False,False
YUNUS EMRE PETROL ÜRÜNLERİ İNŞAAT HAYVANCILIK GIDA MADENCİLİK NAKLİYE İTHALAT İHRACAT SANAYİ VE TİCARET LİMİTED ŞİRKETİ,38.502049,29.677382,Kadoil,False,False
KAYGISIZLAR AKARYAKIT NAKLİYAT İNŞAAT MALZEMELERİ SANAYİ VE TİCARET LİMİTED ŞİRKETİ,38.4604,29.5893,Kadoil,False,False
KAYGISIZLAR AKARYAKIT NAKLİYAT İNŞAAT MALZEMELERİ SANAYİ VE TİCARET LİMİTED ŞİRKETİ,38.461711,29.694302,Kadoil,False,False
HALİM KOÇ PETROL MÜTEAHHİTLİK ZAHİRECİLİK TİCARET VE SANAYİ LİMİTED ŞİRKETİ,38.755983,29.747655,Kadoil,False,False
Gonca Petrol İnşaat Taahhüt Sanayi Ticaret Limited Şirketi,39.016805,43.332805,Kadoil,False,False
Delibaşlar Petrol Ürünleri Ticaret Ve Sanayi Limited Şirketi,39.027962,43.35721,Kadoil,False,False
Zenginler Petrol Ürünleri İnşaat Madencilik Tarım Hayvancılık Taşımacılık Gıda Otomotiv İthalat İhracat Ticaret San.Ltd.Şti.,39.032399,43.366432,Kadoil,False,False
DOĞAN BİRKAN PETROL GIDA NAKLİYE MADENCİLİK SANAYİ VE TİCARET LİMİTED ŞİRKETİ,39.133076,43.899914,Kadoil,False,False
DURMUŞ KARDEŞLER İNŞAAT TURİZM İTHALAT İHRACAT SANAYİ TİCARET LİMİTED ŞİRKETİ,38.962876,43.628302,Kadoil,False,False
DORUKLAR 1 PETROL ÜRÜNLERİ İNŞAAT GIDA MADENCİLİK SANAYİ VE TİCARET LİMİTED ŞİRKETİ,38.369757,43.187857,Kadoil,False,False
ĞARBİ AYHAN - MİRHASAN PETROL,38.095265,42.809015,Kadoil,False,False
ÇAVUŞTEPE TAŞIMACILIK PETROL İNŞAAT OTOMOTİV GIDA VE İTHALAT İHRACAT SANAYİ TİCARET LİMİTED ŞİRKETİ,38.348001,43.440832,Kadoil,False,False
DOĞUPARK AKARYAKIT TESİSLERİ ANONİM ŞİRKETİ,39.02865,43.32987,Kadoil,False,False
VANKUL AKARYAKIT İNŞAAT HAYVANCILIK TEMİZLİK GIDA İTHALAT SANAYİ VE TİCARET LİMİTED ŞİRKETİ,38.321631,42.966731,Kadoil,False,False
BY GLOBAL PETROL TAŞIMACILIK SANAYİ TİCARET LİMİTED ŞİRKETİ - 1,38.330472,43.412461,Kadoil,False,False
MEHMET ADEMİ,39.0432,43.3504,Kadoil,False,False
UĞUR PETROL ÜRÜNLERİ VE NAKLİYECİLİK TİCARET LİMİTED ŞİRKETİ,39.816968,34.788119,Kadoil,False,False
NEŞELİ OTOMOTİV PETROL İNŞAAT TARIM HAYVANCILIK NAKLİYE TİCARET VE SANAYİ LİMİTED ŞİRKETİ,39.8124,35.1516,Kadoil,False,False
SINIRLI SORUMLU BOĞAZLIYAN KARAYOLU YÜK TAŞIMA KOOPERATİFİ,39.174106,35.233292,Kadoil,False,False
ÖCALLAR İNŞAAT NAKLİYE PETROL TURİZM GIDA TARIM HAYVAN VE YAKIT ÜRÜNLERİ SANAYİ TİCARET LİMİTED ŞİRKETİ,39.6732,35.5134,Kadoil,False,False
MUSTAFA SAKALLI VE YUSUF SAKALLI (Sakallı Petrol),39.500958,34.758835,Kadoil,False,False
TURUDU DURU PETROL TARIM ÜRÜNLERİ VE HAYVANCILIK İNŞAAT MOBİLYA OTOMOTİV TURİZM NAKLİYE ZİRAİ ALET LOKANTA SANAYİ VE TİCARET LİMİTED ŞİRKETİ,39.210232,35.238314,Kadoil,False,False
YERKÖY AKARYAKIT TİCARET ANONİM ŞİRKETİ-YOZGAT,39.687505,34.645875,Kadoil,False,False
HAFIZOĞULLARI AKARYAKIT ÜRÜNLERİ HAYVANCILIK SANAYİ VE TİCARET LİMİTED ŞİRKETİ,39.65535,35.826683,Kadoil,False,False
ŞİMŞEKLER AKARYAKIT ÜRÜNLERİ TARIM VE HAYVANCILIK İNŞAAT TAAHHÜT SANAYİ VE TİCARET LİMİTED ŞİRKETİ,39.9882,35.7868,Kadoil,False,False
SÜHEYLA KARA,39.9938,35.7917,Kadoil,False,False
YUSUF KAYA - KAYA PETROL,39.637663,34.467275,Kadoil,False,False
SINIRLI SORUMLU YERKÖY KARAYOLU YÜK TAŞIMA KOOPERATİFİ,39.639739,34.469539,Kadoil,False,False
Çetinler Manifatura ve Tuhafiye İnş.Malz.Gıda Mad.Day.Tük.Mal.Demir Çelik San.ve Nak.Petrol San.Tic.Ltd.Şti.,41.202736,31.604599,Kadoil,False,False
ALAPLI ALPER PETROL ÜRÜNLERİ GIDA İNŞAAT TURİZM EMLAK OTOMOTİV NAKLİYAT SANAYİ TİCARET LİMİTED ŞİRKETİ,41.1748,31.3918,Kadoil,False,False
SABANCI AKARYAKIT SANAYİ TİCARET LİMİTED ŞİRKETİ,41.243129,31.991378,Kadoil,False,False
KALAYOĞLU PETROL ÜRÜNLERİ KUY.  NAK.TUR.İNŞ. SAN. VE TİC. LTD,40.77374,32.04025,Opet,True,False
GÖREN PETROL TESİSLERİ SANAYİ LİMİTED ŞİRKETİ,40.19721,29.1732,Opet,True,False
HURİYE GÖK,40.41909,29.71669,Opet,True,False
ASIM VE İKİZOĞULLARI PET.ÜRÜN. GIDA İNŞ.SA.TİC.LTD.ŞTİ.,41.008389,29.216246,Opet,True,False
ÖZTÜRKLER TARIM VE PETROL ÜRÜNLERİ TİCARET LİMİTED ŞİRKE,40.77715,29.71228,Opet,True,False
ESA PETROL VE NAK.TAH. LTD.ŞTİ.,40.75721,29.80357,Opet,True,False
DEMİRTAŞ AKARYAKIT DAĞITIM TUR VE TİCARET LİMİTED ŞİRKETİ,40.786508,29.42388,Opet,False,False
İNCİ PETROL ÜR.P.TİC. SAN.LTD.ŞTİ.,40.7815,30.6794,Opet,True,False
ÖZEN PETROL PETROL ÜRÜNLERİ SANAYİ VE TİCARET LİMİTED ŞTİ.,40.68871,30.24358,Opet,True,False
KARABULUT PET. VE OTO. ÜR.TAŞ. İNŞ.TAAH. SAN VE TİC LTD.ŞTİ.,39.567017,27.039883,Opet,True,False
CAN PETROL NAKLİYE OTO.İŞL.MAD YAĞ.VE TAAH.SAN.TİC.LTD.ŞTİ.,39.619049,27.569866,Opet,True,False
URASLAR AKR.İNŞ.MALZ.TAR.ÜRÜN. YAK.MAD.OTOM.YEDEK PARÇ.PAZ.VE,39.401467,28.1218,Opet,True,False
GENİŞ PET.ÜR.İNŞ.TAAH. NAK.SANAYİ VE TİCARET LTD.ŞTİ,39.4984,26.9663,Opet,True,False
SEDAT İLGİ PETROL TURZ.İNŞ. SAN.TİC.LTD.ŞTİ,38.23841,27.28064,Opet,True,False
AKINTÜRK PET. VE PET. ÜRÜN. NA TUR. SAN. VE TİC. LTD. ŞTİ.,38.44402,27.18395,Opet,True,False
BAŞPET PETROL TURİZM GIDA TAR. SANAYİ VE TİCARET ANONİM ŞİRKE,37.7879,29.0877,Opet,True,False
DURLANIK PETROL ÜRN.TİC. LTD.ŞTİ.,40.9064,33.6479,Opet,True,False
SEZGİNLER PETROL ÜRN. NAK. VE TİC. LTD. ŞTİ.,40.09613,34.1309,Opet,True,False
GÖKÇE PET.TİC. VE SAN. KOLL.ŞT ADNAN ÇOŞKUN,39.18934,34.15162,Opet,True,False
ALTIPARMAKLAR PETROL SAN.VE Tİ LİMİTED ŞİRKETİ,39.16142,34.15935,Opet,True,False
EMİN GÖLBAŞI PETROL TARIM HAYVANCILIK SANAYİ VE TİCARET,39.366005,36.425289,Opet,True,False
COŞARLAR TARIM ÜRÜN.MOBİLYA TEMİZLİK SAN.VE TİC.LTD.ŞTİ,39.17656,35.23541,Opet,True,True
TOPALOĞLU PET. TAR. SAN.TİC.LTD.ŞTİ.,37.26115,35.6672,Opet,True,False
MERYEM YEŞİL,37.04666,35.28228,Opet,True,False
SARILAR ZİRAAT SEYA.OTOM.PET.T NAK.İNŞ.VE.İNŞ.MLZ.SAN.VETİC.L,36.68964,34.43094,Opet,True,False
MARİNA ENERJİ LİMİTED ŞİRKETİ,36.77524,34.5702,Opet,True,False
AYDIN PETROL ÜRN.PAZ. İNŞ. SAN TİC.LTD.ŞTİ.,38.69477,35.5416,Opet,True,False
AVCAN GIDA  VE PET.ÜRNL.PAZ. TİC.SAN.LTD.ŞTİ.,37.82863,32.49906,Opet,True,False
BİBERCİ İNŞ.NAK.PET. SAN.TİC.LTD. ŞTİ.,37.87465,32.47841,Opet,True,False
DEMİRCİLER PET. ZIR. ALET. SUL SAN. VE TİC. LTD. ŞTİ.,37.57331,32.76431,Opet,True,False
ABDULLAH HASIRCI,37.30337,36.79309,Opet,True,False
İBRAHİM KARAŞAHİN GALERİ OPET,38.58465,34.66488,Opet,True,False
ALAADDİN ÇATALTAŞ OTO. TİC.VE SAN.A.Ş.,37.16154,38.85907,Opet,True,False
KOÇ TAAHHÜT PETROL İTH. İHR. SAN. TİC. LTD. ŞTİ.,37.22077,38.79643,Opet,True,False
POLAT AKARYAKIT TRZ.OTO.GİY. SAN.VE TİC.AŞ,37.16369,38.80505,Opet,True,False
EREN PETROL TİC.  LTD.ŞTİ.,38.2888,34.31843,Opet,True,False
YURTSEVER PETROL ÜRN. DİN.TES. SAN VE TİC. LTD.ŞTİ.,37.18671,33.17928,Opet,True,False
DAĞCI NAK. İNŞ.TUR. HAY. VE PET. ÜRN. TİC. LTD. ŞTİ.,38.66972,39.18525,Opet,True,False
LATİF BAŞKAL AKY.TİC.VE SAN. A.Ş.,38.74329,35.54314,Opet,True,False
HUNT GROUP SİLAH OTOMOTİV SANAYİ VE TİCARET LİMİTED ŞİRK,37.90073,31.91122,Opet,True,False
İSLAH PTR.ÜRN.VETUR.İNŞ.TİC. LTD.ŞTİ.,41.20502,28.728184,Opet,True,False
MAVİKENT PET. ÜRN. LTD. ŞTİ.,39.28503,34.11409,Opet,True,False
KUYUBAŞI AKR.TUR.İNŞ.SAN.VE TİC.LTD.ŞTİ,37.14234,38.79827,Opet,True,False
KIDIK PETROL TİC. LTD. ŞTİ.,37.08677,36.25122,Opet,True,False
ÇAVDAROĞLU MOT. ARÇ. VE AKRY. SAN. TİC. LTD. ŞTİ.,38.28002,29.72369,Opet,True,False
HMK AKARYAKIT TURİZM TİCARET L ŞİRKETİ,37.943056,27.366389,Opet,True,False
HIZIR PETROL VE TARIM ÜRÜNLERİ GIDA NAKLİYE SANAYİ VE,38.75341,35.3391,Opet,True,False
ÖZTÜRKLER (ZİYARETTEPE-K)PET.S TİC.A.Ş.,36.94791,34.79288,Opet,True,False
BAŞARI AKARYAKIT NAKLİYE OTOMO İNŞAAT TAAHHÜT HAYVANCILIK GID,38.50631,27.04957,Opet,True,False
BAŞARI AKRY. NAKLİYE OTO.İNŞ.T HAYV. GIDA TUR. SAN. TİC. LTD.,38.59095,27.07433,Opet,True,False
AS PRESTİJ İNŞ.OTO.KOM.TURZ.SE ACEN.YAK.KONF.GIDA VE DAY.TÜK.,39.598133,26.9791,Opet,True,False
ÜNLÜLER PETROL İNŞ.KER.NAK.TİC SAN.LTD.ŞTİ.,41.41821,33.7778,Opet,True,False
İNPET OTOMOTİV PET.İNŞ. SAN.VE TİC.AŞ.,40.21141,28.97474,Opet,True,False
OZT PETROL ÜRÜNLERİ TAŞIMACILI KİRALAMA  LATİK TARIM ÜRÜN.,37.05179,35.8107,Opet,True,False
ŞAHİNTAŞ PET.OTO.SAN.VE TİC.AŞ,37.08263,37.42029,Opet,True,False
EBED İTH.İHR.VE PETROL ÜRN.TİC LTD.ŞTİ.,37.11981,37.39539,Opet,True,False
S.S. ÇORLU KOORDİNE SANAYİ SİT İŞLETME KOOPERATİFİ,41.150935,27.837963,Opet,True,False
KEMALETTİN ÖZTÜRK KONFEKSİYON AKARYAKIT PETROL GIDA VE PAZAR,40.63156,30.63619,Opet,True,False
İSTANBUL ENERJİ SANAYİ VE TİCARET A.Ş,41.003748,28.950078,Opet,True,False
NAMIK KEMAL YAY-PET TUR.OTOM.S TİC.LTD.ŞTİ.,40.946909,27.444339,Opet,True,False
MOBİPA MOBİLYA TEKS.İNŞ.NAK. P ÜRN.SÜPER MARK. VE TUR.SAN.TİC,40.0944,29.48564,Opet,True,False
ESENKENT PET.ÜRN.PAZ.TUR.İNŞ.S VE TİC.LTD.ŞTİ.,41.055227,28.671743,Opet,True,False
ŞAHUTOĞLU PET. OTO. İNŞ. NAK. GIDA TEKS. SAN. VE TİC. LTD. Ş,36.80341,34.60164,Opet,True,False
KÖMÜRLER ULUS.NAK.TİC.LTD.ŞTİ.,37.17853,36.73691,Opet,True,False
HÜR-PET PETROL ÜRÜN. SAN.VE TİC.LTD.ŞTİ.,38.2747,26.83794,Opet,True,False
ÖZYÖN PETROL ÜRÜNLERİ TİCARET ANONİM ŞİRKETİ,39.95219,32.79674,Opet,True,False
YELTEKİNLER PET.ÜRN.ELKTR.GIDA NAK.İTH.İHR.SAN.TİC.LTD.ŞTİ,38.52353,42.26971,Opet,True,False
ÇİNALLAR DAYANIKLI TÜKETİM MAL VE PETROL ÜRÜNLERİ ISITMA SİST,40.396233,27.841383,Opet,True,False
ÜÇ KARDEŞLER İNŞ. PET. ÜRÜN. S VE TİC. LTD. ŞTİ.,40.96815,29.25299,Opet,True,False
KARAKAŞLAR TRAKTÖR ANONİM ŞİRK,40.97065,34.85185,Opet,True,False
BAHRİ YANMAZ TAŞ.İNŞ.AKAR.NAKİ ARÇ.VE.OTO.PAZ.VE.TİC.LTD.ŞTİ,39.785933,26.3424,Opet,True,False
UTŞ GIDA İNŞ.TEKS.PET. VE AMBALAJ SANAYİ TİCARET LTD. ŞT,36.90932,34.88741,Opet,True,False
DALYAN PETROL AKARYAKIT TİC.SA TURZ.LTD.STİ,36.78801,28.83367,Opet,True,False
HESAPÇIOĞLU(GÜRSU)OTO PET.TUR. TAŞ.İNŞ.TAR.HAY.TİC.SAN.VE PAZ,36.86365,30.63177,Opet,True,False
AKDEMİR TURİZM PETROL ÜRÜN.TAŞ KUY.SAN.VE TİC. LTD.ŞTİ.,36.97956,37.46094,Opet,True,False
BOYTRANS LOJİSTİK HİZMETLERİ VE TİC. A.Ş.,38.70164,35.3782,Opet,True,False
BEHÇET GÜRE GÜRE PETROL,38.42933,27.18189,Opet,True,False
EMAR İNŞ. EĞT. MARK. PET. NAK. VE TİC. A.Ş.,37.89792,32.47143,Opet,True,False
MUSTAFA EROĞLU,37.56936,38.93891,Opet,True,False
KARDEŞLER PET. ÜRÜN. VE TURZ.,38.51598,43.371737,Opet,True,False
KARTALKAYA İNŞ. RENT A CAR SAN TİC.LTD.ŞTİ.,41.069878,28.292562,Opet,True,False
ESKİŞEHİR PETROL GIDA OTOM. SAN. VE TİC. A.Ş.,39.7905,30.480367,Opet,True,True
AKPA DAYANIKLI TÜKETİM LPG VE AKRY.ÜRN. PAZ. A.Ş.,39.746067,30.451417,Opet,True,False
ERDEMLİ BELEDİYESİ AKARYAKIT İ VE MARKET İŞLETMESİ,36.53405,34.22581,Opet,True,False
KIRÇİÇEĞİ TİC.TURZ.PETROL LTD.ŞTİ.,36.79225,31.41211,Opet,True,False
ÖZTÜRKLER (KARADUVAR) PET. SAN TİC. A.Ş.,36.8285,34.6836,Opet,True,False
KARAMANOĞULLARI TARIM İNŞ. PET ÜRÜN. SAN. VE TİC. LTD. ŞTİ.,40.70835,29.89461,Opet,True,False
DOĞANCAN AKAR.İNŞ.GIDA TİC. VE LTD.ŞTİ.,39.96361,32.65263,Opet,True,False
BEREKET PETROL TARIM TİC. VE SAN.A.Ş,37.9004,32.46724,Opet,True,False
YENİPINAR PET. OTO. TURZ. NAK. TİC. VE SAN. LTD. ŞTİ.,37.55728,36.92246,Opet,True,False
ÇAĞDAŞ PETROL ÜRÜNLERİ PAZARLA SAN.VE.TİC.LTD.ŞTİ,41.064912,28.671665,Opet,True,False
AYDOĞDU PET. TURZ. İNŞ. TAAH. VE SAN. LTD. ŞTİ.,36.75268,34.53503,Opet,True,False
TEKNOPET PET.ÜRN.GID.TURZ.NAK. SAN.VE.TİC.LTD.ŞTİ,38.75692,26.95571,Opet,True,False
ÖZALTAYLAR TEKS.TAR.PET.OTOM.İ TUR.SAN. TİC.A.Ş.,37.83805,40.61134,Opet,True,False
ÖZ-PET ÖZDEMİRLER PETROL ÜRN. TURZ.İNŞ.NAK.SAN.VE.TİC.LTD.ŞT,40.15605,26.4587,Opet,True,True
TAŞKIRANLAR PET. NAK. GIDA SAN. VE TİC. LTD. ŞTİ.,37.62563,34.2832,Opet,True,False
DİNÇ PET. İNŞ.NAK.TAAH.SAN. VE LTD.ŞTİ.,37.23028,36.89357,Opet,True,False
ORSA PETROL ÜRÜNLERİ SAN.VE TİC.LTD.ŞTİ,41.223003,28.455297,Opet,True,False
SEYMENOĞLU AKARYAKIT SANAYİ Tİ LİMİTED ŞİRKETİ,40.796111,30.742804,Opet,True,False
SAKARYA İNCİ PETROL TİCARET VE SANAYİ LİMİTED ŞİRKETİ,40.73426,30.36884,Opet,True,False
BAŞARI AKRY. NAKLİYE OTO.İNŞ.T HAYV. GIDA TUR. SAN. TİC. LTD.,38.477907,27.095875,Opet,True,False
İSTANBUL ENERJİ SANAYİ VE TİCARET ANONİM ŞİRKETİ,41.008361,29.022979,Opet,True,False
YERLİYURT PET.PAZ.TİC. VE SAN. LTD.ŞTİ.,39.72618,36.97,Opet,True,False
ARAT PETROL ÜRÜNLERİ VE TAŞIMACILIK TİC.LTD.ŞTİ,37.83978,29.13494,Opet,True,False
AKAR PETROL ÜRÜNLERİ SAN.VE.Tİ LTD.ŞTİ,41.002406,28.787645,Opet,True,False
TAŞELİ AKARYAKIT İNŞAAT NAKLİY GIDA TURİZM TİCARET VE,36.62268,33.44328,Opet,True,False
POLİMERNET PLASTİK SANAYİ VE TİCARET LİMİTED ŞİRKETİ,40.91031,29.21135,Opet,True,False
BABA PETROL ÜRN.TİC.PAZ.TUR. SEY. GIDA VE İNŞ.LTD.ŞTİ.,37.00919,30.3087,Opet,True,False
İPEK PETROL ÜRÜN.PAZ.NAKL.TUR. SAN. VE TİCLTD.ŞTİ,36.9817,35.43575,Opet,True,False
FİKRET PETROL ÜRÜNLERİ PAZARLAMA SAN.VE.TİC.AŞ.,39.93593,32.7128,Opet,True,False
HORATA  AKARY. OTO. GIDA TURZ. VE SAN. LTD.ŞTİ,38.3363,38.23882,Opet,True,False
NE-KA YAPI İNŞ. PTR.ÜRN.TİC.VE SAN.AŞ.,37.87283,32.47925,Opet,True,False
KURANOĞLU PETROL TURİZM SAN.VE TİC.LTD.ŞTİ,37.21981,28.35119,Opet,False,False
HALİL EKİNCİ OĞULLARI PET.ÜRN. VE TİC.LTD.ŞTİ.,37.15581,37.41662,Opet,True,False
GÖKÇEBEL BAŞAR PET.ÜRN. TAŞ. TURZ. TİC. İTH. VE  İHR. LTD.,37.1112,27.32244,Opet,True,False
ŞENGÜN PETROL NAKLİYAT VE TURİ LTD.ŞTİ,40.83615,40.2721,Opet,True,False
CESAN PETROL VE İNŞAAT LTD.ŞTİ,39.75185,32.80518,Opet,True,False
BOZKANLAR PETROL ÜRÜNLERİ SANA TİCARET A.Ş.,37.02913,37.96592,Opet,True,False
ŞAHİN PETROL TİCARET A.Ş.,39.90926,32.79054,Opet,False,False
MEHMET KALKAN,36.04185,32.80653,Opet,True,False
NURPET PETROL TİCARET VE SANAYİ A.Ş.,40.25275,29.06451,Opet,True,False
EKKA PETROL TURİZM NAKLİYE İNŞ GIDA SANAYİ VE TİCARET LİMİTED,40.92668,29.31788,Opet,True,False
ELİF LPG VE AKARYAKIT DAĞITIM SANAYİ TİCARET ANONİM ŞİRKETİ,39.88926,32.702,Opet,True,False
ALTAN PET.TAR OR GID ÜRN TUR T MD.İNŞ.DAY.TÜK.ML.PZ.SAN.TİC.L,37.36475,36.05415,Opet,True,False
PRESTİJ PTR.TEKS.GIDA İNŞ. TURZ.SAN.TİC.LTD.ŞTİ,41.050014,28.812314,Opet,True,False
GÜNDOĞMUŞ PTR.ÜRN.İNŞ.TURZ. GIDA NAK.SAN.VE TİC.LTD.ŞTİ.,41.29246,36.2664,Opet,True,False
ALLAR NAK.DERİ İNŞ.OTO.AKARY. TURZ. SAN. VE TİC. LTD. ŞTİ.,40.82041,32.31388,Opet,True,False
KASAPOĞLU TURZ.KUY.NAK.GIDA İN PET.ÜRÜN. VE TİC.LTD. ŞTİ.,36.78611,31.43066,Opet,True,False
MEVLÜT YURTTAŞ,38.11384,31.02452,Opet,True,False
TAM BİRLİK GIDA PAZARLAMA PETR TAŞIMACILIK İNŞAAT TİCARET VE,37.51941,36.99966,Opet,True,False
GÜRCAN PETROLCÜLÜK ANONİM ŞİRKETİ,41.048279,28.985292,Opet,True,False
ADEM KOCATEPE KOCATEPE PETROL,36.64574,29.1757,Opet,True,False
HASAN DEMİR,38.35135,38.30205,Opet,True,False
ÇEŞME ARAS PET.TURZ.İNŞ.GIDA M VE MARK.İŞL.SAN. VE TİC.LTD.ŞT,38.31231,26.34519,Opet,True,False
SÜMER PETROL VE PETROL ÜRN.İNŞ TURZ. NAK. OTO. SAN. VE TİC.LT,37.00714,35.34717,Opet,True,False
İSTOÇ PETROL VE İNŞAAT LİMİTED ŞİRKETİ,41.069901,28.824956,Opet,True,False
ACARLAR MAL VE HİZMET ÜRETİM A GIDA TEMİZLİK İNŞAAT NAKLİYAT,36.7431,28.80762,Opet,True,False
GOLDENBRIDGE LOJİSTİK İNŞAAT G TARIM SANAYİ VE LİMİTED ŞİRKET,37.13091,37.30424,Opet,True,False
CE-KA PETROL TİC.LTD.ŞTİ.,36.21349,36.16764,Opet,True,False
KELKİT VADİSİ PTR.TURZ. OTOM. İNŞ.SAN.TİC. LTD. ŞTİ.,40.929234,29.146656,Opet,True,False
BAFRA PETROL ÜRÜN.SAN VE TİC. LTD.ŞTİ.,41.57035,35.87617,Opet,True,False
MURAT PTR. ÜRN. OTOM. TURZ. İN TİC. VE SAN. LTD. ŞTİ.,40.8027,29.4604,Opet,True,False
ÜÇLER (KIRIKHAN)AKARY.PET.ÜRÜN PAZ.TURZ.İNŞ.VE TİC.LTD.ŞTİ.,36.49971,36.37343,Opet,True,False
GÜLBAŞLAR PETROLCÜLÜK  TURZ. VE TİC. LTD. ŞTİ.,40.69813,29.65528,Opet,True,False
ATAKÖY PETROL TİCARET LTD.ŞTİ.,40.974003,28.873148,Opet,False,False
RAMAZAN ÇAKMAK,37.81479,38.60144,Opet,True,False
TAN PETROL TİC. VE SAN. A.Ş.,39.679083,27.934467,Opet,True,False
KARER GIDA ÜRETİM PAZARLAMA TEKEL MADDELERİ NAKLİYE,37.52512,34.03439,Opet,True,False
OKURLAR PETROL HAYVANCILIK TARIM İNŞAAT GIDA NAKLİYE,41.008074,29.201706,Opet,True,False
GÜLLÜOĞLU MADEN.TELEKOM PETROL ÜRÜN.TURZ.GIDA TİC. VE SAN. LT,39.94237,32.88806,Opet,True,False
TURANLI AKARY. TEKS. NAK. TİC. SAN.LTD.ŞTİ.,37.76824,38.56705,Opet,True,False
ŞAHİN PETROL TİCARET A.Ş.(İSKİTLER),39.95427,32.84114,Opet,False,False
ŞEREN PETROL ÜRN. SAN. TİC. LT,39.58432,32.14684,Opet,True,False
SAR-PET AKARY.ÜRÜN.GIDA PZLM. SAN. VE TİC. LTD. ŞTİ.,41.18194,27.774309,Opet,True,False
R&D DOKPET PETROL ÜRN.TEKEL MA OTOM.TAŞ.GIDA TİC.VE SAN.LTD.Ş,37.5881,36.88852,Opet,True,False
MANDIROĞLU MÜH.MİM.ELKT.OTO TI CİH.SAN VE DIŞ TİC.LTD.ŞTİ.,39.8218,32.56945,Opet,True,False
YENİER GIDA KUYUMCULUK İNŞ. TURZ. TİC. VE SAN. LTD. ŞTİ.,36.22716,29.70193,Opet,True,False
KIR-PET OTO.PET.TAR.GIDA TURZ. İNŞ SAN. VE TİC.LTD.ŞTİ.,37.24519,38.79372,Opet,True,False
DAĞ-SA PETROL ÜRÜN.NAKL.TAR.TE TUR.İTH.İHR.SAN.TİC.LTD.ŞTİ.,36.80314,34.60068,Opet,True,False
LİMANKÖY PETROL ÜRÜN.İNŞ.SAN. LTD.ŞTİ.,41.07562,40.68687,Opet,True,False
MOL PETROL AKARY. VE DİNL.TESİ TİCARET SANAYİ A.Ş,39.88145,32.65746,Opet,True,False
KARACAN MOTORLU ARAÇLAR ULUSLA NAK. AKARYAKIT SAN. VE TİC. A.,39.76415,30.55635,Opet,True,False
EFECAN AKAR.GID.İÇECEK TUR.İNŞ MALZ.HAYV.DERİ KONF.MOB.TAŞ.TA,36.94714,30.85211,Opet,True,False
KARACAN OTOMOTİV PETROL ÜRÜNLERI TİCARET VE,39.781417,30.487817,Opet,True,False
YA-PET PET.ÜRN.TİC.VE SAN.LTD.,37.37894,35.82833,Opet,False,False
ERNAZ SERVİS OTO.PAZ.SAN. VE TİC.A.Ş.,40.75941,30.42087,Opet,True,False
BANPET-BANDIRMA PET.TURZ. VE TİC.LTD.ŞTİ.,40.29965,28.029233,Opet,True,False
SÜZERLER PETROL ÜRÜN.NARENCİYE İNŞ. TUR. OTO SAN. VE TİC.LTD.,36.60136,34.30189,Opet,True,False
GÖKDEMİR TİCARET TURİZM İNŞAAT VE SANAYİ LİMİTED ŞİRKETİ,37.38174,27.28892,Opet,True,False
ÜÇLER PETROL ÜRÜN. NAKL. TURZ. VE TİC. LTD. ŞTİ.,41.23775,32.67481,Opet,True,False
KARALAR PETROL MAMÜLLERİ TARIM TURİZM NAKLİYAT VE TİCARET LTD,36.91397,31.12077,Opet,True,False
MOLA PETROL GIDA TURİZM NAK. TİC.LTD.ŞTİ.,41.524315,27.08301,Opet,True,False
OLUÇ PET.TURZ.SAN.VE TİC.LTD.Ş,37.77763,29.04887,Opet,True,False
ACARSAN MOTORLU ARAÇ.PETROL ÜR TURZ.İNŞ.SAN.VE TİC.A.Ş.,37.09153,37.44991,Opet,False,False
KÖSEOĞULLARI PETROL NAKL.TARIM ÜRÜN.İTH.İHR.SAN.VE TİC.LTD.ŞT,37.04341,36.63068,Opet,True,False
AYBABA PETROL ÜRÜN.TURZ.NAKL. GIDA TÜTÜN ÜR.İTH. İHR. VE,39.93061,32.84822,Opet,True,False
C.K.POLAT PETROL ÜRÜN.İNŞ.NAKL TURZ.TAAH.TAŞ.TİC.SAN.LTD.ŞTİ.,37.93636,40.18195,Opet,True,False
MNT-PET  PET. ÜRN. TURZ.GIDA SAN. VE TİC.LTD.ŞTİ.,38.27999,27.19906,Opet,False,False
BÜYÜKÇAVUŞLU RÜYA TESİS. PTR. GIDA TUR. SAN VE TİC. LTD. ŞTİ,41.249393,28.038021,Opet,True,False
YAPKIN PET.MADENİ YAĞ VE TAŞ.S VE TİC.LTD.ŞTİ.,38.67182,27.465,Opet,True,False
PETROLYAĞ PETROL YAĞLARI TİC. SAN. A.Ş.,38.43687,27.162,Opet,False,True
ŞEKER AKRYAKIT NAK.GID. MAD.SAN.TİC.LTD.ŞTİ.,38.69112,35.24301,Opet,False,False
DALGIÇLAR(2) GIDA PETROL VE TA PAZ.TİC.LTD.ŞTİ.,36.37304,30.3292,Opet,True,False
SÜLEYMAN SEVİMLİ PETROL TUR.NA İNŞ.GIDA SAN.VE TİC.LTD.ŞTİ.,41.0317,40.55547,Opet,True,False
MADENLER PET.VE.PET.ÜR.OTOM.YD NAK.TURZ.GID.BES.SAN.VE TİC.LT,38.10331,37.91116,Opet,True,False
SAHİL AKARYAKIT OTOMOTİV TİCARET LİMİTED ŞİRKETİ,41.4513,31.758,Opet,False,False
RAZPOL PETROLCÜLÜK TİCARET ANONİM ŞİRKETİ,41.031482,29.079843,Opet,True,False
KOÇ PETROL TURİZM NAKLİYAT VE İNŞAAT SANAYİ VE TİCARET LİMİT,41.054819,28.84035,Opet,True,False
HİLAL PTR. GAZ ÜRN.İNŞ. OTOM. İTH.İHR. SAN. VE TİC. LTD. ŞTİ,41.080848,28.893459,Opet,True,False
ERSİ PTR. ÜRN. OTOM. VE İNŞ. S TİC. LTD. ŞTİ.,41.088919,28.984688,Opet,True,False
DALGIÇLAR(1) GIDA PETROL VE TA ÜRN.PAZ.VE TİC.LTD.ŞTİ.,36.3522,30.28192,Opet,True,False
HALİMOĞLU PETROL ÜRN. TURZ. İN SAN.TAR.HAYV.TİC.İTH.İHR.LTD.Ş,36.80923,31.3826,Opet,True,False
APAK PETROL ÜRÜN.CANLI HAYV. VE OTOM.TİC.VE SAN.A.Ş.,37.71663,33.48864,Opet,True,True
SEKİLİ PETROL İNŞ.TURZ. SAN.TİC.LTD.ŞTİ.,37.75198,32.18831,Opet,True,False
HMZ AKARYAKIT VE PETROL  ÜRÜNLERİ ANONİM ŞİRKETİ,38.79041,41.49726,Opet,True,False
GÖKMENOĞLU MADENCİLİK PETROL İ NAKLİYE SANAYİ VE TİCARET ANON,40.84844,33.21624,Opet,True,False
SDF SELEK PETR.SOSYAL DİNLENM. FAAL. TURİZM SAN. TİC. A.Ş,40.98386,29.16603,Opet,False,False
BADEMCİ TUR.SEY.HAYV.TAR.GIDA. ÜRN.OTOM.İTH.İHR.SAN.TİC.LTD.Ş,37.82425,27.4897,Opet,True,False
SÖNMEZ PETROL TURZ. OTOM. SAN. VE TİC. LTD. ŞTİ.,38.47645,28.10048,Opet,True,False
EFEMAK OTOM.PETROL TURZ.SEYH.G TARIM HAYV.SAN.VE TİC.LTD.ŞTİ.,37.8021,27.83945,Opet,True,False
LÜLEBURGAZ RÜYA PETROL GIDA SANAYİ VE TİCARET LTD.ŞTİ,41.435937,27.375672,Opet,True,False
MOLA PETROL GIDA TURİZM NAK. TİC.LTD.ŞTİ.,41.523655,27.080318,Opet,True,False
İPAŞ PETROL ÜRÜN.İNŞ.MÜHENDİSL TURZ. İÇ VE DIŞ TİC.SAN. VE A.,39.96683,33.14703,Opet,True,False
GÜNAYDIN TİCARET KOLL. ŞTİ. İSMAİL GÜLPINAR,37.43055,31.85043,Opet,True,False
DAĞ-SA PETROL ÜRN.NAK.TAR.TEKS TUR.İTH.İHR.SAN.VE TİC.LTD.ŞTİ,36.95235,36.1627,Opet,True,False
KAZIM YAY AKARYAKIT VE TURİSTİ TESİSLERİ SAN.TİC.LTD.ŞTİ.,40.939276,27.305435,Opet,True,False
ENİS BAĞÇİVAN ECEM PETROL,38.18502,27.35469,Opet,True,False
UZUNLAR OTOMOTİV ZAHİRE SAN. VE TİC. LTD.ŞTİ,41.721901,27.216541,Opet,True,False
OKUMUŞLAR PETROL VE TARIM ÜRÜNLERİ SAN. VE TİC.LTD.ŞTİ.,39.445033,30.006133,Opet,True,True
ERHAN DEDEOĞLU PETROL ÜRÜN. PAZAR. VE TİC. LTD.ŞTİ.,40.993018,28.827292,Opet,True,False
AYBİL PETROL ÜRÜN.NAKL.TURZ.İN GIDA SAN.TİC.LTD.ŞTİ.,38.77471,35.57322,Opet,True,False
ERTANLAR AKARY. TUR. TİC. LTD.,36.87946,31.00562,Opet,True,False
AYYILDIZ TAŞIT KİRALAMA PETROL İNŞAAT GIDA NAKLİYE SANAYİ VE,39.807967,30.4082,Opet,True,False
OPET MARKET VE AKARYAKIT İSTASYON İŞLETMECİLİĞİ ANONİM,38.36275,27.14947,Opet,True,False
ÇİNALLAR DAYANIKLI TÜKETİM MAL VE PETROL ÜRÜNLERİ ISITMA SİST,40.435033,27.765917,Opet,True,False
ANAFARTA PETROL ÜRN. PAZ.NAKL.VE TİC.A.Ş.,41.051088,28.687711,Opet,True,False
ASP GAYRİMENKUL YATIRIMLARI VE ANONİM ŞİRKETİ,38.79041,30.45662,Opet,False,False
YÜZBAŞIOĞLU AKARYAKIT TAŞIMACI GIDA OTOM. TİC. VE SAN. LTD. Ş,40.33319,36.53108,Opet,True,False
PINAR HİSAR RÜYA PETROL GIDA SAN. VE TİCARET LİMİTED ŞİRKET,41.623177,27.534895,Opet,True,False
YÜCELER OTO. PET. ÜRÜN. VE PAZ,40.26477,29.65842,Opet,True,False
YENİ TRUVA TURZ.PETROL VE PETR ÜRÜN.NAKL.GIDA İNŞ.SAN.TİC.LTD,40.07,26.3724,Opet,True,True
KAYIKÇIOĞLU PETROL ÜRN. NAK. T LTD.ŞTİ,40.99745,39.7486,Opet,True,False
TOLU TUZ NAKL. PETROL İNŞ. TURZ.OTOM.SAN.VE TİC.LTD.ŞTİ.,38.91433,33.56678,Opet,True,False
KIRALLAR GIDA NAKLİYAT İNŞAAT SANAYİ VE TİCARET LTD. ŞTİ,37.52646,34.056,Opet,True,False
TURTAY İNŞ. PETROL AKARY.NAKL. VE SAN.TİC.LTD.ŞTİ.,39.92777,33.00717,Opet,True,False
ŞAHALİ İNCE(GÜRSU)PET.GID.TAR. TUR.TAŞ.OTOM.EMLAK SAN.TİC.LTD,36.85918,30.62426,Opet,True,False
ÖZTÜRKLER MADENİYAĞ.ÜRN.AKAR.T İNŞ.SAN.TİC.LTD.ŞTİ.,41.019741,28.908595,Opet,True,False
YALÇINKAYALAR PAZ.DAĞ.PETROL Ü SAN.TİC.LTD.ŞTİ.,38.72979,26.9793,Opet,True,False
SELAMET ÇIRÇIR FABRİKALARI SAN. VE TİC. A.Ş,36.9164,30.67548,Opet,True,False
ÇAYCUMA PETROL NAKLİYE GIDA SANAYİ VE TİCARET LTD.ŞTİ.,41.4398,32.09521,Opet,True,False
EFEOĞLU TAÇ DAY.TÜK.MALL.TURZ. KUYUM.OTOM.İNŞ.TAAH.SAN.VE TİC,39.08456,26.90772,Opet,True,False
KADOPET OTO SANAYİ AKARYAKIT A,40.993494,29.188507,Opet,True,False
ÖZTRAKYA AKARYAKIT SAN. VE TİC.LTD.ŞTİ.,39.11731,27.19903,Opet,True,False
DELTA PETROL İNŞ. NAK. İLAÇ GI HAYV. SAN. TİC. LTD. ŞTİ.,38.342111,38.423278,Opet,True,False
AYDOĞDU PTR. ÜRN. İNŞ. TAAH. VE NAK. TİC. SAN. LTD. ŞTİ.,39.92201,41.19413,Opet,True,False
AYDIN PETROLCÜLÜK VE TİCARET A.Ş.,40.84018,30.34028,Opet,True,False
PENDİK PETROL ÜRÜN.İNŞ.TUR.GID TİC. LTD. ŞTİ.,40.88139,29.24048,Opet,True,False
İSHAKOĞLU GIDA NAK. VE İNŞ. SAN. VE DIŞ TİC. LTD. ŞTİ.,41.050992,28.907569,Opet,True,False
ORGUN PETROL ÜRÜNLERİ İNŞ. TAAH.NAK.TİC.LTD.ŞTİ.,41.01193,39.61261,Opet,True,False
ATARLAR HUBUBAT GÜBRE NAK GIDA PET. ÜRN. SAN. VE TİC.LTD,38.25259,33.50457,Opet,True,False
HESAPÇIOĞLU(100.YIL)OTO.PET.TR İNŞ.TAR.HAY.TİC.SAN.VE PAZ.ANO,36.89556,30.70891,Opet,False,False
OPET MARKET VE AKARYAKIT İSTAS İŞLETMECİLİĞİ ANONİM ŞİRKETİ,40.992812,28.793749,Opet,True,False
GÖNÜLLER PETROL OTOM.TAŞ.SEB.M VE SERVİS HİZM.TİC. VE SAN.LTD,36.83184,34.64924,Opet,True,False
ZENGİN PETROL SANAYİ TİCARET ANONİM ŞİRKETİ,41.101081,28.980024,Opet,True,False
FIRAT-MURAT KARDEŞLER MOBİLYA VE PAZARLAMA PETROL NAKLİYE VE,37.90619,41.12677,Opet,True,False
PETROLYAĞ PETROL YAĞLARI TİC.VE SAN. A.Ş.,38.42987,27.21914,Opet,True,False
BİBİNOĞLU PETROL LPG NAKLİYE İ TURİZM GIDA ENERJİ SAN. VE TİC,41.18194,41.82933,Opet,True,False
DAĞ-SA PETROL ÜRN.NAK.TAR.TEKS İTH.İHR.SAN.VETİC.LTD.ŞTİ.,36.9531,36.15875,Opet,True,False
ÖZTÜRKLER PETROL (ZİYARETTEPE- PTR. SAN. VE TİC. A.Ş.,36.946,34.79394,Opet,True,False
DİNÇ PETROL İNŞAAT NAK.TAAH.SA TİCARET LİMİTED ŞİRKETİ,37.22886,36.88947,Opet,True,False
AKİF YILMAZ AKARY. VE DİNLENME TİC. VE SAN. LTD.ŞTİ.,40.54965,30.30545,Opet,True,False
DEMPET DEMİRELLER (1)AKARY. NA TURİZM TİCARET LTD.ŞTİ.,38.5905,30.95273,Opet,True,True
MOBİPA MOBİLYA TEKS. İNŞ.NAK.P ÜRN.SÜPER MARK.VETUR.SAN.TİC.A,40.09381,29.48583,Opet,True,False
ÜNAL(1)PETROL HAYV.TEKSTİL TUR TAAH.SANAYİ VE TİCARET A.Ş,36.62115,29.12049,Opet,False,False
YENSUR KELEŞ PETROL NAK.İNŞ.GI TUR.PAZ.SAN. VE TİC.LTD.ŞTİ.,38.616433,39.291142,Opet,True,False
UFUK AKARYAKIT TİC.VE TUR. LTD.ŞTİ.,38.426223,27.191454,Opet,True,False
ÇOBANLAR LOJİSTİK MADENİ YAĞLA PETROL ÜRÜN. GIDA SAN. TİC.LTD,40.80754,29.50564,Opet,True,False
OLPET TURİZM NAKL. AKARY. ÜRN. İNŞ. SAN. VE TİC. LTD. ŞTİ.,37.77255,29.10001,Opet,True,False
SÜRAL SU BİRA MEŞRUBAT PETROL TAŞ.PAZ.DAĞITIM TİC. A.Ş,36.91124,31.17033,Opet,True,False
DEMİRCİOĞULLARI PETROL ÖZ.SAĞ. OTO.TEKS.İNŞ.TARIM SAN.VE TİC.,37.723477,38.183151,Opet,True,False
ÇETAY AKARYAKIT TİCARET VE İNŞAAT LİMİTED ŞİRKETİ,41.056491,28.965107,Opet,False,False
MAVİ BEYAZ AKARYAKIT İNŞ. PET. PAZARL. SAN. VE TİC. A.Ş.,37.06985,27.47001,Opet,True,False
MAVİ BEYAZ AKARYAKIT İNŞ. PET. PAZARL. SAN. VE TİC. A.Ş.,37.20709,27.64722,Opet,True,False
FİKRET AĞAOĞLU PTR ÜR.PAZR.OTO İNŞ.NAKLİYE SAN VE TİC. LTD.ŞT,40.33489,36.5476,Opet,True,False
SULTANELİ PETROL ÜRÜN TUR. İNŞ SAN. VE TİC. LTD. ŞTİ.,36.60147,31.80048,Opet,True,False
ÇANKAYA KARD.PET.ÜRN.İNŞ.VE İN MLZ.TA.TAŞ.TUR.GI.SAN.TİC.LTD.,39.42583,26.86037,Opet,True,False
RAMAZAN KESKİN AKAR. TURZ. DAY TÜK. MALL. SAN. VE TİC. LTD. Ş,38.675833,29.370833,Opet,True,False
MİRAP ULUS. NAK. TUR. OTO. AKA SAN. VE TİC. A.Ş. (BANDIRMA),40.34158,27.9799,Opet,True,False
MİRAP ULUS. NAK. TUR. OTO. AKA SAN. VE TİC. A.Ş. (POLATLI),39.69464,32.26132,Opet,True,False
ÇOKSEZGİNLER İNŞ. TAAH.NAKL.PE ÜRN.GIDA SAN. VE TİC.LTD.ŞTİ.,39.94113,34.0295,Opet,True,False
AKSOYLAR TÜKETİM MADDELERİ PAZ SANAYİ VE TİCARET LTD.ŞTİ.,41.562534,27.78736,Opet,True,False
TNC AKARYAKIT İNŞ.NAK.GIDA TUR SAN. VE TİC. LTD. ŞTİ.,37.83675,27.2592,Opet,True,False
ONPET ONUR PETROL ÜRÜNLERİ SANAYİ VE TİCARET LTD.ŞTİ.,41.2859,36.30567,Opet,True,False
TA-NE PETROL ÜRN. NAK.OTO.DAY. MAL.MAD.TAR.HAY.KONF.TUR.SAN.T,39.218175,36.110102,Opet,True,False
SONYAZ PETROL GIDA TEKS. SAN. VE TİC.LTD.ŞTİ.,36.82393,31.78345,Opet,True,False
ÖZERLER OTOM. VE PETROL ÜRÜN PAZARLAMA SAN. VE TİC. A.Ş.,41.1746,31.3911,Opet,True,False
YILMAZ MAYIŞ PETROL ÜRÜNLERİ TİCARET VE SANAYİ LİMİTED ŞİRK,37.5179,30.52705,Opet,True,True
HAS PETROL İNŞAAT TEKSTİL SANA VE TİCARET LİMİTED ŞİRKETİ,41.084038,28.036614,Opet,True,False
ALLAR (2) NAKLİYAT DERİ İNŞAAT AKARYAKIT TUR.SAN. VE TİC.LTD.,40.792683,32.214746,Opet,True,False
ALSEVİN PET.ÜRN.DAY.TÜK.MAL.TU MAK.OTO.SAN.İTH. İHR.TİC.LTD.Ş,37.02109,35.27434,Opet,True,False
BÖRKLÜLER OTOMOTİV SANAYİ VE TİCARET LİMİTED ŞİRKETİ,37.09425,36.24766,Opet,True,False
ŞEN-1 PETROL ÜRN.TAR.ÜRN.HAYV. İNŞ. SAN. VE TİC.LTD.ŞTİ.,40.36345,36.64368,Opet,True,False
MİNÖR GIDA RESTAURANT TEKSTİL ÜRÜNLERİ SANAYİ VE TİC. LTD.ŞT,40.22366,28.77767,Opet,True,False
OPET MARKET VE AKARYAKIT İSTAS İŞLETMECİLİĞİ ANONİM ŞİRKETİ,41.004857,28.637931,Opet,True,False
FEMU PET. VE PET. ÜRÜN. GIDA N OTO. SAN. VE TİC. LTDİ ŞTİ.,38.37601,35.0905,Opet,True,False
EFE OTOM AKARYAKIT SANAYİ VE TİCARET LİMİTED ŞİRKETİ,40.75163,29.94953,Opet,True,False
İBRAHİM ATEŞ PET. GIDA İNŞ. TURZ. VE TİC. LTD. ŞTİ.,36.97431,30.62291,Opet,True,False
ONUR DIŞ TİCARET LİMİTED ŞİRKETİ,40.942627,29.14385,Opet,True,False
KARDEŞLER TARIM ÜRN.PAZ.NAK.CA PET.GIDA LOK.İNŞ.TUR.SAN.VE Tİ,37.01764,30.60056,Opet,True,False
BAYIR PETROL ÜRÜNLERİ OTOM. GIDA TİCARET VE SAN. A.Ş.,37.9308,32.53323,Opet,True,False
ÇİÇEKLİDAĞ PETROLCÜLÜK OTOMOTİ SANAYİ VE TİCARET LİMİTED ŞİRK,36.7863,34.60605,Opet,True,False
YERLİYURT ENERJİ DAY.TÜK.PETRO TAŞ.TİC.VE SAN.LTD.ŞTİ.,39.72078,37.01287,Opet,True,False
YERLİYURT LOJİSTİK DOĞALGAZ PE TİC.VE SAN.LTD.ŞTİ.,39.68987,37.00813,Opet,True,False
DEMSA AKARYAKIT İNŞAAT SANAYİ VE TİCARET,39.95465,32.77063,Opet,True,False
KALTUN MADENCİLİK SANAYİ NAKLİ VE AKARYAKIT TİCARET A.Ş.,37.63842,28.03404,Opet,True,False
CÖMERT AKARYAKIT NAKLİYAT İNŞA VE TURİZM İŞLETMELERİ TİC.LTD.,40.997734,28.605452,Opet,True,False
Y-EREN PTR. VE PTR.ÜRN.TAŞ.OTO GIDA TUR.İNŞ.TAAH.SAN.VE TİC.L,38.35081,27.13396,Opet,False,False
KAVPET AKARYAKIT VE SERVİS HİZMETLERİ TİCARET SANAYİ A.Ş.,40.1901,29.07193,Opet,True,False
OPET MARKET VE AKARYAKIT İSTAS İŞLETMECİLİĞİ ANONİM ŞİRKETİ,41.273266,27.973391,Opet,True,False
KİRAZLAR AKARYAKIT LASTİK SANA TİCARET ANONİM ŞİRKETİ,39.99521,32.77148,Opet,True,False
OPET MARKET VE AKARYAKIT İSTAS İŞLETMECİLİĞİ A.Ş,40.35649,28.91463,Opet,True,False
SOMPET AKARYAKIT VE GIDA ÜRÜN. SAN. TİC. LTD. ŞTİ.,38.7067,35.49605,Opet,True,False
KALAYOĞLU PETROL ÜRÜNLERİ KUY.  NAK.TUR.İNŞ. SAN. VE TİC. LTD,41.194592,31.943089,Opet,True,False
FAKILI OTOBÜSCÜLÜK PAZARLAMA İNŞAAT LTD. ŞTİ.,37.05281,37.41002,Opet,True,False
ONZ AKARYAKIT SANAYİ TİCARET ANONİM ŞİRKETİ,40.66682,30.35871,Opet,True,False
DEMİRKAYALAR PETR ÜRÜNL LPG GI MAD.BET.HAF. İNŞVE NKL TİC. LT,40.67936,35.82426,Opet,True,True
NİGPA GÜBRE NAKLİYE İNŞAAT PET ZİRAAT TİCARET VE SANAYİ A.Ş.,38.05131,34.76391,Opet,True,False
EGECEM PETROL GID.TAR.HAY.OTO. İNŞ.TUR.SAN.VE TİC.LTD.ŞTİ.,38.192131,27.34617,Opet,True,True
ÇALLI PETROL VE PETROL ÜRN. İN GIDA TUR MAD NAK SAN VE TİC LT,37.5634,43.76625,Opet,True,False
KORKMAZ GRUP AKAR. İNŞ. GIDA N TAAH. SAN. TİC. LTD. ŞTİ.,39.10354,39.55446,Opet,True,False
BAĞDAT PETROL ÜRÜNLERİ İNŞ.TAA NAK.SAN.VE TİC. LTD.ŞTİ.,38.643236,35.70216,Opet,True,False
KARASU SEFEROĞLU AKR.KUYUMCU. TUR.İNŞ.SAN.VE TİC. LTD.ŞTİ.,41.091648,30.726296,Opet,True,False
AVCIKIRAN PETROL SANAYİ TİCARE ŞİRKETİ,37.91806,40.1329,Opet,True,False
ÜNPET TUR. GIDA PETROL OTOM. SAN. TİC. LTD. ŞTİ.,38.70416,35.51492,Opet,False,False
ERENLER TUR.TS.VEPT.ÜR.NK.GOTİ TAH.VEPLS.DĞ.İT.İHR.SN.TİC.LTD,41.46608,34.80945,Opet,True,False
ERSAS OTOMOTİV NAK. GIDA İNŞ. TEMZ. SAN. VE DIŞ TİC. LTD. ŞT,38.732778,27.586667,Opet,True,False
HİKMET ŞEFLEK NAK. OTO. PETROL ÜRN. TAR. SAN. TİC. LTD. ŞTİ.,37.96801,32.5157,Opet,True,False
OLYAP AKAR. OTOG. NAK. GIDA DA TÜK. MAD. TİC. VE PAZ. LTD. ŞT,40.53991,41.97188,Opet,True,False
ROYAL ABC PETROL TURİZM TEKSTİ İNŞAAT OTOMOTİV SANAYİ VE,38.3774,27.10975,Opet,True,False
SEÇKAR PETROL TURZ.İNŞ.MAL. GIDA SAN. TİC.LTD. ŞTİ.,38.46486,27.18967,Opet,True,False
MEF PETROL LOJİSTİK İNŞAAT SANAYİ TİCARET LTD.ŞTİ.,40.11213,32.59889,Opet,True,False
BUĞ-TAŞ AKRY. KUM ÇAK.MAD.HAR. İNŞ.TURZ.OTO.İML.TİC.SAN.LTD.Ş,39.74721,37.02438,Opet,False,False
ASCENAS PETROL İNŞAAT NAKLİYAT TURİZM GIDA,39.714218,43.019847,Opet,True,False
ERCANLAR SAĞLIK KUY.OTO.NAK.PE GIDA İNŞ.TURZ.SAN.VE TİC.LTD.Ş,36.99276,37.7777,Opet,True,False
YILMAR ET VE ET ÜRÜN. TEKSTİL GIDA MARKET BİLGİSAYAR TURİZM,40.21582,28.89421,Opet,True,False
NAS PETROL SANAYİ VE TİCARET LİMİTED ŞİRKETİ,37.23191,40.63238,Opet,True,False
ENES AKARYAKIT DAĞITIM İNŞAAT TURİZM TİCARET LİMİTED ŞİRKETİ,41.039014,28.917233,Opet,True,False
DALGIÇLAR PETROL TİCARET VE SANAYİ LİMİTED ŞİRKETİ,41.012526,28.537274,Opet,True,False
ADAR ENERJİ ÜRETİM AKARYAKIT SANAYİ VE TİCARET ANONİM ŞİRKE,41.094652,29.090993,Opet,True,False
ÖZTÜRK PETROLLERİ TİCARET VE S LİMİTED ŞİRKETİ,37.98127,34.71745,Opet,True,False
EKMEKÇİLER OTOMOTİV AKARYAKIT SANAYİ VE TİCARET LTD.ŞTİ.,41.36906,33.77045,Opet,True,False
MEPET METRO PETROL VE TESİSLER SAN. TİC. A.Ş.,37.37684,31.86919,Opet,True,False
TİMUROĞULLARI MÜHENDİSLİK İNŞAAT PETROL TAAHHÜT TİCARET,38.53991,43.33312,Opet,True,False
ASB PETROL ÜRÜNLERİ SANAYİ VE TİCARET LİMİTED ŞİRK,41.183474,28.597617,Opet,True,False
FİKRET GÜREL YAPI MALZ. İNŞ. A TURZ. SAN. VE TİC. LTD. ŞTİ.,39.54567,26.59047,Opet,True,False
TNC AKARYAKIT İNŞ.NAK.GIDA TUR SAN. VE TİC. LTD. ŞTİ.,37.83952,27.25982,Opet,True,False
ÖZ GÜNGÖR PETROL TURİZM İNŞAAT TAAHHÜT SANAYİ VE TİCARET LİMİ,40.91533,38.46273,Opet,True,False
KUZEYDENİZİ PT.GMEN.PZ.İNŞ.NA. İL.TEM.DAN.HZ.İT.İH.SAN.VETC.L,41.245657,27.885936,Opet,True,False
KARADERE TARIM ÜRÜNLERİ GIDA S VE TİC.LTD.ŞTİ.,40.954,38.72346,Opet,True,True
HESAPÇIOĞLU(KEPEZ)OTO.PET.TUR. TAŞ.İNŞ.TAR.HAY.TİC.SAN.VE PAZ,36.96329,30.6211,Opet,False,False
FİKRET GÜRE GÜRPET,38.23734,27.13567,Opet,False,False
YURTPET İNŞ. OTOM. PETROL ÜRN. ÖZEL EĞT. TİC. VE SAN. LTD. ŞT,37.18,33.26231,Opet,True,False
POLAT PETROL ÜRÜNLERİ MOT. ARÇ GID. VE TEM. MAD. TİC. PAZ. A.,36.99726,35.24937,Opet,True,False
KADRİ ÇİÇEKLİDAĞ ÇİÇEKLİDAĞ PETROL,36.72392,34.49696,Opet,True,False
PARMAKSIZLAR PETROL ÜRÜNLERİ VE NAKLİYAT TİCARET LTD. ŞTİ.,37.84161,27.83171,Opet,True,False
DAYI PETROL TURİZM SAN. VE TİC. A.Ş.,37.77436,30.54971,Opet,False,False
KIRTORUN PETROL ÜR.TİC.LTD ŞTİ,41.03375,38.99166,Opet,True,False
OPET MARKET VE AKARYAKIT İSTAS İŞLETMECİLİĞİ ANONİM ŞİRKETİ,41.04904,28.87647,Opet,True,False
KUMRULAR YAPI MALZEMELERİ VE PETROL TİCARETİ LİMİTED ŞİRKET,40.96106,29.28276,Opet,False,False
ERDEM ANTALYA PETROL (ÇALLI) Ü TİCARET ANONİM ŞİRKETİ,36.90337,30.6846,Opet,False,False
KOÇLAR PETROL PAZARLAMA VE NAKLİYAT LTD.ŞTİ.,36.9374,30.72041,Opet,True,False
YÜZBAŞIOĞLU PETROL ÜRÜNLERİ OTOMOTİV SAN. TİC. LTD.ŞTİ.,40.370528,36.097194,Opet,True,False
KURŞUNLU ŞELALE PETROL İNŞAAT TAAHHÜT TURİZM GIDA PAZ.,36.98859,30.81309,Opet,True,False
İTİMAT PETROL SANAYİ VE TİCARE ANONİM ŞİRKETİ,40.2432,27.27272,Opet,True,False
KEMAL CAN METAL SANAYİ VE TİCARET  LİMİTED ŞİRKETİ,40.73677,29.9556,Opet,False,False
SAZBEYİ YAKIT SANAYİ VE TİCARE ŞİRKETİ,40.91351,38.37706,Opet,True,False
HÜSNÜ DABAĞ PETROL ÜRN.NAK.TUR İNŞ.TAAH.İTH.İHR.LTD.ŞTİ.,40.46319,39.46579,Opet,False,False
NUR PETROL DAY.TÜK.MAL. TEK.KU İTH.İHR.SAN. VE TİC.LTD.ŞTİ.,40.68049,36.55064,Opet,True,False
PÜSAN PETROL ÜRÜNLERİ OTOM. TUR.TİC.A.Ş.,39.99124,32.63454,Opet,True,False
AHMET AYIK PETROL İNŞ. TURZ. SAN.VE TİC.LTD.ŞTİ.,39.96273,32.80878,Opet,True,False
PIRIL PETROL SERVİS HİZMETLERİ NAKLİYAT VE TİCARET ANONİM ŞİR,41.041258,28.967139,Opet,False,False
ÖZTÜRKLER (ESENYURT) PETROL SANAYİ VE TİCARET ANONİM ŞİRKE,41.023213,28.686434,Opet,True,False
İMGA TURİZM VE PETROL ÜRÜNLERİ TİCARET LİMİTED ŞİRKE,41.050342,28.62835,Opet,False,False
YÜCEL PETROL LİMİTED ŞİRKETİ,40.81947,29.30604,Opet,True,False
DAĞAÇIKAN PETROL ÜRÜNLERİ TAŞ. GIDA İNŞ. SAN. VE TİC. LTD. ŞT,36.70748,37.15559,Opet,True,False
HALİL AYDIN AKAR. İNŞ. TAAH. G NAK. HAFR. VE TİC. LTD. ŞTİ,38.782,35.4563,Opet,True,False
SERİNYIL PETROL NAKLİYE TURİZM PLASTİK SANAYİ VE TİCARET LTD.,38.32985,33.97543,Opet,True,False
PAŞA BEY ENERJİ AKARYAKIT TİCARET VE SANAYİ LİMİTED,39.8479,33.51072,Opet,True,False
BARANPET PETROL ÜRÜNLERİ TAŞ. İNŞAAT GIDA SAN. TİCARET LTD.Ş,40.216395,28.844125,Opet,True,False
HESAPÇIOĞLU(HBİ)OTO.PET.TUR. TAŞ.İNŞ.TAR.HAY.TİC.SAN.VE PAZ,36.91059,30.77126,Opet,True,False
HESAPÇIOĞLU(HKİ)OTO.PET.TUR. TAŞ.İNŞ.TAR.HAY.TİC.SAN.VE PAZ,36.90963,30.77158,Opet,False,False
SOMA BOZDOĞAN PETROL NAKLİYE SANAYİ VE TİCARET LİMİTED ŞİRK,39.18298,27.60085,Opet,False,False
ALLAR (3) PETROL OTO.DERİ.GIDA TEM. NAKL.ORM.ÜRÜN.SAN. VE TİC,40.8178,32.29469,Opet,True,False
DERELİ PETROL İNŞAAT TURİZM NAKLİYAT VE TİCARET LTD ŞTİ,40.93906,32.07167,Opet,False,False
AVCAN GIDA (2) VE PETROL ÜRÜNL PAZ. SAN. VE TİC. LTD. ŞTİ.,37.89927,32.50845,Opet,True,False
MEPET METRO PETROL VE TESİSLER SAN. TİC. A.Ş.,38.563984,28.589722,Opet,True,False
AN İNŞ. GIDA TUR.PETROL ÜRÜN.NAK.SAN.TİC.LTD.ŞTİ.,40.99762,35.77982,Opet,True,False
MAPET MALATYA PETROL ÜRÜNLERİ VE OTOMOTİV TİCARET A.Ş.,38.33629,38.23467,Opet,True,False
ABDULLAH GÜNDOĞMUŞ PETROL ÜRN. İNŞ.TUR. GIDA NAK.SAN.TİC,41.4006,36.1906,Opet,True,False
ERTÜRK PETROL İNŞAAT NAKLİYE OTOMOTİV İÇ VE DIŞ TİC.LTD.ŞTİ,41.51694,34.19843,Opet,True,False
ÜNAL PETROL (3) HAYVANCILIK TE TUR.İNŞ.TAAH.SAN.TİC.A.Ş.,36.62092,29.11994,Opet,True,False
OPET MARKET VE AKARYAKIT İSTAS İŞLETMECİLİĞİ ANONİM ŞİRKETİ,40.7249,31.46549,Opet,True,False
OPET MARKET VE AKARYAKIT İSTAS İŞLETMECİLİĞİ ANONİM ŞİRKETİ,40.72332,31.46675,Opet,True,False
MUSTAFA ÇİFTÇİ GIDA PTR. ÜRN. SAN. TİC.LTD.ŞTİ.,41.62955,32.35154,Opet,True,False
DALAMAN ACARLAR GIDA MAD.İNŞ.N OTO KOM.AKARY.LİKİT GAZ İTH.İH,36.69614,29.07133,Opet,True,False
GÜNEŞPET İNŞAAT PETROL ÜRÜN. SANAYİ VE TİCARET LİMİTED ŞİRK,41.007392,29.244327,Opet,True,False
FİKRET PETROL ÜRÜNLERİ PAZARLAMA SAN.VE.TİC.AŞ.,36.0761,32.84117,Opet,True,False
OTTOMAN PETROL HAFRİYAT İNŞAAT NAKLİYAT TUR. SAN VE TİC. LTD.,41.047728,28.859916,Opet,True,False
MERSİN GELİŞİM PETROLCÜLÜK LİMİTED ŞİRKETİ,36.80053,34.58935,Opet,True,False
SADIK OTO.AKR.EVALET.TURZ.TEKS MARKET LOK.İŞLT.SAN.VETİC.LTD.,37.80268,29.19814,Opet,True,False
MUSLUBAŞLAR AKARYAKIT ÜRÜNLERİ NAKLİYAT SAN. VE TİC. LTD. ŞTİ,40.03529,28.37439,Opet,True,False
POLATOĞLU EP PETROL ÜRÜN. OTO. GIDA İNŞ. NAK. SAN. VE TİC. LT,38.20746,37.17445,Opet,True,False
ETİPET PETROL TURİZM OTOMOTİV SAN. VE TİC. ANONİM ŞİRKETİ,38.65682,39.76432,Opet,True,True
UZALTAŞ İNŞAAT TAAHHÜT İTHALAT İHRACAT PETROL,39.92165,32.81718,Opet,True,False
GÜNEYCE ORMAN ÜRÜN.İNŞ.MOB. DEK.TUR.TAŞ.OTO.PET.TEK.SAN.Tİ,38.06535,30.16537,Opet,True,False
DOĞRU PETROL TARIM ZİRAİ ÜRÜNL İTH.İHR. SAN. VE TİC. LTD. ŞTİ,37.969396,40.172425,Opet,True,False
UZUNLAR OTOMOTİV ZAHİRE SAN. VE TİC. LTD.ŞTİ,41.668996,26.569512,Opet,True,False
GÜZELTEPE PETROL ÜRÜN. MADEN. İNŞ. SAN. VE TİC.LTD.ŞTİ.,40.83634,29.40609,Opet,True,False
YÜZBAŞIOĞLU AKARYAKIT TAŞIMACI GIDA OTOM.TİC.VE SAN.LTD.ŞTİ.,40.390778,36.084583,Opet,True,False
HM AKARYAKIT NAKLİYE SANAYİ VE TİCARET LİMİTED ŞİRKETİ,38.55135,34.53651,Opet,True,False
NHT ENERJİ VE YATIRIM LİMİTED ŞİRKETİ,41.430004,27.922196,Opet,True,False
HALİMBEY GIDA PETROL SANAYİ VE TİCARET LİMİTED ŞİRKETİ,40.08284,32.6155,Opet,True,False
YUNUS HAF.NAK.TURZ.PET.OTO.O.P İNŞ.TAAH.SAN.VETİC.LTD.ŞTİ.,37.419832,29.362399,Opet,True,False
GÖKSAY PETROL ÜRÜNLERİ GIDA OTOMOTİV İNŞAAT VE TAAHHÜT,40.796061,29.401833,Opet,True,False
VİP İNŞAAT TİCARET VE SANAYİ LİMİTED ŞİRKETİ,37.15605,38.7876,Opet,True,False
PÜSAN PETROL ÜRÜNLERİ OTOM. TUR.TİC.A.Ş.,39.95942,32.96667,Opet,True,False
EKOL PETROL İNŞAAT TURİZM NAKLİYAT VE TİCARET LTD.ŞTİ.,41.189456,40.965234,Opet,True,False
ERASLAN AKARYAKIT RESTAURANT TAŞ. TUR. SAN. TİC. LTD. ŞTİ.,38.46889,43.34739,Opet,True,False
ADEM KOCATEPE KOCATEPE PETROL-2,36.92751,29.72388,Opet,True,False
YENİ TRUVA TURİZM PETROL VE PETROL ÜRÜNLERİ NAKL,40.36361,26.7038,Opet,True,False
BAYRAKTEPE AKT. ÜRÜN. İNŞ.TUR. NAK.MAĞ.İŞL.TAH.PAZ.TİC.LTD.ŞT,41.433718,31.729764,Opet,True,False
GÜVEN AKARYAKIT VE PET.ÜRÜN.TU İNŞ.PAZ.TİC.SAN.İHR.İTH.LTD.ŞT,36.29223,32.28932,Opet,True,True
ALP PETROL ÜRÜNLERİ VE TİCARET LİMİTED ŞİRKETİ,38.24202,39.78333,Opet,True,False
EKMEKÇİLER OTOMOTİV (2) AKARYA SANAYİ VE TİCARET LTD.ŞTİ.,41.42289,33.80163,Opet,True,False
YILDIZTEPE AKARY. PETROL NAK. İNŞ. GIDA. SAN. VE TİC. LTD. Ş,37.99862,32.52631,Opet,True,False
ME-DU PETROL NAK.OTOM.TURİZM GIDA SAN. VE TİC. LTD.ŞTİ.,38.07832,30.43799,Opet,True,False
ASLANBEY OTO.MADEN. PET. ÜRÜN. GIDA İNŞ.NAK.SAN.TİC.LTD.ŞTİ.,37.76265,30.60896,Opet,True,False
ÖZDEMİR İNŞ. TAR. ÜRN.PET. PAZ SAN. VE TİC. LTD. ŞTİ.,38.41042,35.49159,Opet,True,False
ARVEN ŞAHİN ENERJİ TURİZM OTOMOTİV İNŞAAT MADENCİLİK NAK,39.80481,35.21115,Opet,True,False
ÖZET MÜHENDİSLİK ELEKTRİK İNŞA TAAHHÜT SANAYİ VE TİCARET LİMİ,40.80501,29.43374,Opet,True,False
FİLO ENERJİ İLETİŞİM PETROL İN TURİZM TAŞIMACILIK GIDA OTOMOT,40.00148,32.82189,Opet,True,False
STFC PETROL ÜRÜN. İNŞ. TURZ. T GIDA SAN. İÇ VE DIŞ TİC. LTD.,37.02409,37.31044,Opet,True,False
GÜRE PETROL İNŞAAT NAKLİYE TAA TUR. SAN. VE TİC. LTD. ŞTİ.,38.44112,27.27005,Opet,True,False
KARTEPE PETROL ÜRÜNLERİ TİCARET LİMİTED ŞİRKETİ,41.205773,36.703553,Opet,True,False
YIL NAKLİYE SAN VE TİC. LTD. Ş,38.78682,31.73467,Opet,True,False
KAR AKARYAKIT HARFİYAT İNŞAAT OTOMOTİV TİCARET LİMİTED ŞİRKE,41.38214,31.95355,Opet,True,False
HALİKARNAS AKRY. ELE. İNŞ.TUR. TEKS. SAN. İTH. VE İHR. TİC.LT,37.07029,27.45999,Opet,True,False
EROĞLU ENERJİ TARIM TURİZM NAK SANAYİ VE TİCARET LİMİTED ŞİRK,41.622208,32.321168,Opet,True,False
ORPİN PET. ÜR. TRZ. İNŞ. NAK. SAN. TİC. LTD. ŞTİ.,40.97592,37.90742,Opet,True,False
BEYKOZ PETROL TAŞIMACILIK OTOM.İNŞ.TİC.LTD.ŞTİ.,39.95095,33.06152,Opet,True,False
CANPET TURİZM NAKLİYAT İNŞAAT PETROL SAN. VE TİC. LTD. ŞTİ.,37.76498,38.23722,Opet,True,False
KOYUNCUOĞLU AHŞAP SANAYİ TİCARET A.Ş.,40.89143,29.23326,Opet,False,False
İVA-SE 2 GURUP PETROL ÜRÜN. EN İNŞAAT TAAHHÜT SAN. VE TİC.LTD,41.09422,37.40681,Opet,True,False
MEHMET KEMAL ATAKUL ORT,40.983888,29.03992,Opet,False,False
ARDA ZİRAİ ALETLER TEKST. VE T SAN. TİC. LTD. ŞTİ.,40.9628,35.66642,Opet,True,False
AVCAN GIDA VE PETROL ÜRÜN.PAZ. TİC.VE SAN.LTD.ŞTİ,37.91685,32.49243,Opet,True,False
ARICILAR PETROL TİCARET LİMİTE,37.72436,27.39171,Opet,True,False
GÜNDEŞLİ PETROL İNŞAAT KUYUMCULUK GIDA TARIM,37.50286,37.31849,Opet,True,False
HALİL PEKDEMİR ÇİFT. GIDA VE İ MAD.SANAYİ VE TİİC LTD ŞTİ,37.11674,28.38488,Opet,True,False
LARA BETON İNŞAAT SANAYİ VE TİCARET A.Ş,37.01502,37.37562,Opet,True,False
KAVALLIOĞLU PET.ÜRÜN.GID.TAR.H ENER.NAK.SAN.VETİC.LTD.ŞTİ.,38.70913,31.03414,Opet,True,False
TRUVA GRUP PET.NAK.OTO.İNŞ.SAN TİC.LTD.ŞTİ.,38.37596,34.0026,Opet,True,False
DEREM PETROL ÜRÜN.TEKSTİL TURİ KUYUM. ASANAYİ VE TİCARET LTD.,39.08249,27.11253,Opet,True,False
DERPAŞ MARKETÇİLİK TİCARET ANONİM ŞİRKETİ,40.73347,38.45172,Opet,True,False
KURUKAHVECİLER GIDA VE İHT. MA AKARY. DAĞ. PAZ. SAN. TİC. LTD,41.420868,27.196303,Opet,True,False
ORPET ENERJİ YATIRIM İMALAT PAZARLAMA SANAYİ TİCARET,41.07005,36.03048,Opet,True,False
HALİL PEKDEMİR(2) ÇİFTLİĞİ GID İHTİYAÇ MAD. TİC. SAN. LTD. ŞT,37.74395,29.11681,Opet,True,False
TOSYALI AKARYOTO. İNŞ. TUR.GID VE İHT. MAD. SAN. VE TİC. LTD.,41.01332,34.06805,Opet,True,False
KARTEPE AKARYAKIT SANAYİ VE Tİ LİMİTED ŞİRKETİ,41.21822,36.64246,Opet,True,False
BULUTLAR GIDA MAD. PET. ÜRN. N SERA. TAR. ÜRN. YETİ. TİC. LTD,40.99103,39.74913,Opet,True,True
İKİLER HAY.GID.MOB.TEK.PET. PE TUR.İNŞ.VE İNŞ.MAL.SAN.VE TİC.,38.60157,31.03038,Opet,True,False
BEYAN PETROL ÜRÜNLERİ SANAYİ VE TİCARET LİMİTED ŞİRKETİ,40.2233,29.0825,Opet,True,False
ÖNER GRUP PET.İNŞ.GID.TUR.TEK. İTH.İHR.SAN.VE TİC.LTD.ŞTİ.,38.05716,32.67153,Opet,True,False
UZN PETROL TİCARET LİMİTED ŞİRKETİ,41.060084,28.789826,Opet,True,False
FİKRET PETROL ÜRÜNLERİ PAZ.SAN VE TİC.A.Ş.,39.928614,32.868316,Opet,True,False
ELİF LPG VE AKARYAKIT DAĞITIM SANAYİ TİCARET ANONİM ŞİRKETİ,40.819705,29.444437,Opet,True,False
ÜNAL (4) PET.HAY.TEK.TUR.İNŞ.T SAN. VE TİC.A.Ş.,36.85361,30.77525,Opet,True,False
OPET MARKET VE AKARYAKIT İSTAS İŞLETMECİLİĞİ ANONİM ŞİRKETİ,41.155282,27.78211,Opet,True,False
ERŞANLAR PETROL OTOMOTİV İNŞAA TAAHHÜT TURİZM GIDA SANAYİİ,38.33765,38.26966,Opet,True,False
ORHAN ACAR,41.34711,36.24117,Opet,True,False
ÖZTÜRKLER ENERJİ ULAŞTIRMA VE PETROL İÇ DIŞ TİCARET,40.996961,27.973717,Opet,True,True
ADANA AKAR. HAFR. İNŞ.TURZ.GID OTO. EN. TAR. SAN. VE TİC LTD,37.01662,35.31996,Opet,False,False
MEHMET İSTANBULLU İNŞAAT AKARYAKIT,40.01791,30.17652,Opet,True,False
FİKRET PETROL ÜRÜNLERİ PAZ. SAN. VE TİC. A.Ş.,39.88134,32.81228,Opet,True,False
TÜRKÖZ İNŞ.TAAH.MOB.SAN.VE TİC LTD .ŞTİ.,40.77465,29.80321,Opet,True,False
KARGIN PETROL YEDEK PARÇA SANAYİ TİCARET LİMİTED ŞİRKETİ,37.62052,28.04915,Opet,True,False
ÖMER KIDIK PETROL SAN VE TİC LİMİTED ŞİRKETİ,37.056,36.19065,Opet,True,False
TUNÇER PETROL (3) İNŞAAT TAAHH TURİZM İŞL. SAN. VE .TİC. LTD.,37.032758,27.302738,Opet,True,False
KARAHALLILAR OTO. AKAR. DAY. T MAL. SAN. TİC. A.Ş.,39.66172,27.91152,Opet,False,False
CESAN (İ.Y)PET VE İNŞAAT LİMİTED ŞİRKETİ,38.793033,30.319615,Opet,True,False
NAS PETROL ÜRÜNLERİ SOĞ. HAVA VE GID. SAN.TİC.LTD.ŞTİ.,37.195335,33.21863,Opet,True,False
LARA BETON İNŞ.SAN.VE TİC. A.Ş,37.1126,37.38157,Opet,True,False
DURPET PETROL OTO. MAD. G. TUR TAAH. EM.HAY.SAN. VE TİC. LTD.,38.77496,30.56927,Opet,True,False
NURPET İNŞ.PET.ÜRÜN.GID. SAN.VE TİC.LTD.ŞTİ.,40.97192,29.2491,Opet,True,False
ARUSOĞLU PETROL İNŞAAT TAŞIMAC MADENCİLİK SAN. VE TİC. LTD. Ş,37.16517,38.82304,Opet,True,False
PAMA PETROL ÜRÜNLERİ SANAYİ VE TİCARET LİMİTED ŞİRKETİ,41.19265,36.70659,Opet,True,False
SEZGİNLER PETROL ÜRÜNLERİ NAK. VE TİC. LTD. ŞTİ.,39.81713,34.7887,Opet,True,False
OTTOMAN PET.HAF.İNŞ.NAK.TUR. SAN.VE TİC.LTD.ŞTİ.,40.9705,29.10099,Opet,True,False
ŞEYHMUSOĞULLARI AKARYAKIT SANAYİ TİCARET LİMİTED ŞİRKETİ,39.03395,43.36528,Opet,True,False
KARAHALLILAR OTO.AKARYAKIT DAY TÜK MAL SAN VE TİC A.Ş.,39.676781,27.932315,Opet,True,False
SARIÇAM KERESTE İNŞAAT TİCARET VE SANAYİ LTD. ŞTİ,38.31266,38.27024,Opet,True,False
ŞENTAV PETROL TARIM ÜRÜNLERİ G İTH. İHR. TİC. VE SA. LTD.ŞTİ,38.4893,43.3919,Opet,True,False
ÖZKOMPET AKARYAKIT ÜRÜNLERİ Tİ LİMİTED ŞİRKETİ,38.34849,38.36734,Opet,True,False
HESAPÇIOĞLU(VARSAK)OTO.PET.TUR İNŞ.TAR.HAY.TİC.SAN.VE PZ.AN.Ş,36.95602,30.70922,Opet,True,False
UTŞ GIDA İNŞ TEKS PETROL VE AM SAN VE TİC LTD ŞTİ,36.931717,34.912882,Opet,True,False
CE-KA PETROL TİC. LTD. ŞTİ.,36.22433,36.16173,Opet,True,False
BAŞARANLAR AKAR.TUR.NAK.GID.SA VE TİC.LTD.ŞTİ.,37.683979,38.056339,Opet,True,False
ŞEKER PET.ÜR.TUR.TAŞ.SAN.VE TİC.A.Ş.,39.89469,30.0613,Opet,True,True
NAKİPOĞLU PETROL ÜRÜNLERİ CANL HAYVAN VE NAKLİYECİLİK TİCARET,37.7266,33.16341,Opet,True,False
LATİF BAŞKAL (2) AKARYAKIT TİC VE SANAYİ ANONİM ŞİRKETİ,38.74669,35.44937,Opet,True,False
NUR PETROL MOB. DEK. TUR. TEKS OTO. İNŞ.  SAN. VE TİCARET A.Ş,40.026584,32.89657,Opet,True,False
PÜRLÜ OTOMOTİV SERV.YED.PARÇ. AKAR.ÜRÜN SAN.VE TİC.LTD.ŞTİ,37.761213,30.60205,Opet,True,False
OPET MARKET VE AKARYAKIT İSTAS İŞLETMECİLİĞİ A.Ş,41.01419,29.16401,Opet,True,False
MEHMET ERTEKİN FİKRET PETROL,37.93516,41.92855,Opet,True,False
MÜRSELOĞLU AKARYAKIT ÜRÜN.GIDA TAŞ. İNŞAAT SAN. VE TİC. LTD.,37.55746,36.95706,Opet,True,False
KARABULUT PETROL VE OTOM. ÜRN. TAŞ.İNŞ.TAAH.SAN.VE TİC.LTD.ŞT,39.55341,27.10598,Opet,True,False
ARSAŞ PETROL ÜRÜNLERİ PROJE İN VE TİCARET ANONİM ŞİRKETİ,39.9694,32.61172,Opet,True,True
HESAPÇIOĞLU(KORKUTELİ)OTO.PET. TAŞ.İNŞ.TAR.HY.TİC.SN.VE PAZ.Ş,37.049911,30.241303,Opet,True,False
KINAY KARDEŞLER PETROL ÜRÜN.İN NAK.TÜK. MALL.TUR.SAN. VE TİC.,38.35252,38.04488,Opet,True,False
YAKUTTAŞ PETROL TURİZM İNŞ. SANAYİ VE TİCARET ANONİM ŞİRKE,40.46693,32.65361,Opet,True,False
BEŞ N MERMER PETROL TURİZM SANAYİ VE TİCARET LİMİTED ŞİRK,37.77526,29.09852,Opet,True,False
SOMPET AKARYAKIT VE GIDA ÜRÜN. SAN. TİC. LTD. ŞTİ.,38.741,35.4913,Opet,True,False
AKIBEY PETROL TURİZ.TAŞ.TAR HAY.İNŞ. SAN. TİC. VE PAZ. LTD,38.26679,32.10698,Opet,True,False
GÖZÜYUKARI ENERJİ PETROL SANAYİ VE TİCARET,39.96541,32.85444,Opet,True,False
ŞABAN KARADAŞ,38.549167,28.676667,Opet,True,False
HESTAŞ ENERJİ NAK. MADENCİLİK AKAR.İNŞ.TURZ.SAN. VE TİC.A.Ş.,37.89509,28.2685,Opet,True,False
ANKAPET GAYRİMENKUL SANAYİ VE TİCARET ANONİM ŞİRKETİ,39.957635,32.885128,Opet,True,False
YANMAZLAR PET.ÜRN.GIDA NAK.TUR İNŞ.ENER.SAN.VETİC.LTD.ŞTİ,39.76567,26.35172,Opet,True,False
SÜTRE PETROL ÜRÜNLERİ TUR. VE NAK. İNŞ. SAN. TİC. LİMİTED Şİ,38.457111,42.149333,Opet,True,False
MER-SAV YAĞ PETROL İNŞ. SAN. V TİC. LİMİTED ŞİRKETİ,37.14077,38.72504,Opet,True,False
YALVAÇ BELEDİYESİ ESSOM İKTİSA İŞLETMESİ BİRİNCİ ŞUBESİ,38.303171,31.168936,Opet,True,False
DEMGÜN PETROL İNŞAAT LİMİTED Ş,37.03859,37.320183,Opet,True,False
SEL PET.İNŞ.GID.VE MAD.SAN. TİC.LTD.ŞTİ.,40.89564,29.24917,Opet,True,False
AZİMLİ TİC. PETROL ÜRÜNLERİ GI VE SAN. LTD. ŞTİ.,38.63015,34.85636,Opet,True,False
T GÜNEY TURİZM GIDA VE İNŞAAT TİCARET LTD. ŞTİ.,37.29871,28.17917,Opet,True,False
KOROĞLU PETROL İNŞ. GALERİ GID TUR. EĞİTİM SAN. VE TİC. LTD.,38.44894,27.3748,Opet,True,False
GÜN-SEV MÜTEAHHİTLİK GID.PET. SAN. VE TİC.LTD.ŞTİ,36.957,37.3804,Opet,True,False
HESTAŞ ENERJİ NAKLİYAT MADENCİ AKAR. İNŞ. TUR. SAN. VE TİC. A,39.96409,32.74498,Opet,True,False
YCL MADENCİLİK VE ENERJİ ANONİ,39.75805,32.80415,Opet,True,False
GÖZDEGNY PETROLCÜLÜK SANAYİ VE TİCARET LİMİTED ŞİRK,41.570709,27.147908,Opet,True,False
SERİN AKARYAKIT ÜRÜNLERİ TURİZ VE İNŞAAT ANONİM ŞİRKETİ,41.131837,28.827065,Opet,True,False
KERVAN AKAR. VE AKARY. ÜR. UN UNLU MAM.GID.SAN.TİC.LTD.ŞTİ.,38.75539,35.37907,Opet,True,False
AKSOY PETROLCÜLÜK İÇ VE DIŞ Tİ LİMİTED ŞİRKETİ,36.96234,36.17697,Opet,True,False
ÇAKAR BEYLİ PETROL VE PETROL ÜRÜNLERİ LİMİTED ŞİRKET,38.774232,41.49881,Opet,True,False
HASKAYA AKAR.LOJ.İNŞ.GID.VETUR SAN.TİC.LTD.ŞTİ,38.499833,43.372194,Opet,True,False
NACAR ALTIN PETROL ANONİM ŞİRKETİ,39.94477,32.75832,Opet,True,False
DENİZLER HAF.MAD.NAK.PET.İNŞ.G SAN.VE TİC.LTD.ŞTİ.,40.19824,28.99112,Opet,True,False
GENİŞ PET.ÜR.İNŞ.TAAH. NAK.SANAYİ VE TİCARET LTD.ŞTİ,39.55586,27.08386,Opet,True,False
UZUNKUM ORHAN PETROL TİCARET LİMİTED ŞİRKETİ,40.99516,39.66894,Opet,True,True
DÖNÜŞÜM PETROL SAN. VE TİC.AŞ,37.271239,42.150672,Opet,True,False
DOĞKAR AKARY.TURZ.GID.TAŞ.İNŞ TEMZ.SAN. VE TİC.LTD.ŞTİ,37.7724,38.2648,Opet,True,False
ALPAYLAR TUR.İNŞ.GID.HAY.PET.Ü PAZ.SAN.VE TİC.LTD.ŞTİ.,41.40849,32.08902,Opet,True,False
MER-SAV YAĞ PETROL İNŞ.SAN. VE TİC.LTD.ŞTİ,37.14,38.7414,Opet,True,False
YE ENERJİ SANAYİ VE TİC. A.Ş.,39.855889,32.679704,Opet,True,False
ÇAĞLAR PETROLCÜLÜK LTD.ŞTİ,39.105958,42.280755,Opet,True,False
SAVAŞ PET.ÜRÜN.SAN.TİC.LTD.ŞTİ,40.90451,29.27855,Opet,True,False
VADİ PETROL OTOMOTİV VE TİCARE ANONİM ŞİRKETİ,39.897535,32.842859,Opet,True,False
GÜNGÖR TARIM İNŞAAT SAN. VE TİC.A.Ş.,38.30043,38.10484,Opet,True,False
BÖLEK PET.AKAR.İNŞ.GID.PAZ.SAN TUR.TİC.LTD.ŞTİ,40.91734,29.143921,Opet,False,False
KARAKAYA MADENİ YAĞLAR VE PETROL ÜRÜNLERİ TİC. SAN. LTD.,37.071112,36.239305,Opet,True,False
SAİTOĞULLARI AKARYAKIT PETROL İNŞAAT MEDİKAL TURİZM TEKSTİL,37.9175,40.1576,Opet,True,False
EGESAN MERMER SAN. TİC. LTD. ŞTİ.,37.28258,28.19254,Opet,True,False
HAYSPET PETROL SAN.VE.TİC.A.Ş.,37.42552,36.882862,Opet,True,False
KARAMOLLA PETROL İNŞAAT SANAYİ VE DIŞ TİCARET LİMİTED ŞİRKETİ,41.01538,37.47141,Opet,True,False
MEHMETÇİK İNŞAAT İTHALAT İHRACAT VE PETROL A.Ş.,37.7529,27.40307,Opet,True,False
OBA PETROL ÜRÜNLERİ SANAYİ VE DIŞ TİCARET LTD.ŞTİ,41.01268,28.54142,Opet,False,False
İNCA PETROL ÜRÜNLERİ SANAYİ VE TİCARET ANONİM ŞİRKETİ,37.61414,29.14374,Opet,True,False
ARISOY PETROL ÜRÜNLERİ İNŞAAT SANAYİ VE TİCARET ANONİM ŞİRKE,38.75039,35.46882,Opet,True,False
HESAPÇIOĞLU(DEMRE)OTO.PET.TUR. İNŞ.TAR.HAY.TİC.SAN.VEPAZ.ANO.,36.25275,30.03737,Opet,True,False
EKOL SÜT VE SÜT ÜRÜNLERİ TARIM HAYVANCILIK İNŞAAT,38.0682,34.78342,Opet,True,False
ANKALE AKARYAKIT İNŞ. GAYR. GIDA TAŞIMA SAN. VE TİC.,39.95649,32.61532,Opet,True,False
SÖĞÜT İNŞ. TAAH. PETR. MADENC. NAK. İÇ VE DIŞ TİC. A.Ş.,39.95942,32.76397,Opet,True,False
SÖĞÜT İNŞ. TAAH. PETR. MADENC. NAK. İÇ VE DIŞ TİC. A.Ş.,39.94269,32.61945,Opet,True,False
SÖĞÜT İNŞ. TAAH. PETR. MADENC. NAK. İÇ VE DIŞ TİC. A.Ş.,39.96268,32.60595,Opet,True,False
ANKALE AKARYAKIT İNŞ. GAYR. GIDA TAŞIMA SAN. VE TİC.,39.94926,32.59745,Opet,True,False
BS NAKLİYE PETROL ENERJİ İNŞAA TAAHÜT SANAYİ VE TİCARET,40.765679,29.776942,Opet,True,False
DEMTRAK DEMİRELLER SAN.YATIRIM PAZ. VE TİC. A.Ş.,37.89949,30.348524,Opet,True,False
BOZOK PET.VE TİC.A.Ş.,40.98256,29.10597,Opet,True,False
İMKAR AKARYAKIT SANAYİ VE TİCARET ANONİM ŞİRKETİ,40.182701,28.363221,Opet,True,False
SALCIOĞLU PETROL TİC. LTD. ŞTİ,37.84751,27.84254,Opet,False,False
KUZEYKENT PETROL TAŞ. İNŞ. GID TAR. HAYV. SAN. VE TİC. A.Ş.,37.596909,36.877268,Opet,True,False
DEMSA AKARYAKIT İNŞAAT SANAYİ VE TİCARET,37.04189,27.43683,Opet,True,False
NOVA AKAR.İNŞ.TURZ.SAN. VE TİC,39.800752,32.810668,Opet,True,False
ÖZTAŞLAR MÜHENDİSLİK TARIM İNŞ VE İNŞAAT MALZEMELERİ HAY. VE,38.43404,30.24871,Opet,True,True
ÇİZMECİOĞLU PET.NAK.OTO.TUR.İN SAN.VE TİC.A.Ş.,40.73563,31.58561,Opet,True,False
GÜLEL GIDA ÜRETİM AKARYAKIT SANAYİ VE TİCARET LİMİTED ŞİRK,37.1241,38.8117,Opet,True,False
EKMEKÇİLER PETROL ÜR.LTD.ŞTİ,41.426238,33.823189,Opet,True,False
KOÇLAR İNŞAAT NAKLİYE VE PET. SANAYİ VE TİC. LTD. ŞTİ.,38.287602,31.902,Opet,True,False
ULUPINAR NAK.PET.VE AKAR.ÜR.Dİ TES.KOM.OR.TUR.VEGID.PAZ.S.T.L,38.794735,30.099529,Opet,True,False
ORHAN ACAR-ACAR PETROL TESİSLE,41.23045,36.42085,Opet,True,False
AKDENİZLİ AKARYAKIT TAŞ.İNŞ.SA VE TİC.A.Ş.,36.528803,29.3421,Opet,True,False
ORONTES YEM.TE.BİL.İŞ.VER.HAZ. GID.İNŞ.OR.HA.İTH.İHR.SA.TİC.L,36.2419,36.5635,Opet,True,False
ABDURRAHMAN YAZMACI PET. TAR. TEKS. TUR. İNŞ. SAN. VE TİC. L,37.2261,39.7338,Opet,True,False
ASLAN KARDEŞLER SEBZE MEYVE PE GID.TAŞ.İNŞ.TİC.LTD.ŞTİ.,36.912393,30.646532,Opet,True,False
KARACAN MOTORLU ARAÇLAR ULUSLA NAK. AKARYAKIT SAN. VE TİC. A.,39.75277,30.62838,Opet,True,False
SALİHOĞLU ENERJİ PETROL İNŞAAT ANONİM ŞİRKETİ,36.78894,34.58915,Opet,True,False
GOLDENBRIDGE LOJİSTİK İNŞAAT G TARIM SANAYİ VE LİMİTED ŞİRKET,36.78572,34.55242,Opet,True,False
AKD AKARYAKIT SANAYİ VE TİCARET ANONİM ŞİRKETİ,40.9076,29.34367,Opet,True,False
MAVİ ÇARŞI PETROL ÜRÜNLERİ GID İNŞ. SAN. VE TİC. LTD. ŞTİ.,38.34839,33.95821,Opet,True,False
KÖKÜMER PET.SAN.VE TİC. LTD.ŞTİ.,40.784563,30.38889,Opet,True,False
H B M ÜNAL PETROL ÜRÜNLERİ TEK HAYVANCILIK TİCARET VE SANAYİ,40.789498,30.373856,Opet,True,False
KARTALKAYA İNŞ.RENT A CAR SAN. VE TİC.LTD.ŞTİ,41.063972,28.323,Opet,False,False
SELÇUK PETROL TİCARET VE SANAYİ LİMİTED ŞİRKETİ,40.21298,28.999743,Opet,False,False
AYTİM PETROL TAŞ. İNŞ.TUR.TAAH SAN. VE TİC. LTD. ŞTİ.,36.99221,35.31619,Opet,True,False
SINIRLI SORUMLU BİGADİÇ MOTORLU TAŞIYICILAR KOOPERATİF,39.5846,27.9317,Opet,True,False
MELİH AKAR.DAĞ.VE TİC. LTD.ŞTİ.,40.84125,31.14009,Opet,True,False
CİLO PET. ÜRÜN. İNŞ. GIDA MAD. İTH. İHR. TAAH.SAN.VETİC. LTD.,37.576767,44.195691,Opet,True,False
DENGİZLER İNŞAT TAAH. OTO. GID PET. ÜRÜN. TİC. SN. VE PZ. LTD,39.958847,41.29169,Opet,True,False
İNDEX PETROL SANAYİ VE TİCARET LİMİTED ŞİRKETİ,39.8782,41.2269,Opet,True,False
DEMSA AKARYAKIT İNŞAAT SANAYİ VE TİCARET,37.29169,27.78128,Opet,False,False
ÖZMİRİOĞLU TURİZM PET. ÜRN. SA TİC. LTD. ŞTİ.,36.53287,36.14951,Opet,True,False
BALLIPINAR PET GID.İNŞ.TİC. VE SAN.LTD.ŞTİ.,38.74522,30.55473,Opet,True,False
ÖRGÜN PETROL VE OTOMOTİV SANAY LIMITED SIRKETI,40.49527,29.310622,Opet,False,False
ELİF PETROL AKAR.ÜRÜN.SAN. VE TİC.LTD.ŞTİ.,41.15673,29.62835,Opet,True,False
YAVUZ DEKORAS.İNŞ.TİC.İHR.VE İ LTD.ŞTİ.,40.76011,29.97352,Opet,True,False
ŞEKER PET.(2)ÜRÜN.TUR.TAŞ.SAN. TİC.A.Ş.,39.89231,30.08166,Opet,True,True
HEDEF PET.İNŞ.OTOM.NAK.DIŞ.TİC LTD.ŞTİ.,40.9901,29.26376,Opet,True,False
ALİ BABANIN ÇİFTLİĞİ ZİRAAT PE ÜRÜN.SAN.VE TİC. ANONİM ŞİRKET,38.210162,32.360443,Opet,True,False
3E PETROLCÜLÜK LİMİTED ŞİRKETİ,36.792005,34.612537,Opet,True,False
AĞAOĞLU OTOMOTİV VE PETROL TİC. PAZARLAMA A.Ş.,38.675822,29.388971,Opet,True,True
YARDIMCI PAZ.SAN.VE TİC.A.Ş.,40.762,29.92035,Opet,False,False
ÖRGÜN PETROL VE OTOMOTİV SANAY LIMITED SIRKETI,40.47655,29.3048,Opet,True,False
BOZOK PETROL.TİC.A.Ş.,40.909395,29.295083,Opet,True,False
ÇALLI PETROL VE PETROL ÜRN. İN GIDA TUR MAD NAK SAN VE TİC LT,41.011611,28.828445,Opet,True,False
YÜKSEL PETROL TUR. NAK. OTO. İ GIDA SAN. VE TİC. A.Ş.,38.76683,30.53128,Opet,True,False
ARTEZYEN PETROL VE TİC. LTD.ŞTİ.,36.750176,31.523147,Opet,True,False
CEBECİOĞULLARI AKARYAKIT NAKLİ TEM.İNŞ.TUR.SAN.TİC.LTD.ŞTİ.,39.85126,33.4834,Opet,True,False
BY SİSTEM YAPI ENERJİ TAAHHÜT TİC. ANONİM ŞİRKETİ,38.712651,35.532014,Opet,True,False
OPET MARKET VE AKARYAKIT İSTAS İŞLETMECİLİĞİ ANONİM ŞİRKETİ,40.190251,29.08174,Opet,True,False
KATRE PETROL İNŞAAT TİCARET VE SANAYİ LİMİTED ŞİRKETİ,38.896731,40.504604,Opet,True,False
RUMELİ PET.NAK.GID.İÇ VE DIŞ T LTD.ŞTİ.,40.88663,29.24163,Opet,True,False
KARCI AKAR.BAYİ NAK.KÖM.GID. ÜRN.TİC.LTD.ŞTİ,39.101005,27.345208,Opet,True,False
SARIÇAM OTOMOTİV PETROL İNŞ. SANAYİ VE TİCARET LİMİTED ŞİRK,38.33047,38.29606,Opet,True,False
HEDEF PET.İNŞ.OTOM.NAK.DIŞ.TİC LTD.ŞTİ.,40.93164,29.33905,Opet,True,False
ÇİMENLER OTOM.TİC. VE SAN.A.Ş.,39.938234,41.286011,Opet,True,False
KARACAN OTOMOTİV PETROL ÜRÜNLERI TİCARET VE,39.8404,30.12593,Opet,True,False
SÜREYYAPAŞA PET.VE AKAR.ÜRN.SA VE TİC.LTD.ŞTİ,41.027517,28.857486,Opet,True,False
MOBAY İNŞAAT NAKLİYAT PET.GID. GÜBRE SAN. VE TİC. LTD. ŞTİ.,37.427026,35.789348,Opet,True,False
SULTANELİ PETROL ÜRÜNLERİ TURİ İNŞAAT SANAYİ VE TİCARET LTD Ş,36.530682,32.047444,Opet,True,False
KAYALAR PLAZA OTOM.YAPI MALZ.S VE TİC.LTD.ŞTİ.,40.66085,30.3542,Opet,True,False
DÜNYA MEŞRUBAT GIDA İNŞ. TUR.P SAN.VE TİC. LTD. ŞTİ.,36.245837,36.156856,Opet,True,False
AVE ENERJİ TİCARET ANONİM ŞİRK,39.892807,32.935088,Opet,True,False
KUMUŞOĞLU İNŞ.TUR.SAN.VE TİC. LTD.ŞTİ.,40.3693,29.12773,Opet,True,False
OKUR KARDEŞLER PET.HAY.TAŞ.GID İNŞ.SAN.VE TİC.ANONİM ŞİRKETİ,38.344535,33.972145,Opet,True,False
SEVİNDİ PETROL TİCARET VE SANAYİ ANONİM ŞİRKETİ,40.592595,33.61924,Opet,True,False
RAMADA GRUP PETROL ÜRÜNLERİ SANAYİ TİCARET LİMİTED ŞİRKETİ,37.86691,41.151962,Opet,False,False
C.I.T.Y TURİZM TİC. VE SAN. LTD.ŞTİ,40.987598,28.883999,Opet,True,False
MURAT LASTİK VE PET. ÜRÜN.NAK. VE TİC.LTD.ŞTİ.,38.882781,35.144671,Opet,False,False
BOZDOĞAN TARIM MAKİNALARI TİCA VE SANAYİ LİMİTED ŞİRKETİ,36.9722,37.4613,Opet,True,False
DAĞAÇIKAN PETROL ÜRÜN. TAŞ. GIDA İNŞ. SAN. TİC. LTD. ŞTİ.,37.072636,37.37534,Opet,True,False
CEMCAN PET.ÜRÜN.İNŞ.NAKL.RENT CAR SAN.VE TİC.A.Ş.,40.23477,28.97802,Opet,True,False
CANKAR AKAR. MÜH. MİM. MÜTEAH. VE İNŞ. MAL. MARKET NAK. HARİT,38.479952,28.119021,Opet,True,False
ÇIRALI AKARYAKIT DİNLENME TESİ İNŞ.TUR.NAK.SAN.VE TİC.LTD.ŞTİ,38.523348,30.220474,Opet,True,False
TOSYALI AKAR.OTOM.İNŞ.TURZ.GID VE İH.MAD.SAN. VE TİC.LTD.ŞTİ,41.011748,34.045662,Opet,True,False
MAY PET.ENERJ.İNŞ.SAN.VE TİC. A.Ş.,40.88611,29.28636,Opet,True,False
AKSU KİMYA PETROL İNŞAAT GIDA SANAYİ VE TİCARET LİMİTED ŞİRK,41.006504,28.667564,Opet,False,False
YONCA AKARYAKIT NAK.İNŞ.TAR.HA SAN.VE TİC. LTD. ŞTİ.,37.342686,36.072784,Opet,True,False
AKYOL AKAR.SAN. VE TİC.LTD.ŞTİ,40.908083,33.632867,Opet,True,False
ONGU ENERJİ İNŞAAT TEKSTİL HAYVANCILIK GIDA AKARYAKIT,37.60294,36.81248,Opet,True,False
CBA PET.ÜRÜN.İNŞ.NAKL.GID.HAY. İHR.TUR.SAN.VE TİC.LTD.ŞTİ.,40.737226,31.657155,Opet,True,False
KEREM KOLÇAK AKARYAKIT PETROL ÜRÜNLERİ SANAYİ VE TİCARET,37.86442,32.50112,Opet,False,False
AVCAN GIDA  VE PET.ÜRNL.PAZ. TİC.SAN.LTD.ŞTİ.,37.864969,32.525275,Opet,True,False
ATILIM GSM İLETHİZTUROTO..MAD. GI.TEK.İN.MOB.TEM.TA.VE HAY.Tİ,40.191307,29.121461,Opet,True,False
İNCA PETROL ÜRÜNLERİ SANAYİ VE TİCARET ANONİM ŞİRKETİ,37.613736,29.143963,Opet,True,False
CEYLAN PET.OTO.GID.TEKS.SER. HİZM.İNŞ.TUR.LTD.ŞTİ,39.951466,32.823897,Opet,True,False
PÜSAN PETROL ÜR.OTOM.TUR.TİC.A,39.958423,32.97286,Opet,True,False
UZ PET PETROL ÜRÜNLERİ PAZ. SAN. VE TİC. LTD. ŞTİ.,41.084139,28.784456,Opet,True,False
ENÇ EMLAK MÜŞ. İNŞ. PET.ENERJ. OTO. İTH. VE İHR. SAN. TİC. LT,37.917404,40.183975,Opet,True,False
YURTSEVER PETROL ÜRÜN. DİN.TES SAN.VE TİC. LTD. ŞTİ.,37.18423,33.19457,Opet,True,False
İMKAR AKARYAKIT SAN. VE TİC. A,41.151068,28.787777,Opet,True,False
ÖZ SOYSALLAR AKARYAKIT GIDA NA İNŞ. TEKS. SAN. VE TİC. LTD. Ş,38.425325,38.361922,Opet,True,False
ERDEM ANTALYA PETROL (HURMA) Ü TİCARET ANONİM ŞİRKETİ,36.856504,30.606049,Opet,True,False
OKTAY AKARYAKIT ÜRÜNLERİ SAN.,37.775385,30.511157,Opet,True,False
OPET MARKET VE AKARYAKIT İSTAS İŞLETMECİLİĞİ A.Ş,40.98778,29.1438,Opet,False,False
RENK PETROL TURİZM ANONİM ŞİRKETİ,41.02913,28.806471,Opet,True,False
RENK PETROL TURİZM ANONİM ŞİRKETİ,41.0192,28.63084,Opet,False,False
RENK PETROL TURİZM ANONİM ŞİRKETİ,40.989821,28.668528,Opet,True,False
BELEN PET.NAKL.TİC.LTD.ŞTİ.,41.27284,31.48793,Opet,True,False
DÖRTEL AKAR.VE TARIM.ÜRÜN.TİC. A.Ş.,39.73908,30.628593,Opet,True,False
A.KORKMAZ DIŞ TİCARET LİMİTED ŞİRKETİ,36.274277,36.189293,Opet,False,False
BAĞIRKANLAR PETROL TURİZM NAKL OTO.TEKSTİL SAN.VE TİC.LTD.ŞTİ,38.05577,30.139991,Opet,True,False
ADAVİS LOJİSTİK PETROL MÜH. SA VE TİC. LTD. ŞTİ.,36.64182,32.86636,Opet,True,False
İMES PET.OTOM.İNŞ.TUR.SAN.VE TİC.LTD.ŞTİ.,41.00798,29.19299,Opet,False,False
O-P GRUP ENERJİ MAD.VE İNŞ. A.Ş.,40.91224,29.19158,Opet,True,False
KARDELEN OTOMOTİV İNŞAAT SANAYİ VE TİCARET LİMİTED ŞİRK,37.93275,40.19398,Opet,False,False
EREN KARDEŞLER PETR.TURZ.İNŞ.N TAŞ.HAFR.GID.SAN. VE TİC.LTD.Ş,40.698627,37.404982,Opet,False,False
BOZKUŞLAR PET.ÜRÜN.OTO.NAK.TUR GIDA BAS.YAY.HAY.MAD.SAN.TİC.L,38.722216,37.280353,Opet,True,False
SÖĞÜT İNŞ. TAAH. PETR. MADENC. NAK. İÇ VE DIŞ TİC. A.Ş.,39.906389,32.885278,Opet,True,False
KERVAN AKAR. VE AKARY. ÜR. UN UNLU MAM.GID.SAN.TİC.LTD.ŞTİ.,38.02261,36.506685,Opet,True,False
OPET MARKET VE AKARYAKIT İSTAS İŞLETMECİLİĞİ ANONİM ŞİRKETİ,40.76244,30.3929,Opet,True,False
IMC YAPI SANAYİ TİCARET LİMİTED ŞİRKETİ,38.74886,41.50663,Opet,True,False
ÖZET MÜHENDİSLİK ELEKTRİK İNŞA TAAHHÜT SANAYİ VE TİCARET LİMİ,40.90174,29.2469,Opet,True,False
ÖZCANLAR ÖZ PETROL SAN. VE TİC.LTD.ŞTİ,41.8075,35.18549,Opet,True,False
HESAPÇIOĞLU(KUNDU) OTO.PET.TUR TAŞ.İNŞ.TAR.HAY.TİC.SAN.VE PAZ,36.866637,30.820702,Opet,True,False
ADEM KÖKSAL OĞULLARI KOLL.ŞTİ,40.982803,37.888129,Opet,True,False
A.KORKMAZ DIŞ TİCARET LTD.ŞTİ.,36.558518,36.10112,Opet,True,False
SİTE AKARYAKIT PETROL GAZ ÜRET SANAYİ VE TİCARET ANONİM ŞİRKE,39.95327,32.90724,Opet,True,False
ERKAYALAR ENERJİ PETROL SANAYİ VE TİCARET LİMİTED ŞİRKETİ,39.86426,32.8187,Opet,True,False
İMES PETROL OTO. İNŞ. TUR. SAN. VE TİC. LTD. ŞTİ.,41.00161,29.16424,Opet,True,False
CEM PETROL OTOMOTİV VE TURİZM TİCARET A.Ş,41.12571,37.28996,Opet,True,False
EFE OTOMOTİV AKARYAKIT SANAYİ VE TİCARET LİMİTED ŞİRK,40.79144,29.98054,Opet,True,False
ŞAH TARIM İNŞAAT TUR. SEY. YAT SAN. VE TİC. LTD. ŞTİ.,37.849955,27.94426,Opet,True,False
FİLİZ ÇELİK MAMÜLLERİ İNŞ AKAR TURİZM SAN. TİC. A.Ş.,40.57618,33.61721,Opet,True,False
FERAMUZ KOÇ(2) KOÇ PETROL,40.867766,35.458051,Opet,True,False
YKD ENERJİ TİCARET ANONİM ŞİRK,40.91936,38.32469,Opet,True,False
PORT ENERJİ SANAYİ VE TİCARET LİMİTED ŞİRKETİ,40.926633,29.315666,Opet,True,False
ACAMAR AKARYAKIT İNŞAAT SANAYİ ANONİM ŞİRKETİ,39.74841,27.99904,Opet,True,False
ÜNLÜLER PETROL İNŞAAT KERESTE NAKLİYAT TİCARET,41.397861,33.785907,Opet,True,False
YASİN TOPÇUOĞLU YASİN TOPÇUOĞLU İNŞAAT PETROL,38.027096,36.48535,Opet,True,False
TUNÇ PETROL TUR. İNŞ. TİC. VE ANONİM ŞİRKETİ,40.98164,28.890839,Opet,True,False
TUĞRA MAKİNA JEO. MAD. PET. TU İNŞ. MÜH.VE MÜŞ. SAN.TİC. LTD.,40.011663,32.795172,Opet,True,False
USER PETROL İNŞAAT TUR. İTH. İHR. SAN. TİC. LTD. ŞTİ.,40.83725,29.29608,Opet,False,False
CEMALETTİN HÜSNÜ DOĞAN DEDE PETROL,38.954063,40.034173,Opet,True,False
HESAPÇIOĞLU OTOMOTİV PETROL TURİZM TAŞIMACILIK İNŞAAT TARI,36.876726,30.818958,Opet,True,False
HESAPÇIOĞLU (ASPENDOS) OTO.PET TAŞ.İNŞ. TAR.HAY.TİC.SAN.VE PA,36.894948,30.758099,Opet,False,False
LARA BETON İNŞAAT SANAYİ VE TİCARET A.Ş,37.083085,37.327015,Opet,True,False
LARA BETON İNŞ.SAN.VE TİC. A.Ş,37.030839,37.357649,Opet,True,False
KAMPET PETROL ÜRÜNLERİ DAĞITIM PAZARLAMA VE TİCARET A.Ş.,41.065712,28.98752,Opet,True,False
RAHİM YILDIRIM PETROL ANONİM ŞİRKETİ,38.720427,39.872678,Opet,True,False
FİMAR PETROL A.Ş,40.571803,34.991445,Opet,True,True
GEZEM PETROL İNŞAAT NAKLİYE  SANAYİ VE TİCARET LİMİTED ŞİR,40.6063,35.81238,Opet,True,False
KENDİROĞLU PETROL ÜRÜNLERİ TİC LTD.ŞTİ.,36.787763,31.443436,Opet,True,False
Y-EREN PETROL VE PETROL ÜR.TAŞ OTO. GIDA TUR.İNŞ.TA.SAN.VE Tİ,38.182153,27.47678,Opet,True,False
HES PETROL İNŞAAT GAYRİMENKUL TİCARET A.Ş,39.94604,32.71737,Opet,True,False
ALSEVİN PET.ÜR.DAY.TÜK.MAL.TUR MAK.OTO.SAN.İTH.İHR.TİC.LTD.ŞT,37.0362,35.27327,Opet,True,False
KALTUN MADENCİLİK SANAYİ NAKLİ VE AKARYAKIT TİCARET A.Ş.,37.645458,28.029937,Opet,True,False
ATL PETROL ÜRÜNLERİ A.Ş.,40.720125,30.367768,Opet,True,False
MAG PETROLCÜLÜK VE İSTASYON İŞLETMECİLİĞİ A.Ş.,40.282322,28.994034,Opet,True,False
MAG PETROLCÜLÜK VE İSTASYON İŞLETMECİLİĞİ A.Ş.,40.282425,28.996603,Opet,True,False
AYDOĞDU PET. TURZ. İNŞ. TAAH. VE SAN. LTD. ŞTİ.,36.84199,34.58869,Opet,True,False
TEMPET AKARYAKIT NAKLİYAT İNŞAAT SANAYİ VE TİCARET,40.5094,30.19972,Opet,True,False
KARMA PETROL İNŞ TUR OTO SAĞ. TAŞ. VE HAF. TİC LTD. ŞTİ.,37.029359,35.294168,Opet,True,False
İMES PET.OTOM.İNŞ.TUR.SAN.VE TİC.LTD.ŞTİ.,40.95666,29.21405,Opet,True,False
ARTU PETROL DEMİR ÇELİK NAK. SAN. VE TİC. LTD. ŞTİ.,36.778293,36.214721,Opet,True,False
SAYDAM AKARYAKIT SANAYİ VE TİCARET ANONİM ŞİRKETİ,40.94574,29.12723,Opet,True,False
ULTRA LİFE YAPI İNŞAAT ANONİM ŞİRKETİ,39.656456,35.833022,Opet,True,False
SARILAR ZİRAAT SEYA.OTOM.PET.T NAK.İNŞ.VE.İNŞ.MLZ.SAN.VETİC.L,36.48887,34.179526,Opet,True,False
CENGİZ GÖL,36.978383,35.323442,Opet,True,False
TANKAR ENERJİ PETROL OTOMOTİV GIDATAŞ. VE SAN. TİC.LTD.ŞTİ.,38.401939,27.124555,Opet,False,False
CANKAR AKAR. MÜH. MİM. MÜTEAH. VE İNŞ. MAL. MARKET NAK. HARİT,38.35148,28.52273,Opet,True,False
CANKAR AKAR. MÜH. MİM. MÜTEAH. VE İNŞ. MAL. MARKET NAK. HARİT,38.495556,27.734167,Opet,True,False
ENİS OKUMUŞ AKARYAKIT TİCARET LİMİTED ŞİRKETİ,41.01637,29.14606,Opet,True,False
MNK ÖZGÖBEK METROPOL TURİZM İNŞ.GIDA PETROL OTO.SAN.VE TİC,38.672778,29.424167,Opet,True,False
GÜNGÖR KARDEŞLER PETROL TURİZM İNŞAAT NAKLİYAT GIDA SANAYİ VE,40.93816,38.19719,Opet,True,False
ŞAHALİ İNCE(HABİBLER)PET.GID.T TUR.TAŞ.OTOM.EMLAK SAN.TİC.LTD,36.949726,30.728952,Opet,True,False
SİDAŞ EMLAK OTO.NAK.İNŞ.TAAH.P TUR.REK.ORG.TEKS.DAY.TÜK.MAL.T,39.765294,37.054967,Opet,True,True
ULUSOY PETROL ÜRÜNLERİ TİC. A.Ş,41.300063,36.330922,Opet,True,False
PARS ALİ AKARYAKIT OTO.TUR.İNŞ ENERJİ GIDA HAYV.TİC.SAN.TİC.L,39.880601,37.718971,Opet,True,False
YENİ TRUVA TURZ.PETROL VE PETR ÜRÜN.NAKL.GIDA İNŞ.SAN.TİC.LTD,40.181407,26.355172,Opet,True,False
ELİTE PETROL İNŞAAT TAAHHÜT NAKLİYE TİC. VE SAN. LTD. ŞTİ.,38.99043,29.39984,Opet,True,False
BAŞARANSERA TARIM VE HAYVANCIL NAKLİYE İNŞAAT TAAHHÜT İTHALAT,40.16711,31.92327,Opet,True,False
OPET MARKET VE AKARYAKIT İSTAS İŞLETMECİLİĞİ ANONİM ŞİRKETİ,41.099688,28.766649,Opet,True,False
ERKAYALAR AKAR. İNŞ. SAN. VE TİCARET LİMİTED ŞİRKETİ,39.982373,32.569184,Opet,False,False
ABC GRUP OTELCİLİK YATÇILIK PE SANAYİ VE TİCARET LİMİTED ŞİRK,38.356,27.133967,Opet,True,False
HAMZAOĞLU PETROL ÜRÜNLERİ SANAYİ VE TİCARET LİMİTED ŞİRK,38.738598,41.54228,Opet,True,False
COB PETROL İNŞAAT TURİZM SAN. VE TİC. LTD. ŞTİ.,41.016333,28.626032,Opet,True,False
AKÇELİK AKARYAKIT MAD.TUR.YAPI İNŞ.TAAH. TİC VE SAN.LTD.ŞTİ,40.469167,40.978889,Opet,True,False
ERTEKİN PETROL ÜRÜN. TAŞ. İNŞ. TUR. LTD ŞTİ,41.292173,36.287339,Opet,True,False
MİRAP ULUSLARARASI NAKLİYAT TU OTO.AKARYAKIT SAN.VE TİC.A.Ş.,40.03686,27.07539,Opet,True,False
YÜZÜNCÜYIL GRUP PET.OTO.LOJ. SAN.VE.TİC.LTD.ŞTİ,39.8953,32.79679,Opet,True,False
KÖK PETROL SANAYİ VE TİCARET LTD. ŞTİ.,41.058852,28.831137,Opet,True,False
YILDIRIM KOÇ İNŞAAT GAYRİMENKU DANIŞMANLIĞI TİCARET VE,38.326297,34.009026,Opet,True,False
SERİNYIL PETROL NAKLİYE TURİZM PLASTİK SAN. ve TİC. LTD. ŞTİ.,38.3966,33.9862,Opet,True,False
AYSAN AKARYAKIT ÖZEL EĞ.HİZM.İ TURZ. GID. SAN. VE TİC. LTD. Ş,36.636788,29.371604,Opet,True,False
BERNU PETROL İNŞAAT TURİZM SAN. VE TİC. A.Ş.,41.679312,26.57689,Opet,True,False
ATL PETROL ÜRÜNLERİ ANONİM ŞİRKETİ,40.717154,30.131032,Opet,True,False
ANTTECH BİLİŞİM VE AKARYAKIT ANONİM ŞİRKETİ,36.559302,30.552919,Opet,False,False
ABAT ENERJİ PETROL ANONİM ŞİRK,41.081715,28.89624,Opet,True,False
DEMPET PETROL ÜRÜNLERİ İNŞ.TUR A.Ş.,40.98859,27.600064,Opet,True,False
LVN AKARYAKIT İÇ VE DIŞ TİCARET ANONİM ŞİRKETİ,39.836832,32.709507,Opet,True,False
MEHMET ŞAHİNOĞULLARI İNŞ. TEM. TUR. SAN. VE TİC. LTD. ŞTİ.,38.63633,34.70985,Opet,True,False
MAVİ BEYAZ AKARYAKIT İNŞ. PET. PAZARL. SAN. VE TİC. A.Ş.,36.862639,28.2725,Opet,False,False
HESAPÇIOĞLU(TOPALLI)OTO.PET.TU İNŞ.TAR.HAY.TİC.SAN.VE PAZ.ANO,37.025155,30.799044,Opet,True,False
SEFA MÜH. DAY. TÜK. GIDA İNŞ N VE PET. ÜR. SAN. VE TİC. LTD Ş,40.613675,36.792865,Opet,True,False
ER-BEY METAL TURİZM GIDA VE İNŞAAT PAZARLAMA SANAYİ,39.934034,32.83394,Opet,False,False
ALTERNATİF PETROL ÜRÜNLERİ PAZ VE MAKİNA İMA. SAN. TİC. LTD.,40.762233,29.956139,Opet,True,False
EYPET AKARYAKIT SANAYİ VE TİCARET ANONİM ŞTİ.,39.87053,33.44798,Opet,True,True
ACARLAR YATIRIM KİMYEVİ MADDE PETROL İNŞAAT,40.942034,35.658468,Opet,True,False
AHL TURİZM İNŞAAT PETROL ÜR. OTO. TEKS. SAĞ. HİZ. TİC. LTD.,41.359031,36.234072,Opet,True,False
YUSUF ZİYA ŞAHİN,40.7091,37.6221,Opet,True,False
KARSU AKARYAKIT İNŞ. TURZ. TİC VE SAN. A.Ş,40.73744,31.596388,Opet,True,False
AK OVA İNŞAAT SANAYİ TİCARET LİMİTED ŞİRKETİ,40.773865,29.74557,Opet,True,False
KARSU AKARYAKIT İNŞAAT TURİZM TİCARET VE SANAYİ ANONİM ŞİRKE,40.723713,31.609038,Opet,True,False
ARSDEN PETROL ÜRÜNLERİ SANAYİ VE TİCARET ANONİM ŞİRKETİ,40.211017,29.109379,Opet,True,False
METEOR ENDÜSTRİ VE ENERJİ ANON,40.63513,29.2755,Opet,True,False
ÖZDEMİR 34 İNŞAAT GIDA PETROL AKARYAKIT ELEKTRONİK ENERJİ TA,39.829665,32.744263,Opet,True,False
ÖZÇELİKKAYALAR ALIŞVERİŞ MERKEZLERİ PETROL TARIM VE GID,37.8214,32.5175,Opet,True,False
İNTERLAND AÇIKHAVA REKLAMCILIK SANAYİ TİCARET LİMİTED ŞİRKETİ,41.00986,29.012238,Opet,False,False
BÜYÜKGEBİZLER PETROL ÜRÜN.TURZ İNŞ.VE SAN.TİC. A.Ş.,36.662693,30.548918,Opet,True,False
HIZLI PETROLCÜLÜK A.Ş.,41.032638,28.83409,Opet,True,False
ÇALLI PETROL VE PETROL ÜRN. İN GIDA TUR MAD NAK SAN VE TİC LT,37.570883,43.740984,Opet,True,False
OVA YAKIT ENERJİ NAKLİYE İNŞ.G OTO.MAD.TİC.SAN.LTD.ŞTİ,38.853152,40.543021,Opet,True,False
ELBİSTAN ENSAR PETROL ÜRÜNLERİ OTO.MAHR.SAN.TİC.LTD.ŞTİ.,38.206757,37.222821,Opet,True,False
YÜNTAŞ AKARYAKIT GIDA İÇECEK TUR. MER. ELEK. NAK. SAN. TİC.,38.746152,30.568359,Opet,True,False
ASGÜN PETROL LİMİTED ŞİRKETİ,39.641128,27.897476,Opet,True,False
RUMELİ AKARYAKIT SANAYİ  TİCARET LİMİTED ŞİRKETİ,41.057416,28.941504,Opet,True,False
RECAYİP UYGUR ÜÇ KARDEŞLER AKA TAAH. İNŞ SAN. VE TİC. LTD. ŞT,37.053982,35.170136,Opet,True,False
ENGGRUP PETROL ÜRÜNLERİ SANAYİ LİMİTED ŞİRKETİ,40.717938,29.76674,Opet,True,False
CANDAŞ AKARYAKIT ULAŞ. İNŞ. TU GIDA SAN. VE TİC. LTD. ŞTİ.,39.44392,31.56828,Opet,True,False
ERYİĞİT ENERJİ SANAYİ VE TİCAR LİMİTED ŞİRKETİ,40.29301,29.05697,Opet,True,False
ÖZ-AY PETROL İNŞAAT SANAYİ MÜHENDİSLİK TURİZM İÇ VE,40.21188,29.23604,Opet,True,False
ÖZTÜRKLER BRENT PETROL TAŞ.İNŞ İÇ VE DIŞ TİC. SAN.LMT.ŞTİ.,41.037231,28.84626,Opet,True,False
HAVES İNŞ. PETROL OTO.KUY.ULS. NAK.SAN. İÇ VE DIŞ TİC.LTD.ŞTİ,37.24783,42.435669,Opet,True,False
DOĞASEV EMLAK İNŞAAT AKAR. OTO TUR. SAN. VE TİC. LTD. ŞTİ,41.253158,31.422863,Opet,True,False
ER-ANADOLU PETROL ÜRÜNLERİ OTO NAK. İNŞ. SAN. VE TİC. LTD. ŞT,39.8969,41.2807,Opet,True,False
SİNOP PETROL NAK. İNŞA. TUR. İÇ VE DIŞ TİC. LTD.ŞTİ.,42.023819,35.138581,Opet,True,False
ÖZ YERLİKAYA PETROL BAKLİYAT G SANAYİ TİCARET ANONİM ŞİRKETİ,37.964503,34.68294,Opet,True,False
MOBİPA MOBİLYA TEKS.İNŞ.NAK. P ÜRN.SÜPER MARK. VE TUR.SAN.TİC,40.25832,28.95251,Opet,True,False
ÖZ ÖZCANLAR PETROL ÜRÜN. OTO. KUY. İNŞ.TUR. TİC. VE SAN. LTD,41.985559,35.095851,Opet,True,False
TOKTAYLAR PETROL NAK.GID.İNŞ VE DAY.TÜK.MAL.SAN.TİC.LTD.ŞTİ,38.7382,36.4253,Opet,True,False
ESA PETROL ÜRÜN. TUR. İNŞ. NAK. SAN. VE TİC. LTD. ŞTİ.,40.073014,32.942783,Opet,True,False
YURTSAN PETROL ÜRÜNLERİ TİCARE VE SANAYİ LİMİTED ŞİRKETİ,37.21822,33.298706,Opet,True,False
BOZKANLAR ENERJİ SANAYİ VE TİCARET ANONİM ŞİRKETİ,38.45112,27.48497,Opet,True,False
AYDIN MARKET SANAYİ VE TİCARET LİMİTED ŞİRKETİ,38.155124,27.36528,Opet,True,False
MERVAN OTO.TARIM NAK.PETROL KU TİC. VE SAN.LTD.ŞTİ,37.191941,40.519124,Opet,True,False
AKINTÜRK PETROL VE PETROL ÜRÜN NAKL.İNŞ.TURZ.SAN.VE TİC.LTD.Ş,37.90981,28.32739,Opet,True,False
OPET MARKET VE AKARYAKIT İSTAS İŞLETMECİLİĞİ ANONİM ŞİRKETİ,41.070027,28.916207,Opet,True,False
BALTA OTOMOTİV TAŞ.HAR.PET. ÜR.TUR.SAN. VE TİC. LTD.ŞTİ.,37.735658,38.219373,Opet,True,False
ENGİN NASIROĞLU,37.96145,41.14559,Opet,True,False
RECEP ÖRNEK AKARYAKIT VE PETRO ÜRÜN. TİCARET LİMİTED ŞİRKETİ,40.94388,38.26851,Opet,True,False
ENKA YATIRIM HİZMETLERİ SANAYİ VE TİCARET ANONİM ŞİRKETİ,36.858636,30.775763,Opet,True,False
DENBAY PETROL VE MADENCİLİK  LİMİTED ŞİRKETİ,37.345678,38.533972,Opet,True,False
YEŞİLYURT MÜHENDİSLİK MÜS.İNŞ. TUR.PET.SAN. VE TİC.LTD.ŞTİ,37.525465,34.069856,Opet,True,False
GÜRE AKARYAKIT SANAYİ VE TİCARET LİMİTED ŞİRKETİ,38.426338,27.2431,Opet,True,False
İ.S. ERTÜRK PET(SARIGÖL)TAR ÜR NAK T TEK ÜR KAN İŞL MOT ARA S,38.244152,28.67106,Opet,True,False
İ.S. ERTÜRK PET(DELEMENLER) T. NAK T TEK ÜR KAN İŞL MOT ARA S,38.274739,28.619969,Opet,True,False
NAKKAŞ PETROL İNŞAAT SANAYİ VE TİCARET ANONİM ŞİRKETİ,40.91639,29.14694,Opet,True,False
İZNEBİOĞLU PETROL ÜRÜNLERİ SAN.VE.TİC. A.Ş.,36.34053,36.20765,Opet,True,False
FOÇALILAR PETROL DENİZ NAK. SA VE TİC. LTD. ŞTİ,38.394014,27.01092,Opet,True,False
HAN ZADE PETROL VE PETROL ÜRÜNLERİ SANAYİ VE TİCARET,40.395821,26.887211,Opet,True,False
GÖÇYOLU PETROL ÜRÜNLERİ SAN.VE.TİC.LTD.ŞTİ.,37.46262,35.82271,Opet,True,False
HASBİL PETROL ÜRÜNLERİ SANAYİ VE TİCARET LİMİTED ŞİRKETİ,40.828502,30.469904,Opet,True,False
Bİ PETROL SANAYİ VE TİCARET LİMİTED ŞİRKETİ,41.03254,28.8837,Opet,True,False
GÖKYILDIZ TEKSTİL VE KONFEKSİY SANAYİ VE TİCARET LİMİTED ŞİRK,40.21044,29.28307,Opet,True,False
BALLIPINAR(K.Y.)PET GID İNŞ. TİC. VE SAN.LTD.ŞTİ,38.8372,30.433,Opet,True,True
MEF PETROL LOJİSTİK İNŞAAT SANAYİ TİCARET LTD.ŞTİ.,39.97617,32.86656,Opet,True,False
HAS PETROL İNŞAAT TEKSTİL SANAYİ VE TİCARET LİMİTED ŞİRK,40.856966,29.397823,Opet,True,False
SAR GLOBAL ENERJİ ANONİM ŞİRKETİ,41.021017,28.563154,Opet,True,False
DENİZ YALÇIN AKARYAKIT İNŞAAT NAKLİYE LİMİTED,38.679444,27.478889,Opet,True,False
MAVİ BEYAZ AKARYAKIT İNŞ. PET. PAZARL. SAN. VE TİC. A.Ş.,39.947991,32.747417,Opet,True,False
SEDAT ALTAY ZEYTİN YAĞ ZEYT ÜR PET TUR İNŞ PAZ SAN VE TİC LTD,39.083847,27.711849,Opet,True,False
FAVORİ PETROL OTOMOTİV TİCARET VE SANAYİ LİMİTED ŞİRKETİ,39.74514,37.02935,Opet,True,False
SAHA-BED PET.ÜRN. VE LİKİT PET GD.TAŞ.OTO.TAR.SAN.VE TİC.LTD.,38.09697,27.72424,Opet,True,False
İRFAN SAVAŞ PETROL VE PETROL ÜRÜNLERİ SANAYİ TİCARET LTD. Ş,40.8595,29.28177,Opet,False,False
ZİVER PETROL ANONİM ŞİRKETİ,38.66643,39.22687,Opet,True,True
ÖZTAŞLAR MÜHENDİSLİK TARIM İNŞ VE İNŞAAT MALZEMELERİ HAYV. VE,38.786806,30.6054,Opet,True,True
ZİVER PETROL ANONİM ŞİRKETİ,40.971334,29.257258,Opet,True,False
MERTER AKARYAKIT PAZ.İNŞ.TAAH. SAN.VE TİC.LTD.ŞTİ.,41.014271,28.900473,Opet,True,False
COŞKUN PETROL VE OTOMOTİV TİCARET LİMİTED ŞİRKETİ,40.473502,34.881871,Opet,True,False
SARIHANLAR PETROL ÜRÜNLERİ SANAYİ VE TİCARET LİMİTED ŞİRK,40.732864,30.186984,Opet,True,False
BLC HAZIR BETON İNŞAAT SANAYİ VE TİC. LTD. ŞTİ.,41.086146,31.178345,Opet,True,False
HAKKI ZORLU AKARYAKIT LİMİTED ŞİRKETİ,39.719709,39.568036,Opet,True,False
ERHAN İTHALAT İHRACAT SAN. VE TİC. A.Ş.,37.148773,37.402762,Opet,True,False
UFUK ÖZEL PETROL İNŞ.TUR.SAN. VE TİC.LTD.ŞTİ,37.41583,41.36939,Opet,True,False
REMAN İNŞAAT SANAYİ VE TİCARET LİMİTED ŞİRKETİ,38.626514,39.255348,Opet,True,False
GÖKKUŞAĞI PETROL İNŞAAT TURİZM TİCARET VE SAN. LTD. ŞT,41.023494,29.041696,Opet,True,True
DM PETROLCÜLÜK(İZMİR YÖNÜ) SAN.VE.TİC.A.Ş.,38.488137,27.573162,Opet,True,False
REŞPET AKARYAKIT PETROL ÜRÜNLERİ TAŞIMACILIK VE,37.69315,37.85079,Opet,True,False
DM PETROLCÜLÜK SAN.VE.TİC.A.Ş.,38.486366,27.576124,Opet,True,False
EMİN EMMOĞLU PETROL PAZARLAMA GIDA TİCARET LİMİTED ŞİRKETİ,36.164411,36.139797,Opet,False,False
HANCILAR PETROL TURİZM OTELCİL SANAYİ VE TİCARET LİMİTED ŞİRK,40.2873,38.3992,Opet,True,False
HİLMİ BEKEN TUR.PET.ÜRN. NAK. VE TİC. LTD.ŞTİ.,36.959103,30.605771,Opet,True,False
AYPET PETROLCÜLÜK SANAYİ VE TİCARET ANONİM ŞİRKE,37.093113,41.196665,Opet,True,False
KARTAL PETROL ÜRÜNLERİ TİCARET VE SANAYİ . A.Ş.,40.91106,29.18201,Opet,True,False
DALGIÇ LOJ.ULUS.TAŞ. PET.ÜRN.PAZ.TİC.LTD.ŞTİ,37.19167,37.26949,Opet,True,False
TURKUAZ YAKIT TAŞ.TEM.TEKS.GID TİC.VE SAN.LTD.ŞTİ.,38.90796,40.55723,Opet,True,False
USSA AKARYAKIT VE TİC.ANO.ŞTİ,41.016405,28.911508,Opet,False,False
ERKAYALAR LOJİSTİK PETROL İNŞ.SAN.VE TİC.LTD.ŞTİ.,39.976142,32.586839,Opet,True,False
KARESİ AKARYAKIT DAĞITIM VE TİCARET ANONİM ŞİRKETİ,39.668685,27.90216,Opet,True,False
AVŞAR OĞULLARI AKARYAKIT  ÜRÜNLERİ ET ÜRÜNLERİ YEMEK,39.95088,32.89865,Opet,True,False
BAŞKENTLİLER AKARYAKIT İSTASYO İŞLETMECİLİĞİ TİCARET VE SANAY,39.4493,31.57068,Opet,True,False
ABC GRUP OTELCİLİK YATÇILIK PE SANAYİ VE TİCARET LİMİTED ŞİRK,41.000482,28.691519,Opet,True,False
İK SA PETROL OTO. İNŞ. NAK. TU SAN. TİC. İTH. İHR. LTD. ŞTİ.,40.60857,43.107612,Opet,True,False
TORUNOĞULLARI YAPI TURİZM İNŞ.TAAH.SAN.TİC.LTD.ŞTİ.,41.01062,38.851905,Opet,True,False
GÜLPAŞ PETROL VE PET.ÜRN. PAZ.TİC.LTD.ŞTİ.,41.027495,28.812575,Opet,False,False
KAYNAKLI AKARYAKIT SANAYİ VE TİCARET LİMİTED ŞİRKETİ,38.487565,27.694507,Opet,True,False
AKSOYLAR(2)TÜK.MAD.PAZ. SANAYİ VE TİCARET LTD.ŞTİ.,41.406082,27.337171,Opet,True,False
KAPTAN AKARYAKIT NAKLİYAT LİMİTED ŞİRKETİ,40.767368,29.968077,Opet,True,False
OSMAN ÜNAL PETROL SAN.VE.TİC.LTD.ŞTİ.,39.81025,32.70646,Opet,True,False
MOBİPA MOBİLYA TEKS.İNŞ.NAK. P ÜRN.SÜPER MARK. VE TUR.SAN.TİC,40.1119,29.4572,Opet,True,False
ŞAHİNLİ PETROL İNŞ.OTO.GID. SAN VE TİC.LTD.ŞTİ,37.977999,40.360855,Opet,True,False
YİĞİT EFE PET. LTD.ŞTİ.,37.06978,37.440278,Opet,True,False
CESAN(A.Y) PET.VE İNŞ. LTD.ŞTİ.,38.7598,30.3625,Opet,True,False
FEYZİOĞLU İNŞ. EMLAK SAN. İÇ VE DIŞ TİC. LTD. ŞTİ.,41.0221,37.54601,Opet,True,False
ALEV PETROL SERVİS HİZMETLERİ NAKLİYAT VE TİCARET AŞ.,41.054256,29.033865,Opet,True,False
BALIKESİR DEĞİRMEN AKARYAKIT RESTORAN TİCARET ANONİM,39.75028,28.00024,Opet,True,True
DLN LOJİSTİK TAŞIMACIIK ANONİM ŞİRKETİ,39.909358,32.859172,Opet,True,False
SÖNMEZ(ANT.YOLU) PETROL ÜRÜN. TUR. VE TİC.LTD.ŞTİ,37.406448,30.540751,Opet,True,True
ALİŞEROĞLU AKDENİZ PETROL VE P  ÜRÜN.NAK. GIDA İNŞ. TUR. A.Ş.,37.05101,35.25829,Opet,True,False
AKDENİZLİ AKARYAKIT TAŞ. İNŞ.SAN. VE TİC.,36.642852,29.204172,Opet,True,False
ÖZPAR GIDA PETROL ÜRÜNLERİ KUY VE İNŞ. TİC. LTD. ŞTİ.,37.881111,32.431389,Opet,True,False
ÖZTÜRKLER MADENİYAĞ.ÜRN.AKAR.T İNŞ.SAN.TİC.LTD.ŞTİ.,41.070244,28.892633,Opet,False,False
ISBAŞ ISPARTA BEL.BİMS YAPI ELE.SAN. VE TİC.,37.76068,30.57268,Opet,True,False
ADALET SOSYAL HİZ.İNŞ.GID.TUR. PET.TAR.SAN.VE TİC.LTD.ŞTİ,37.933,40.1392,Opet,True,False
ALİUÇAR PETROL OTOMOTİV İNŞAAT MAKİNA İMALAT İTHALAT İHRACAT,41.558382,35.899849,Opet,True,False
NF PETROL TAŞ.İNŞ. LTD.ŞTİ,36.98815,35.34928,Opet,True,False
ODABAŞI MADENİ YAĞ AKAR. VE PET.ÜRN.SAN.TİC.LTD.ŞTİ,38.004025,40.120082,Opet,True,False
ÇANAKKALE BOĞAZ PETROL İNŞAAT TİCARET LİMİTED ŞİRKETİ,40.132088,26.440023,Opet,True,False
İÇKALE SOSYAL HİZM.TAŞ.İNŞ.GID OTO.SAN VE TİC.LTD.ŞTİ.,41.080375,28.652765,Opet,True,False
DOĞA AKARYAKIT PETROL ÜRÜNLERİ SANAYİ VE TİCARET LİMİTED ŞİRK,38.491364,27.706397,Opet,True,False
BURSA GİZ PETROL TEKSTİL İNŞAAT SANAYİ VE TİCARET,40.21888,29.09824,Opet,True,False
COB(2) PET.İNŞ.TUR.SAN. VE TİC.LTD.ŞTİ,41.026073,28.979843,Opet,True,False
ÖZ YÜKSEL KUYUMCULUK PETROL İN SANAYİ VE TİCARET ANONİM ŞİRKE,39.98296,32.77172,Opet,True,False
ÇELİKKESER PETROL İNŞAAT GIDA SANAYİ TİCARET LİMİTED ŞİRKETİ,40.74959,30.04449,Opet,True,False
ELİF LPG VE AKARYAKIT DAĞITIM SANAYİ TİCARET ANONİM ŞİRKETİ,40.87178,29.37162,Opet,True,False
SÖNMEZ(SANAYİ)PETROL ÜRÜN. TUR. VE TİC.LTD.ŞTİ,37.46552,30.57006,Opet,True,False
KULE GRUP PETROL ÜRÜNLERİ TİCARET ANONİM ŞİRKETİ,39.9786,32.76391,Opet,True,False
GAZİ NUR PETROL TAŞIMACILIK TE İNŞ.TUR. SAN. VE TİC. LTD. ŞTİ,36.964411,35.024851,Opet,True,False
YENİ TRUVA TURZ.PETROL VE PETR ÜRÜN.NAKL.GIDA İNŞ.SAN.TİC.LTD,39.341167,26.753783,Opet,True,False
OBA PASLANMAZ METAL VE PETROL ANONİM ŞİRKETİ,40.5707,34.9526,Opet,True,False
İPEK TUĞLA ANONİM ŞİRKETİ,38.77442,30.54377,Opet,True,False
ÖZKAYA PETROLCÜLÜK VE TİCARET ŞİRKETİ,39.207595,42.830833,Opet,True,False
YENİDOĞAN AKARYAKIT SANAYİ VE TİCARET LİMİTED ŞİRKETİ,40.83092,35.63299,Opet,True,False
ASPİR PETROL OTOMOTİV TARIM TU SANAYİ VE TİCARET LİMİTED ŞİRK,36.811153,34.623681,Opet,True,False
AZMİ ÖZCAN ÖZCAN PET.TİC.VE SAN.LTD.ŞTİ,36.894,30.5845,Opet,True,False
BULUTLAR PETROL İNŞAAT NAKLİYE VE TİCARET LİMİTED ŞİRKETİ,38.392521,35.507374,Opet,True,False
EGE BİRLİK İNŞAAT ANONİM ŞİRKETİ,37.7677,27.2801,Opet,True,False
YALIN PETROL ÜRÜNLERİ NAKLİYAT TURİZM TİCARET LİMİTED ŞİRKETİ,40.983893,39.82427,Opet,True,False
YERGÜN İNŞ. TUZ. OTO. GIDA VE,40.805003,29.367088,Opet,True,False
AK SA PET. ÜRÜN. İNŞ. TAAH. MA GIDA HAYV. SAN. VE TİC. LTD. Ş,39.9869,41.5843,Opet,True,False
OPET MARKET VE AKARYAKIT İSTAS İŞLETMECİLİĞİ ANONİM ŞİRKETİ,41.022231,29.115856,Opet,True,False
TPO TUNÇ PETROL OTOMOTİV LİMİTED ŞİRKETİ,41.10213,42.7085,Opet,True,False
ERTUĞRUL ALİBEYOĞLU,40.62997,43.13206,Opet,True,False
SABRİOĞLU PETROL SANAYİ VE TİCARET LİMİTED ŞİRKETİ,40.80106,42.61978,Opet,True,False
ALDES PETROL ANONİM ŞİRKETİ,40.8454,31.15196,Opet,True,False
AKDEMİR REST.PET.GID.TUR.SAN VE TİC.LTD.ŞTİ,40.984357,29.057126,Opet,True,False
ZİVER PETROL A.Ş.,38.64981,39.13859,Opet,True,True
SABAHOĞLU PETROL İNŞAAT ELEKTR NAK.GID.SAN. VE TİC. A.Ş.,39.998555,32.821866,Opet,True,False
MUHİTTİN CAN OĞULLARI TUR. İNŞ PET. ÜRN. NAK. İTH. İHR. SAN.,37.325084,40.718733,Opet,True,False
MEDEV İNŞAAT PETROL ANONİM ŞİRKETİ,37.07363,37.41277,Opet,True,False
TÜRKERİ SAĞLAM İNŞAAT PETROL ÜRÜN.GIDA İTH.İHR. VE TİC. LTD,40.77592,29.37789,Opet,True,False
FULYA AKARYAKIT TİCARET SANAYİ ANONİM ŞİRKETİ,41.055177,28.999214,Opet,True,False
Y-EREN PETROL VE PETROL ÜR.TAŞ OTO. GIDA TUR.İNŞ.TA.SAN.VE,38.170906,27.451715,Opet,True,False
ESBAŞ PETROL İNŞAAT GIDA TİCAR LİMİTED ŞİRKETİ,39.646246,27.785723,Opet,False,False
KAYABAŞ PETROL TAŞ.TEKS.EN.SAĞ İNŞ.TAH.İTH.İHR.SAN.VE TİC.LTD,36.704484,37.111254,Opet,True,False
10 NOLU AKARYAKIT İNŞAAT TAAHÜ TİCARET VE SANAYİ ANONİM ŞİRKE,40.8776,35.5872,Opet,True,False
SANKOT PETROL A.Ş.,37.251521,27.726321,Opet,True,False
ZİYADE PETROL ÜRÜNLERİ GIDA OT İNŞ. VE TAAH. SAN. VE TİC. A.Ş,40.875965,29.263198,Opet,True,False
ADM AKAR.İNŞ.PET.SAN VE TİC.LTD.ŞTİ,37.202921,38.799,Opet,True,False
ASLANLAR ANTALYA PETROL ÜRÜNLERİ VE TİCARET A.Ş.,37.11762,30.597376,Opet,True,False
G.N.H KARATAŞ İNŞAAT MALZEMELE HAF. SAN. PAZ. TİC. LTD. ŞTİ.,36.169662,36.109068,Opet,True,False
YOLPET PETROL GIDA SANAYİ VE TİCARET LİMİTED ŞİRKETİ,40.809951,29.565633,Opet,True,False
NEFT LOJİSTİK TİCARET LİMİTED ŞİRKETİ,40.98711,29.2261,Opet,False,False
BURSAPET AKARYAKIT İNŞAAT NAKL GIDA SAN. VE TİC. LTD. ŞTİ.,40.228808,29.061914,Opet,True,False
KLC GRUP MÜHENDİSLİK İNŞAAT PETROL OTOMOTİV GIDA İTHALAT,39.907753,32.9108,Opet,True,False
ELMALIK PETROL ÜRÜNLERİ NAKLİYE OTOMOTİV GIDA,40.721043,31.452923,Opet,True,False
İŞLER PETROL SANAYİ VE TİC. LT,37.788063,38.616695,Opet,True,False
GÜLNAR NAK. OTO. PETROL ÜRÜN. İNŞ. TUR. GIDA SAN. VE TİC.,39.245781,31.402161,Opet,True,False
TEMPET AKARYAKIT NAKLİYAT İNŞAAT SANAYİ VE TİCARET,39.898762,28.159078,Opet,True,False
HMZ AKARYAKIT VE PETROL ÜRÜNLE,40.870733,31.169195,Opet,True,False
HÜSEYİN DURAK PETROL TİCARET VE SANAYİ LİMİTED ŞİRKETİ,37.9468,34.63018,Opet,True,False
RENPET YATIRIM TİC. LTD. ŞTİ.,36.6408,36.21206,Opet,True,False
ALMEN GIDA İNŞAAT KUYUMCULUK M ENERJİ DAYANIKLI TÜKETİM HAYVA,38.45159,30.26326,Opet,False,False
KUBİLAY ENDÜSTRİYEL MUTFAK MALZEMELERİ TEMİZLİK GIDA İNŞA,38.616604,39.1007,Opet,True,False
ERTANLAR AKARYAKIT TURİZM TİCA LİMİTED ŞİRKETİ,36.8912,31.0066,Opet,False,False
OSMANLI PETROL NAKLİYAT SANAYİ  VE TİCARET LİMİTED ŞİRKETİ,41.1077,28.6339,Opet,True,False
STFC PETROL ÜRÜNLERİ İNŞAAT TURİZM TEKSTİL GIDA SANAYİ,36.992912,37.31419,Opet,True,False
ÖZTÜRKLER ENERJİ ULAŞTIRMA  VE PETROL İÇ DIŞ TİCARET,41.00126,27.976618,Opet,False,False
OPET MARKET VE AKARYAKIT İSTASYON İŞLETMECİLİĞİ,41.015705,29.074532,Opet,True,False
DEMTRAK DEMİRELLER SANAYİ YATIRIM PAZARLAMA VE TİCARET,37.8979,30.3547,Opet,False,False
HAS PETROL ÜRÜNLERİ TİC.VE.PAZ.LTD.ŞTİ,37.098431,28.37911,Opet,True,False
GÜVENCE ENERJİ GAYRİMENKUL ANONİM ŞİRKETİ,40.785446,29.38818,Opet,False,False
OPET MARKET VE AKARYAKIT İSTAS İŞLETMECİLİĞİ ANONİM ŞİRKETİ,41.1956,28.57,Opet,True,False
OPET MARKET VE AKARYAKIT İSTAS İŞLETMECİLİĞİ ANONİM ŞİRKETİ,41.1922,28.5709,Opet,True,False
ALİŞEROĞLU AKDENİZ PETROL VE PETROL ÜRÜNLERİ NAKLİYE,36.831652,36.195492,Opet,True,False
ALSANCAK AKSOY PETROL SANAYİ TİCARET LİMİTED ŞİRKETİ,40.874458,29.412574,Opet,False,False
BAŞARI AKRY. NAKLİYE OTO.İNŞ.T HAYV. GIDA TUR. SAN. TİC. LTD.,38.478077,27.0976,Opet,True,False
BAŞARI AKRY. NAKLİYE OTO.İNŞ.T HAYV. GIDA TUR. SAN. TİC. LTD.,38.422587,27.149732,Opet,True,False
AKAR MOTORLU TAŞITLAR AL. SAT.  YED. PAR. İNŞ. TUR. TAŞ.,39.654773,27.864421,Opet,True,False
DEM AŞ AKARYAKIT NAKLİYE İNŞ. HAYVANCILIK SAN. VE TİC. A.Ş.,37.4779,34.0472,Opet,True,False
GÜLTEKİNLER AKARYAKIT PETROL İTHALAT İHRACAT GIDA,39.556686,44.087169,Opet,True,False
SERHAD GRUP PETROL İNŞAAT KUYUMCULUK TARIM HAYVANCILIK,38.958639,41.036576,Opet,True,True
OPET MARKET VE AKARYAKIT İSTAS İŞLETMECİLİĞİ A.Ş,40.92882,29.436108,Opet,True,False
OPET MARKET VE AKARYAKIT İSTAS İŞLETMECİLİĞİ A.Ş,40.928969,29.439423,Opet,True,False
NİHAT KONDUMER PETROL ÜRÜNLERİ SANAYİ VE TİCARET,40.88102,29.23225,Opet,False,False
PETON ONUR PETROL ÜRÜNLERİ İNŞ SANAYİ TİCARET LİMİTED ŞİRKETİ,41.2612,36.315,Opet,False,False
ANS TUZ OTOMOTİV PETROL ÜRÜN. GIDA TURİZM.TİC.VE SAN.LTD.ŞTİ,38.631662,32.922932,Opet,True,False
BURDUR İHTİYAÇ MADDELERİ VE İNŞAAT SANAYİ TİCARET,37.720923,30.289404,Opet,False,False
BLUE PETROL ÜRÜNLERİ İNŞAAT TAAHHÜT SANAYİ VE,41.0294,28.7958,Opet,False,False
KÖKLER MİMARLIK MÜHENDİSLİK PE İNŞAAT VE TAAHHÜT İŞLERİ LİMİT,41.2816,27.9966,Opet,True,False
KENAN KARATAŞ İNŞAAT PETROL SANAYİ İÇ VE DIŞ TİCARET,41.016,28.8038,Opet,False,False
SEDAT ALTAY ZEYTİN YAĞ ZEYT ÜR PET TUR İNŞ PAZ SAN VE TİC LTD,38.520101,27.275657,Opet,True,False
KAREKSAN GIDA PETROL ÜRÜNLERİ SANAYİ VE TİCARET,40.898289,29.164125,Opet,False,False
SOĞANCILAR PETROL TURİZM MOBİL MEFRUŞAT TEKSTİL ÜRÜNLERİ SANA,41.212845,36.944069,Opet,False,False
KNC PETROL ÜRÜNLERİ İÇ VE DIŞ TİCARET LİMİTED ŞİRKETİ,40.999561,28.713709,Opet,False,False
BÜYÜKÇEKMECE PETROL GIDA İNŞAA TURİZM OTOMOTİV SANAYİ VE TİCA,41.023191,28.618808,Opet,False,False
HALİL AYDIN AKAR. İNŞ. TAAH. G NAK. HAFR. VE TİC. LTD. ŞTİ.,38.7843,35.2478,Opet,True,False
MY YAVUZLAR PETROL SANAYİ VE TİCARET LİMİTED ŞİRKETİ,37.569218,36.912743,Opet,False,False
ŞERAFETTİN ÇEBİ PETROL ÜRÜN. İ HAFRİYAT NAKLİYE TUR. SAN.,40.981726,27.554083,Opet,False,False
ACAMAR AKARYAKIT İNŞAAT SANAYİ TİCARET ANONİM ŞİRKETİ,40.658102,29.29186,Opet,True,False
BAYTAŞ AKARYAKIT NAKLİYAT İNŞA SANAYİ TİCARET LİMİTED ŞİRKETİ,37.5954,34.1732,Opet,True,False
OZT PETROL ÜRÜNLERİ TAŞIMACILI KİRALAMA LASTİK TARIM ÜRÜN.TİC,36.7679,34.5489,Opet,True,False
FLZ AKARYAKIT ENERJİ ÜRETİM İNŞAAT NAKLİYAT SAN. VE TİC. A,39.957206,32.691654,Opet,False,False
CK PETROL İNŞAAT TURİZM TİCARET LİMİTED ŞİRKETİ,37.0608,27.3397,Opet,False,False
BUHARA PETROL ÜRÜNLERİ SANAYİ TİCARET ANONİM ŞİRKETİ,41.02688,29.24269,Opet,True,False
OPET MARKET VE AKARYAKIT İSTAS İŞLETMECİLİĞİ A.Ş,38.952003,27.061961,Opet,True,False
OPET MARKET VE AKARYAKIT İSTAS İŞLETMECİLİĞİ A.Ş,38.954664,27.060169,Opet,True,False
OPET MARKET VE AKARYAKIT İSTAS İŞLETMECİLİĞİ A.Ş,38.660732,27.075878,Opet,True,False
OPET MARKET VE AKARYAKIT İSTAS İŞLETMECİLİĞİ A.Ş,38.664507,27.07375,Opet,True,False
EMTRAK OTOMOTİV SANAYİ VE TİCARET LİMİTED ŞİRKETİ,37.7825,30.5665,Opet,True,False
DURLANIK PETROL ÜRÜNLERİ TİCARET VE SANAYİ,39.78144,32.784184,Opet,True,False
BAŞ-TAŞ İNŞAAT SANAYİ VE TİCARET LİMİTED ŞİRKETİ,40.331388,27.891625,Opet,True,False
ÜNNAK MADENCİLİK PETROL  İNŞAAT TURİZM NAKLİYAT,37.958122,41.713062,Opet,True,False
DİCLEKENT PETROL ÜRÜN. İNŞ. SAN. TİC. LTD. ŞTİ.,37.939595,40.180306,Opet,True,False
OPET MARKET VE AKARYAKIT İSTAS İŞLETMECİLİĞİ ANONİM ŞİRKETİ,41.084773,29.332026,Opet,False,False
YÜKSEL PETROL ÜRÜNLERİ PAZARLA SANAYİ VE TİCARET LİMİTED ŞİRK,41.064208,28.982137,Opet,True,False
DMG PETROL SANAYİ TİCARET ANONİM ŞİRKETİ,38.620464,27.131669,Opet,True,False
YILSA İÇ VE DIŞ TİCARET GIDA SANAYİ LİMİTED ŞİRKETİ,37.2883,37.5751,Opet,True,False
KARABÜK ANADOLU PETROL VE TURİ SEYAHAT LTD. ŞTİ.,41.21519,32.648234,Opet,True,True
KARDELEN OTOMOTİV İNŞAAT SANAYİ VE TİCARET LİMİTED ŞİRK,37.864128,40.22212,Opet,True,False
YAŞAROĞLU ZÜMRÜT PETROL TURİZM TAAH. NAK. GIDA HAYVAN. MOB. O,41.00785,37.512374,Opet,True,False
TEMPET AKARYAKIT NAKLİYAT İNŞAAT SANAYİ VE TİCARET,41.097535,30.688243,Opet,True,False
ER-ANADOLU PETROL ÜRÜNLERİ OTO NAK. İNŞ. SAN. VE TİC. LTD. ŞT,39.898323,41.271297,Opet,True,False
TOPET TOKAT PETROL TUR. İNŞ. OTO. GIDA VE HAYVANCILIK,40.329307,36.557319,Opet,True,False
HİSAR PET.VE PET.ÜRN.OTO.ZİR.Ü OTEL VE GID.ÜRN.NAK.İNŞ.SAN.T.,39.101077,34.220897,Opet,True,False
AS KAR PETROL ENERJİ TİCARET VE SANAYİ LİMİTED ŞİRK,39.9245,40.7065,Opet,True,False
ARICI PETROL İNŞAAT ANONİM ŞİRKETİ,37.714913,27.385708,Opet,False,False
YB AKARYAKIT ÜRÜNLERİ TİC. LTD. ŞTİ.,39.57185,32.11394,Opet,True,False
ZYD PETROL ENERJİ BİLİŞİM TİCARET LİMİTED ŞİRKETİ,40.869015,29.334608,Opet,False,False
PRİME MOBİLE ELEKTRONİK LTD. Ş,38.371327,26.851123,Opet,True,False
TEKOĞLU AKARYAKIT İNŞ.OTO.GID. TURZ.İTH.İHR.SAN.VE TİC.LTD.ŞT,38.633824,27.438979,Opet,True,False
CEYNAK LOJİSTİK VE TİCARET A.Ş,41.0165,28.8117,Opet,False,True
TAŞELİ AKARYAKIT İNŞAAT NAKLİY GIDA TURİZM TİC. VE SAN. LTD.,36.3363,33.9057,Opet,True,False
NATÜREL PETROL İNŞAAT GIDA TUR NAKLİYE SANAYİ VE TİCARET LİMİ,40.874283,35.237263,Opet,True,False
KARBEYAZ AKARYAKIT PETROL VE TAŞIMACILIK ANONİM ŞİRKETİ,39.903564,32.813979,Opet,True,False
ALTINTAŞ TAŞIMACILIK OTOMOTİV GIDA HAYVANCILIK PETROLCÜLÜK,41.0991,42.714,Opet,True,False
GÜNGÖR KARDEŞLER PETR.TURZ. İNŞAAT NAK.GID.SAN.VE TİC.LTD.,40.900844,38.438793,Opet,True,False
İHSAN KOL,40.507416,34.910007,Opet,True,False
BİRLEŞİM BAŞAKŞEHİR AKARYAKIT VE PETROL ÜRÜNLERİ PAZARLAMA,41.1135,28.798,Opet,True,False
FİKA ENERJİ PETROL İNŞAAT TURİ GIDA LİMİTED ŞİRKETİ,40.916916,29.195698,Opet,True,False
DİNAMİK AKARYAKIT PETROL ÜRÜNLERİ SANAYİ VE TİCARET,39.678,32.745,Opet,True,False
DURMUŞ ALİ ÇIKLA,36.827227,31.336258,Opet,False,False
DİNAMİK AKARYAKIT PETROL ÜRÜNLERİ SANAYİ VE TİCARET,39.6763,32.7425,Opet,True,False
OPET MARKET VE AKARYAKIT İSTAS İŞLETMECİLİĞİ ANONİM ŞİRKETİ,38.4449,34.4331,Opet,True,False
OPET MARKET VE AKARYAKIT İSTAS İŞLETMECİLİĞİ ANONİM ŞİRKETİ,38.4438,34.4315,Opet,True,False
ASAL PETROL OTOMOTİV SANAYİ VE TİCARET ANONİM ŞİRKE,41.328388,36.2971,Opet,True,False
ATEŞ PETROLCÜLÜK ENERJİ TİCARET LİMİTED ŞİRKETİ,41.524883,35.970672,Opet,True,False
ATAKO K PETROLCÜLÜK ANONİM ŞİRKETİ,36.859115,34.759394,Opet,True,False
UĞURKAYA GIDA PETROL SANAYİ VE DIŞ TİCARET LİMİTED,37.868544,27.649057,Opet,False,False
HATTAT YAKIT A.Ş.,38.800236,35.596268,Opet,False,False
AÇIKDENİZ ALTERNATİF ENERJİ SİSTEMLERİ OTOMOTİV PAZARLAMA,40.760305,30.364348,Opet,True,False
DOĞUKENT HARPUT PET. ÜRN. NAK. GIDA İNŞ.TURZ.SAN.VE TİC.LTD.Ş,38.67461,39.256134,Opet,True,False
DENGİZ PETROL İNŞAAT GIDA TURİZM LİMİTED ŞİRKETİ,37.903076,39.965805,Opet,True,False
ALYAN PETROL ÜRÜNLERİ NAKLİYE İNŞAAT TAAHHÜT SANAYİ VE,37.774532,27.443461,Opet,True,False
AS PRESTİJ İNŞ.OTO.KOM.TUR.SEY ACEN.YAK.KON.GI.AKAR.LTD.ŞTİ.,39.596107,26.962044,Opet,True,False
ERDOĞANLAR TURİZM A.Ş.,36.9957,35.2614,Opet,True,False
PETROL 24 PETROL ÜRÜNLERİ PAZA SANAYİ VE TİCARET ANONİM ŞİRKE,39.7382,39.5221,Opet,True,False
ERDAĞI PETROL SAN. TİC. LTD. Ş,41.204,28.0768,Opet,False,False
BAŞTAŞ OTOMOTİV SANAYİ VE TİCARET AŞ,39.436959,30.000137,Opet,True,False
KURUBAŞ PETROL NAKLİYAT TİCARET LİMİTED ŞİRKETİ,36.715961,29.920274,Opet,True,False
İ.S. ERTÜRK PETROL TARIM ÜRÜNL GIDA NAKLİYAT TURİZM TEKEL ÜRÜ,37.9404,28.9215,Opet,False,False
BÜYÜKHANLI KARDEŞLER İNŞ.  TUR. VE TİCARET ANONİM ŞİRKET,39.878969,32.862003,Opet,False,False
ERDEM ANTALYA PETROL (SAKARYA) TİCARET ANONİM ŞİRKETİ,36.921672,30.676235,Opet,True,False
KEMKÖSE PETROL LPG GIDA İNŞAAT TURİZM ENERJİ OTOMOTİV,39.316914,26.72105,Opet,True,False
ATLI OTOMOTİV NAKLİYAT SANAYİ TİCARET LİMİTED ŞİRKETİ,40.8881,29.3749,Opet,False,False
ÖZ-NİDA PETROL VE PETROL ÜRÜNLERİ PAZARLAMA SAN.,40.796794,29.992251,Opet,True,False
METELER AKARYAKIT İNŞAAT TURİZM OTOMOTİV TİCARET,36.6333,29.1318,Opet,False,False
İZMAR PETROL LOJİSTİK TURİZM VE GIDA SANAYİ,38.501949,27.873827,Opet,True,False
C KAYA PETROL SANAYİ VE TİCARET LİMİTED ŞİRKETİ,37.2269,27.6927,Opet,True,False
YELKENBİÇER PETROL ÜRÜNLERİ TİCARET VE SANAYİ A.Ş.,38.459426,27.215243,Opet,True,False
AKKUŞ MOTORLU ARAÇLAR PETROL TURİZM İNŞ. SAN.,40.54649,34.92758,Opet,False,False
ÖRNEKPET AKARYAKIT VE PETROL ÜRÜNLERİ TURİZM TAŞIMACILIK,37.961759,27.372384,Opet,True,False
OPET MARKET VE AKARYAKIT İSTAS İŞLETMECİLİĞİ ANONİM ŞİRKETİ,41.005873,28.659661,Opet,True,False
TEMİZ GRUP ENERJİ AKARYAKIT İNŞAAT TURİZM TİCARET,36.9466,28.7352,Opet,False,False
KALE HAZIR BETON PETROL AKARYA ÜRÜNLERİ İNŞAAT MADENCİLİK HAF,39.720759,36.933926,Opet,True,True
AYTUR AKARYAKIT ENERJİ PETROL ÜRÜNLERİ SANAYİ TİCARET,38.6844,35.2382,Opet,True,False
MUHAMMET YILMAZ PETROL SANAYİ VE TİCARET LİMİTED ŞİRKETİ,38.686026,39.088653,Opet,False,False
GKM AKARYAKIT SANAYİ TİCARET LİMİTED ŞİRKETİ,40.848,33.2183,Opet,False,False
YUSUFOĞLU PETROL NAK. TAAH. VE TUR. TİC. SAN. LTD.ŞTİ.,41.233802,33.307362,Opet,False,False
İKETAŞ PETROL ÜRÜNLERİ SANAYİ VE TİCARET LİMİTED ŞİRKETİ,36.203331,36.150375,Opet,True,False
GOMAN ÇEVLİK PETROL LİMİTED ŞİRKETİ,39.9281,33.0065,Opet,False,False
YAŞAR PETROL TURİZM İNŞAAT MOBİLYA KUYUMCULUK NAKLİYE,41.068647,37.462741,Opet,True,False
LKS TURİZM TAŞIMACILIK ORGANİZ İNŞAAT LOJİSTİK VE PETROL ÜRÜN,41.152126,37.114791,Opet,False,False
ESRA PETROL TURİZM DİNLENME TE LOKANTA İŞL. ORMAN ÜRÜN.,37.828014,29.595653,Opet,False,False
ATİK ALTYAPI İNŞAAT PETROL SANAYİ VE,37.92064,40.22964,Opet,False,False
HKD DEMİR AKARYAKIT SANAYİ TİCARET LİMİTED ŞİRKETİ,41.1578,32.643036,Opet,False,False
KALE MADENCİLİK SANAYİ VE TİCARET ANONİM ŞİRKETİ,40.874828,26.662801,Opet,False,True
ARSEMİA PETROL LOJİSTİK GIDA İNŞAAT SANAYİ,37.79736,37.662659,Opet,False,False
ÖZET MÜHENDİSLİK ELEKTRİK İNŞA TAAHHÜT SANAYİ VE TİCARET LİMİ,40.814273,29.432003,Opet,False,False
SALİHLİ PETROL ÜRÜNLERİ GIDA İNŞAAT NAKLİYE SANAYİ,38.495158,28.180821,Opet,False,False
YUSUF AKARYAKIT ÜRÜNLERİ TURİZM SANAYİ VE,36.815814,34.595892,Opet,False,False
TORUNOĞULLARI YAPI TURİZM İNŞAAT TAAHHÜT SANAYİ VE,41.287222,36.202111,Opet,False,False
EDİRNE AKARYAKIT ÜRÜNLERİ VE PETROL HAYVANCILIK İNŞAAT,41.6373,26.6087,Opet,False,False
SALUT PETROL ÜRÜNLERİ İNŞAAT NAKLİYAT GIDA HAYVANCILIK TEKS,38.16589,41.50325,Opet,True,False
ÇALLI PETROL VE PETROL ÜRÜNLER İNŞAAT GIDA TURİZM MADENCİLİK,41.0154,28.8244,Opet,False,False
PRİNÇCİ PETROL ÜRÜNLERİ LPG NAKLİYE İNŞAAT TURİZM,40.657038,35.835608,Opet,True,False
ÜNYAZ OTOMOTİV PETROL ÜRÜNLERİ PAZ.SAN. VE TİC.A.Ş.,38.964947,33.513431,Opet,True,False
KUBİLAY ENDÜSTRİYEL MUTFAK MALZEMELERİ TEMİZLİK GIDA,38.647487,39.186462,Opet,True,False
BANKOĞLU PETROL ÜRÜNLERİ TAŞIMACILIK GIDA TİCARET VE,36.896431,31.21431,Opet,True,False
SARIÇAM PETROL İNŞAAT SANAYİ VE TİCARET LİMİTED ŞİRKETİ,38.3157,38.1426,Opet,False,False
MUSTAFA ALTUNBAŞ İNŞAAT TURİZM GIDA PETROL TARIM EMLAK OTOM.,36.9049,30.7139,Opet,False,False
BORDO MAVİ ENERJİ ELEKTRİK ÜRETİM TİCARET ANONİM ŞİRKETİ,40.985306,28.785816,Opet,True,False
DENİZ YALÇIN AKARYAKIT İNŞAAT NAKLİYE LİMİTED,38.451539,27.565293,Opet,False,False
İKRA PETROL YÖNETİM HİZMETLERİ İNŞAAT TURİZM TAŞIMACILIK TARI,37.394756,38.864239,Opet,False,False
SALTAN PETROLCÜLÜK ANONİM ŞİRK,37.511951,42.448184,Opet,False,False
MODA PETROL NAKLİYE İNŞAAT TİCARET LİMİTED ŞİRKETİ,40.772609,29.740812,Opet,True,False
OPET MARKET VE AKARYAKIT İSTAS İŞLETMECİLİĞİ ANONİM ŞİRKETİ,40.3984,26.6171,Opet,False,False
OPET MARKET VE AKARYAKIT İSTAS İŞLETMECİLİĞİ ANONİM ŞİRKETİ,40.3984,26.6143,Opet,False,False
SRT MÜHENDİSLİK İNŞAAT ELEKTRİ SANAYİ VE TİCARET LİMİTED ŞİRK,41.087,28.9505,Opet,False,False
ERDENİZ PETROL İNŞAAT MOB.TİC.,40.974205,37.928325,Opet,False,False
DÜZLER MARKET TARIM PETROL NAK TEKSTİL SANAYİ VE TİCARET LİMİ,38.9217,30.3688,Opet,False,False
DEMGÜN ENERJİ YAPI SANAYİ TİCARET LİMİTED ŞİRKETİ,37.395,37.131649,Opet,False,False
AVCILAR PETROL ÜRÜNLERİ TURİZM GIDA VE İNŞAAT NAKLİYAT SANAYİ,36.918213,31.064085,Opet,False,False
ERSZ AKARYAKIT LİMİTED ŞİRKETİ,40.751178,30.414842,Opet,False,False
DİCLE FIRAT PETROL İNŞAAT GIDA EMLAK MADENCİLİK NAKLİYE,37.881035,40.063156,Opet,False,False
ÖZYÜCELLER OTOMOTİV PETROL İNŞAAT GIDA HAYVANCILIK SANAYİ,39.81295,35.175503,Opet,False,False
MİKAİL AYDIN AKARYAKIT İNŞAAT  TAAHHÜT NAKLİYE HAFRİYAT GIDA,38.63064,35.76301,Opet,False,False
ARKE PETROL TAŞIMACILIK İNŞAAT SANAYİ TİCARET LİMİTED ŞİRKETİ,38.22154,27.93961,Opet,False,False
SEFA KUYUMCULUK İNŞAAT TİCARET TURİZM LTD. ŞTİ.,36.5987,30.5455,Opet,False,False
OSMANLI YAKIT ENERJİ VE PETROL ÜRÜNLERİ SANAYİ,38.73265,35.42593,Opet,False,False
SEVA AKARYAKIT SANAYİ VE TİCARET ANONİM ŞİRKETİ,37.023378,37.337412,Opet,False,False
ASMALI PETROL İNŞAAT  SANAYİ VE TİCARET LİMİTED,40.848991,31.083021,Opet,False,False
AYAMAK PETROL İNŞAAT TİCARET VE SANAYİ LİMİTED ŞİRKETİ,36.9183,30.7046,Opet,False,False
ALWAJI PETROL GIDA OTOMOTİV SANAYİ TİCARET LİMİTED ŞİRKETİ,41.204514,27.102671,Opet,False,False
ÖZDEN AKARYAKIT VE MADENİ YAĞ SANAYİ TİCARET ANONİM ŞİRK,41.051931,28.911166,Opet,False,False
EVCİ PETROL ÜRÜNLERİ TİCARET VE SANAYİ LİMİTED,37.809032,29.16523,Opet,False,False
AS PRESTİJ İNŞ.OTO.KOM.TURZ.SE ACEN.YAK.KONF.GIDA VE DAY.TÜK.,39.484348,26.936895,Opet,False,False
BURGEM AKARYAKIT GIDA NAKLİYE LİMİTED ŞİRKETİ,40.422679,29.155338,Opet,False,False
MERCANLAR PETROL ÜRÜNLERİ OTOMOTİV SANAYİ VE TİCARET,38.3198,27.138,Opet,False,False
ENDÜLÜS AKARYAKIT SANAYİ VE TİCARET LİMİTED ŞİRKETİ,39.18295,27.62678,Opet,False,True
GÜNDOĞAR PETROL ÜRÜNLERİ MOBİL  KUYUMCULUK İNŞAAT TAAHHÜT,40.7739,30.3827,Opet,False,False
İKTAŞ İNŞAAT TAAHHÜT PETROL ÜRÜNLERİ PAZARLAMA VE TİCARET,39.917072,41.276434,Opet,False,False
NİLDA MÜHENDİSLİK TİCARET LİMİTED ŞİRKETİ,41.073011,39.176409,Opet,False,False
MERTER PETROL NAKLİYAT SANAYİ VE TİCARET ANONİM ŞTİ.,40.677042,29.351298,Opet,False,False
DÖNÜŞÜM PETROL SANAYİ VE TİCARET ANONİM ŞİRKETİ,37.342567,42.175565,Opet,False,False
ÜSTÜNLER AKARYAKIT DAĞITIM PAZ NAKLİYE YAPI İNŞAAT TEKSTİL TU,40.19701,29.166039,Opet,False,False
YILSA İÇ VE DIŞ TİCARET GIDA SANAYİ LİMİTED ŞİRKETİ,37.095261,37.418261,Opet,False,False
AKYOL OTOGAZ AKARYAKIT TİCARET LİMİTED ŞİRKETİ,37.640354,29.216867,Opet,False,False
MERTER PETROL NAKLİYAT SANAYİ VE TİCARET ANONİM ŞİRKE,41.008101,28.881801,Opet,False,False
TUNACAN PETROL İNŞ.TUR.NAK. TİC.LTD.ŞTİ.,41.29422,27.54138,Opet,False,False
RAN PET PETROL GIDA TAŞIMACILI MADENCİLİK İNŞAAT SANAYİ,36.680645,34.414009,Opet,False,False
AYDOĞAN PETROL İNŞ. SAN.  TİC. LTD. ŞTİ.,38.4045,38.2235,Opet,False,False
MERCANLAR PETROL ÜRÜNLERİ OTOMOTİV SANAYİ VE TİCARET,38.3401,26.7793,Opet,False,False
SEVA AKARYAKIT SANAYİ VE TİCARET ANONİM ŞİRKETİ,37.055511,37.325394,Opet,False,False
ÖZLÜCE PETROL ANONİM ŞİRKETİ,40.250377,28.937168,Opet,False,False
KURTOĞLU PETROL TEKSTİL VE GID ÜRÜNLERİ SANAYİ VE TİCARET,41.3315,27.9707,Opet,False,False
ENİS OKUMUŞ AKARYAKIT TİCARET LİMİTED ŞİRKETİ,41.08337,28.99981,Opet,False,False
OPET MARKET VE AKARYAKIT İSTAS İŞLETMECİLİĞİ ANONİM ŞİRKETİ,41.117797,29.023826,Opet,False,False
ATEŞ AKARYAKIT DAĞITIM TİCARET ANONİM ŞİRKETİ,40.791397,29.423841,Opet,False,False
SEZER PETROL İNŞAAT NAK. DAYAN TÜKETİM MALLARI SANAYİ VE TİCA,40.942364,29.301062,Opet,False,False
OPALPET ENERJİ OTOMOTİV PETROL İNŞAAT SANAYİ VE,37.589795,36.83898,Opet,False,False
BAŞARANLAR AKARYAKIT TURİZM NA GIDA SANAYİ VE TİCARET,37.76385,38.273824,Opet,False,False
GANİOĞLU PETROL ÜRÜNLERİ MÜTEAHHİTLİK İNŞAAT TURİZM,36.557616,31.994158,Opet,False,False
MEGA PETROL İNŞAAT SANAYİ VE TİCARET LİMİTED ŞİRKETİ,37.844559,27.893246,Opet,False,False
KÜYAP PETROL SANAYİ VE TİCARET LİMİTED ŞİRKETİ,39.40056,30.01828,Opet,False,False
EKREM KIRALİ PETROL LİMİTED ŞİRKETİ,40.242164,40.244686,Opet,False,True
EMEK TİCARET LİMİTED ŞİRKETİ,39.575852,32.142932,Opet,False,False
FIRAT ANTREPOCULUK GÜMRÜKLEME PETROL İTHALAT İHRACAT SANAYİ,39.898396,44.061024,Opet,False,False
OPET MARKET VE AKARYAKIT İSTASYON İŞLETMECİLİĞİ,41.055195,29.188343,Opet,False,False
OPET MARKET VE AKARYAKIT İSTASYON İŞLETMECİLİĞİ,41.1991,29.148558,Opet,False,False
OPET MARKET VE AKARYAKIT İSTASYON İŞLETMECİLİĞİ,41.197498,29.146168,Opet,False,False
SAR-PET AKARYAKIT ÜRÜNLERİ GIDA PAZARLAMA SANAYİ,41.198742,27.829287,Opet,False,False
KUMCUOĞLU PETROL İNŞAAT  NAKLİYE OTOMOTİV VE GIDA,37.2531,36.4669,Opet,False,False
ÖZ PETROL OTOMOTİV İNŞAAT İNŞAAT TURİZM NAKLİYAT SANAYİ,39.899164,32.686877,Opet,False,False
SELAHATTİN KOÇAK,39.510671,35.358757,Opet,False,False
MSB PETROL ÜRÜNLERİ ENERJİ İNŞAAT NAKLİYAT,39.891281,32.926784,Opet,False,False
SARAÇOĞLU RESTORASYON İLETİŞİM İNŞAAT PETROL ÜRÜNLERİ OTOMOTİ,36.901932,30.73526,Opet,False,False
HÜSNA UZUN OTOMOTİV İNŞAAT AKARYAKIT TİCARET ANONİM ŞİRKE,36.89128,30.57632,Opet,False,False
S.S.G. İNŞAAT TAAHHÜT PETROL Ü SANAYİ VE TİCARET LİMİTED ŞİRK,40.21003,29.18601,Opet,False,False
FERHATOĞLU PETROL ÜRÜNLERİ TURİZM İNŞAAT OTOMOTİV VE GIDA,39.586426,26.887402,Opet,False,False
HAS PETROL ÜRÜNLERİ TİCARET VE PAZARLAMA,37.215447,28.348885,Opet,False,False
LİMAŞ PETROL SANAYİ VE TİCARET ŞİRKETİ,38.653627,39.255549,Opet,False,False
ÖZ YALÇINLAR AKARYAKIT GIDA İNŞAAT TURİZM NAK.,37.854893,27.553135,Opet,False,False
ÖZDEMİR PETROL ÜRÜNLERİ PETROL CİHAZLARI İNŞAAT VE,37.891113,32.470928,Opet,False,False
AKYAR AKARYAKIT İNŞAAT TAAHHÜT SANAYİ VE TİCARET ANONİM,38.6142,27.39202,Opet,False,False
PETAK AKARYAKIT LİMİTED ŞİRKET,36.897953,35.064785,Opet,False,False
BULUTLAR PETROL İNŞAAT NAKLİYE SANAYİ VE,38.408127,35.490158,Opet,False,False
ÖZ ÖZCANLAR PETROL ÜRÜNLERİ OTOMOTİV KUYUMCULUK İNŞAAT,41.9887,35.0944,Opet,False,False
ELİT YAPI İNŞAAT PETROL ÜRÜNLERİ MÜHENDİSLİK ZEMİN VE,37.939781,41.938969,Opet,False,False
OPET MARKET VE AKARYAKIT İSTAS İŞLETMECİLİĞİ A.Ş.,36.89991,30.7064,Opet,False,False
ESENYURT PETROL VE TİCARET ANONİM ŞİRKETİ,41.029316,28.682653,Opet,False,False
CİNKAYA PETROL OTOMOTİV SANAYİ VE TİCARET ANONİM ŞİRKETİ,37.7971,29.0423,Opet,False,False
OPET MARKET VE AKARYAKIT İSTAS İŞLETMECİLİĞİ ANONİM ŞİRKETİ,41.177655,28.748218,Opet,False,False
PETAK AKARYAKIT LİMİTED ŞİRKET,36.907387,35.070126,Opet,False,False
FİLDİŞİ PETROL ÜRÜNLERİ SANAYİ TİCARET LİMİTED ŞİRKETİ,41.019153,28.917784,Opet,False,False
OPET MARKET VE AKARYAKIT İSTAS İŞLETMECİLİĞİ ANONİM ŞİRKETİ,40.759148,30.388641,Opet,False,False
GÖÇMENTÜRK DAYANIKLI TÜK. MAL.TİC.VE TUR.LTD.ŞTİ.,36.463287,32.121018,Opet,False,False
SELCAN OTOMOTİV SANAYİ VE DIŞ TİCARET LİMİTED ŞİRKETİ,41.007164,28.928377,Opet,False,False
TULPAR MADENCİLİK VE PETROL SA TİCARET LİMİTED ŞİRKETİ,36.748352,31.523507,Opet,False,False
OPET MARKET VE AKARYAKIT İSTASYON İŞLETMECİLİĞİ,37.910496,28.849661,Opet,False,False
OPET MARKET VE AKARYAKIT İSTASYON İŞLETMECİLİĞİ,37.908714,28.85294,Opet,False,False
DRK KURUMSAL YAPI İNŞAAT VE TİCARET LİMİTED ŞİRKETİ,37.108318,38.65044,Opet,False,False
MOBİPA MOBİLYA TEKSTİL İNŞAAT NAKLİYE PETROL ÜRÜNLERİ,40.252524,28.955708,Opet,False,False
ÖM-KA PETROL ÜRÜNLERİ GIDA OTOMOTİV İNŞAAT VE ENERJİ,41.102116,27.945902,Opet,False,False
SEİS AKARYAKIT TURİZM ENERJİ İ TAAHHÜT İTHALAT İHRACAT SANAYİ,37.9139,28.34655,Opet,False,False
DAĞLIGİL PETROL NAKLİYE İNŞAAT SANAYİ VE TİCARET LİMİTED ŞİRK,38.676251,29.501211,Opet,False,False
HALİL ERDEM,40.288001,37.802121,Opet,False,False
SERİN PETROKİMYA SANAYİ VE TİCARET LİMİTED ŞİRKETİ,41.0752,28.9695,Opet,False,False
HRA LOJİSTİK VE DEPOLAMA ANONİ,36.803537,34.632702,Opet,False,False
AKDOĞAN PETROL TEKSTİL RESTOUR TAŞIMACILIK VE TURİZM SANAYİ V,38.54939,28.67522,Opet,False,False
AYKAL PETROL ÜRÜNLERİ TEKSTİL TARIM NAKLİYE MOTORLU,37.836598,40.657197,Opet,False,False
ATAK PETROL VE TİCARET ANONİM ŞİRKETİ,41.027079,28.626633,Opet,False,False
BURDUR İHTİYAÇ MADDELERİ VE İNŞAAT SANAYİ TİCARET,37.713799,30.249525,Opet,False,False
APEKSA TARIM DEĞERLENDİRME SANAYİ VE TİCARET ANONİM ŞİRKE,40.800795,30.412038,Opet,False,False
TOPRAK PETROL MADENCİLİK SANAY TİCARET LİMİTED ŞİRKETİ,37.510044,42.440916,Opet,False,False
MODOĞLU ENERJİ SANAYİ VE TİCARET ANONİM ŞİRKETİ,40.869148,29.281166,Opet,False,False
BUPET BURSA PETROL ÜRÜNLERİ SANAYİ VE TİCARET ANONİM ŞİRKE,40.20114,29.04005,Opet,False,False
HALİL PEKDEMİR ÇİFTLİĞİ GIDA VE İHTİYAÇ MADDELERİ TİCARET,37.748966,29.106264,Opet,False,False
SABIRLAR FINDIK İHRACAT LİMİTED ŞİRKETİ,40.963072,39.993367,Opet,False,False
MUSTAFA KAHRAMAN-FARUK KAHRAMA,36.48962,36.210569,Opet,False,False
CONVEY PETROL ÜRÜNLERİ SANAYİ VE TİCARET,41.0795,28.9305,Opet,False,False
KARBEL İZMİR KARABAĞLAR BELEDİ İNŞAAT TEMİZLİK TANITIM,38.402473,27.116745,Opet,False,False
KULU PETROL ÜRÜNLERİ DİNLENME TESİSLERİ NAKLİYE,39.09227,33.074276,Opet,False,False
KANAROĞLU GRUP AKARYAKIT TİCARET VE LİMİTED ŞİRKETİ,36.38244,33.95842,Opet,False,False
HASAN ÖZTOPRAK,38.70647,35.55534,Opet,False,False
GEDİK AKARYAKIT OTOMOTİV TURİZM SAN. VE TİC. LTD. ŞTİ.,41.264521,36.380622,Opet,False,False
TUNALAR AKARYAKIT NAKLİYAT TUR İNŞAAT OTOMOTİV SANAYİ VE,39.791252,37.099735,Opet,False,False
NURİ YILMAZ AKARYAKIT İNŞAAT TAAHÜT SANAYİ VE TİCARET,40.5795,36.925,Opet,False,False
HALİLOĞLU PETROL ÜRÜNLERİ PAZARLAMA SANAYİ VE TİCARET,40.958237,40.02372,Opet,False,False
OPET MARKET VE AKARYAKIT  İSTASYON İŞLETMECİLİĞİ,37.797876,27.941037,Opet,False,False
OPET MARKET VE AKARYAKIT İSTASYON İŞLETMECİLİĞİ,41.054867,29.186972,Opet,False,False
OPET MARKET VE AKARYAKIT İSTAS İŞLETMECİLİĞİ ANONİM ŞİRKETİ,41.097945,28.812331,Opet,False,False
ÖZSA UNLU MAMÜLLERİ VE EKMEK İMALATI SANAYİ,40.85222,29.3112,Opet,False,False
KILIÇÇIOĞLU PETROLCÜLÜK LİMİTED ŞİRKETİ,39.7561,27.9631,Opet,False,False
KILIÇÇIOĞLU PETROLCÜLÜK LİMİTED ŞİRKETİ,39.7577,27.9589,Opet,False,False
ÖZTÜRKLER ENERJİ ULAŞTIRMA VE PETROL İÇ DIŞ TİCARET,37.841377,27.833498,Opet,False,False
GÜVEN ELİF OTOYOL İŞLETMELERİ ANONİM ŞİRKETİ,41.092956,28.918648,Opet,False,False
YAP PET PETROL TİCARET LİMİTED ŞİRKETİ,40.178484,38.081625,Opet,False,False
GÖÇMENTÜRK DAYANIKLI TÜKETIM MALLARI TICARET VE TURIZM,36.553501,31.977391,Opet,False,False
OPET MARKET VE AKARYAKIT  İSTASYON İŞLETMECİLİĞİ,37.796916,27.939138,Opet,False,False
DEVECİ PETROL ÜRÜNLERİ SANAYİ VE TİCARET LİMİTED ŞİRK,39.736813,36.997547,Opet,False,False
YEŞİL BURSA PETROL ÜRÜNLERİ SANAYİ VE TİCARET LİMİTED ŞİRK,40.2105,29.0193,Opet,False,False
YALMAN PETROL ÜRÜNLERİ VE NAKLİYAT TİCARET,37.01376,35.303502,Opet,False,False
DÜNDAR HATİPOGLU AKARYAKIT İNŞ GIDA TARIM TURİZM NAKLİYAT SAN,38.804382,30.661129,Opet,False,False
FAHSEL OTOMOTİV AKARYAKIT ÜRÜNLERİ PAZARLAMA SANAYİ,40.824175,29.35198,Opet,False,False
BUZCAN SOĞUK DEPOLAMA VE İHRACAT,41.006965,28.871325,Opet,False,False
FURKAN PETROL ÜRÜNLERİ PAZARLAMA VE TİCARET,39.5381,29.4909,Opet,False,False
ÖZAYDIN PETROLCÜLÜK ANONİM ŞİR,37.350851,40.659393,Opet,False,False
AKDENİZLİ AKARYAKIT TAŞ. İNŞ.SAN. VE TİC.,36.559435,29.389237,Opet,False,False
ÖZGÜR PETROL İÇ VE DIŞ TİCARET VE SANAYİ LİMİTED ŞİRK,40.682652,36.563435,Opet,False,False
TTGS PETROL GRUP ANONİM ŞİRKET,37.056841,37.345391,Opet,False,False
SARITAŞ TURİZM İNŞAAT TİCARET NAKLİYAT,38.4616,27.3394,Opet,False,False
KILINÇERLER PETROL PETROL ÜRÜNLERİ İTHALAT İHRACAT,39.0028,43.3135,Opet,False,False
BATAKKÖYLÜ GIDA TARIM PET.ÜRN. TAŞ.HİZ.SAN.TİC.LTD.ŞTİ.,40.69283,30.62102,Opet,False,False
DOĞANPET GRUP PETROL LOJİSTİK OTOMOTİV ENERJİ GIDA,36.703056,34.451667,Opet,False,False
ÇAĞLAYANLAR AKARYAKIT TİCARET VE SANAYİ LİMİTED ŞİRK,39.06698,34.369482,Opet,False,False
YÜKSEL PETROL ÜRN. OTOMOTİV  ELEKTRİK ELEKTRONİK NAKLİYE T,38.053701,30.149795,Opet,False,False
ERDOĞAN KAYA,39.747749,39.46371,Opet,False,False
YILMAR ET VE ET ÜRN.TEKSTİL İNSAAT GIDA MARKET,40.214888,28.893935,Opet,False,False
BAUSAN BİNA PROJE ARAŞTIRMA SANAYİ ANONİM ŞİRKETİ,41.0242,29.0549,Opet,False,False
HATİPOĞLU PAZARLAMA PETROL ÜRÜNLERİ İTHALAT İHRACAT NAKLİ,38.814742,26.980849,Opet,False,False
AS ROYAL PETROL TİCARET LİMİTED ŞİRKETİ,41.032106,28.905484,Opet,False,False
YAMAÇ PETROL LİMİTED ŞİRKETİ,41.014145,29.189976,Opet,False,False
İSMAİL KAKAÇ PETROL ÜRÜNLERİ TİCARET VE SANAYİ,40.544997,34.945727,Opet,False,False
ÖZDEMİR PETROL ÜRÜNLERİ PETROL CİHAZLARI İNŞAAT VE OTOMOTİV,37.949167,32.498611,Opet,False,False
HARANİLER PETROLCULÜK NAKLİYAT TİCARET LİMİTED ŞİRKETİ,37.186681,33.233431,Opet,False,False
İŞBAŞARANLAR OTOMOTİV SANAYİ VE TİCARET,41.247097,26.685012,Opet,False,False
İKİZLER ERKAN YILMAZ PETROLCÜLÜK SANAYİ,37.0831,36.6466,Opet,False,False
1. MURAT PETROL OFISI,41.662883,26.578193,Petrol Ofisi,False,False
ADASARHANLI KÖYÜ PETROL OFISI,41.083913,26.355788,Petrol Ofisi,False,False
ADASARHANLI MERIÇ YOLU PETROL OFISI,41.086027,26.349995,Petrol Ofisi,False,False
BOSTANPAZARI CAD. PETROL OFİSİ,41.667306,26.558651,Petrol Ofisi,False,False
ÇÖPKÖY PETROL OFISI,41.225952,26.810944,Petrol Ofisi,False,False
EDIRNE MERKEZ,41.6680892,26.5712227,Petrol Ofisi,False,False
EDIRNE MERKEZ PETROL OFISI,41.667894,26.570829,Petrol Ofisi,False,False
EDIRNE YOLU,41.6266441,26.6240316,Petrol Ofisi,False,False
ENEZ PETROL OFISI,40.715519,26.105647,Petrol Ofisi,False,False
ENEZKAVŞAĞI,40.8376315,26.6227886,Petrol Ofisi,False,False
HAMIDIYE PETROL OFISI,41.1554158,26.6649839,Petrol Ofisi,False,False
HAMZABEYLI YOLU PETROL OFISI,41.787608,26.686532,Petrol Ofisi,False,False
HAVSA,41.5661804,26.8287998,Petrol Ofisi,False,False
HAVSA PETROL OFISI,41.540127,26.8175921,Petrol Ofisi,False,False
İPSALA ÇIKIŞI PETROL OFİSİ,40.87524,26.564237,Petrol Ofisi,False,False
İPSALA YOLU PETROL OFISI,40.88025,26.41878,Petrol Ofisi,False,False
İPSALA-M,40.9083173,26.3719585,Petrol Ofisi,False,False
KAPIKULE GIRIŞI PETROL OFISI,41.711742,26.375462,Petrol Ofisi,False,False
KEŞAN AĞADAYI TESISLERI PETROL OFISI,40.856135,26.621451,Petrol Ofisi,False,False
KEŞAN ÇIKIŞI İPSALA YÖNÜ PETROL OFISI,40.8754892,26.6070804,Petrol Ofisi,False,False
KEŞAN ESKI TERMINAL PETROL OFISI,40.855678,26.631037,Petrol Ofisi,False,False
KEŞAN GIRIŞI GELIBOLU YÖNÜ PETROL OFISI,40.825557,26.640846,Petrol Ofisi,False,False
KEŞAN GIRIŞI İSTANBUL YÖNÜ PETROL OFISI,40.87518,26.674251,Petrol Ofisi,False,False
KIREMITLIK,40.8702235,26.6293318,Petrol Ofisi,False,False
KOLAĞILI PETROL OFISI,41.587055,26.707122,Petrol Ofisi,False,False
LALAPAŞA PETROL OFISI,41.83867,26.742528,Petrol Ofisi,False,False
MERIÇ,41.230668,26.5180281,Petrol Ofisi,False,False
MERIÇ ÇIKIŞI PETROL OFISI,41.196688,26.4249788,Petrol Ofisi,False,False
MERIÇ PETROL OFISI,41.193012,26.421426,Petrol Ofisi,False,False
PAŞAYIĞIT PETROL OFISI,40.856093,26.320456,Petrol Ofisi,False,False
PAŞAYİĞİT PETROL OFİSİ,40.951942,26.637137,Petrol Ofisi,False,False
ŞÜKRÜPAŞA PETROL OFISI,41.68068,26.581659,Petrol Ofisi,False,False
UZUNKÖPRÜ ÇIKIŞI PETROL OFISI,41.2406659,26.6849615,Petrol Ofisi,False,False
UZUNKÖPRÜ HAVSA YOLU 2 PETROL OFISI,41.4389,26.81545,Petrol Ofisi,False,False
YENIKARPUZLU PETROL OFISI,40.840788,26.301707,Petrol Ofisi,False,False
1.SANAYI PETROL OFISI,38.431297,27.180284,Petrol Ofisi,False,False
AKÇAY - PETROL OFISI,38.316234,27.141285,Petrol Ofisi,False,False
ALIAĞA BELEDIYESI PETROL OFISI,38.790378,26.971065,Petrol Ofisi,False,False
ALOSBI PETROL OFISI,38.812119,27.036684,Petrol Ofisi,False,False
ANADOLU CADDESI PETROL OFISI,38.489412,27.070158,Petrol Ofisi,False,False
ARMUTLU PETROL OFISI,38.408755,27.522921,Petrol Ofisi,False,False
AYAKKABICILAR SITESI PETROL OFISI,38.429819,27.232032,Petrol Ofisi,False,False
AYRANCILAR PETROL OFISI,38.237187,27.28423,Petrol Ofisi,False,False
BAĞYURDU 2 PETROL OFISI,38.416855,27.636486,Petrol Ofisi,False,False
BAĞYURDU ORGANIZE PETROL OFISI,38.487862,27.626984,Petrol Ofisi,False,False
BAĞYURDU PETROL OFISI,38.413998,27.622707,Petrol Ofisi,False,False
BAKIRÇAY,39.1168561,27.2008409,Petrol Ofisi,False,False
BALATCIK,38.5134448,27.0437723,Petrol Ofisi,False,False
BAYINDIR ÇEVRE YOLU PETROL OFİSİ,38.21459,27.65956,Petrol Ofisi,False,False
BAYINDIR PETROL OFISI,38.192249,27.5341,Petrol Ofisi,False,False
BAYRAKLI PETROL OFISI,38.45121,27.171432,Petrol Ofisi,False,False
BEGOS PETROL OFİSİ,38.3946884,27.2037623,Petrol Ofisi,False,False
BELEVİ YOLU PETROL OFİSİ,38.084218,27.713511,Petrol Ofisi,False,False
BELKAHVE,38.4546194,27.3122751,Petrol Ofisi,False,False
BERGAMA,39.1164104,27.1765362,Petrol Ofisi,False,False
BERGAMA - YENIKENT PETROL OFISI,39.006671,27.063316,Petrol Ofisi,False,False
BERGAMA ÇEVREYOLU,39.0697801,27.1162945,Petrol Ofisi,False,False
BERGAMA MERKEZ PETROL OFISI,39.095302,27.141944,Petrol Ofisi,False,False
BERGAMA PETROL OFISI,39.072025,27.116959,Petrol Ofisi,False,False
BEYDAĞ PETROL OFISI,38.091178,28.211721,Petrol Ofisi,False,False
BORNOVA PETROL OFISI,38.182537,27.354169,Petrol Ofisi,False,False
BORNOVA PETROL OFİSİ,38.4587,27.2093,Petrol Ofisi,False,False
BORNOVA SANAYI,38.4447189,27.1997992,Petrol Ofisi,False,False
BOZYAKA PETROL OFISI,38.397196,27.131233,Petrol Ofisi,False,False
BOZYAKA PETROL OFİSİ,38.3982,27.1294186,Petrol Ofisi,False,False
BUCA PETROL OFISI,38.371938,27.166392,Petrol Ofisi,False,False
BURUNCUK,38.6692214,27.0227415,Petrol Ofisi,False,False
ÇAMBEL PETROL OFISI,38.449807,27.500774,Petrol Ofisi,False,False
ÇAMLI,38.318,26.8608364,Petrol Ofisi,False,False
ÇANDARLI,38.9389445,26.9390721,Petrol Ofisi,False,False
CEMALETTİN AKSU CADDESİ PETROL OFİSİ,38.711648,26.987469,Petrol Ofisi,False,False
ÇEŞME,38.3019647,26.3696124,Petrol Ofisi,False,False
ÇEŞME ASFALTI PETROL OFISI,38.301781,26.37006,Petrol Ofisi,False,False
ÇEŞME ILICA PETROL OFISI,38.318197,26.333732,Petrol Ofisi,False,False
ÇEVRE YOLU / LIMONTEPE 1 PETROL OFISI,38.374677,27.075923,Petrol Ofisi,False,False
ÇEVRE YOLU / LIMONTEPE 2 PETROL OFISI,38.376056,27.073279,Petrol Ofisi,False,False
ÇIĞLI ATA SANAYI PETROL OFISI,38.491745,27.041259,Petrol Ofisi,False,False
ÇIMENTAŞ,38.4289176,27.2173751,Petrol Ofisi,False,False
DIKILI,39.0587708,26.8871606,Petrol Ofisi,False,False
DIKILI 2 PETROL OFISI,39.080071,26.921701,Petrol Ofisi,False,False
DIKILI KAVŞAĞI,39.0866421,26.9167752,Petrol Ofisi,False,False
DIKILI SALIHLERALTI PETROL OFISI,39.1676,26.8386,Petrol Ofisi,False,False
EFES,37.9410084,27.3647126,Petrol Ofisi,False,False
EGE ÜNİVERSİTESİ - PETROL OFİSİ,38.465836,27.227686,Petrol Ofisi,False,False
ESKI IZMIR,38.3796909,27.1131275,Petrol Ofisi,False,False
FIRAT,38.3810171,27.1351426,Petrol Ofisi,False,False
FOÇA PETROL OFISI,38.665481,26.75634,Petrol Ofisi,False,False
FOÇA YOLU PETROL OFISI,38.735196,26.934163,Petrol Ofisi,False,False
GAZIEMIR MERKEZ,38.3317921,27.1353476,Petrol Ofisi,False,False
GAZIEMIR PETROL OFISI,38.330051,27.135361,Petrol Ofisi,False,False
GÜRÇEŞME PETROL OFİSİ,38.401658,27.148985,Petrol Ofisi,False,False
GÜZELBAHÇE,38.3667132,26.8735718,Petrol Ofisi,False,False
GÜZELBAHÇE 1 PETROL OFISI,38.360366,26.872854,Petrol Ofisi,False,False
GÜZELBAHÇE 2 PETROL OFISI,38.357681,26.870661,Petrol Ofisi,False,False
HATAY PETROL OFISI,38.402634,27.113337,Petrol Ofisi,False,False
ILICA,38.303396,26.3654863,Petrol Ofisi,False,False
İNCİRALTI PETROL OFİSİ,38.394308,27.0372934,Petrol Ofisi,False,False
İZMIR ÇAMBEL,38.4507533,27.5571,Petrol Ofisi,False,False
İZMIR OTOGAR PETROL OFISI,38.430599,27.211942,Petrol Ofisi,False,False
KAMİL TUNCA PETROL OFİSİ,38.431079,27.198648,Petrol Ofisi,False,False
KAPILAR,38.4222769,27.1514274,Petrol Ofisi,False,False
KARABAĞLAR - PETROL OFİSİ,38.357653,27.13508,Petrol Ofisi,False,False
KARABAĞLAR-1,38.3549695,27.1336174,Petrol Ofisi,False,False
KEMALPAŞA MERKEZ PETROL OFİSİ,38.437252,27.399244,Petrol Ofisi,False,False
KEMALPAŞA OSB PETROL OFISI,38.458048,27.410764,Petrol Ofisi,False,False
KEMALPAŞA PETROL OFISI,38.475528,27.603248,Petrol Ofisi,False,False
KEMALPAŞA YOLU,38.4447066,27.3791952,Petrol Ofisi,False,False
KEMALPAŞA/ÖRNEKKÖY PETROL OFISI,38.415901,27.476036,Petrol Ofisi,False,False
KENT HASTANESI PETROL OFISI,38.491313,27.051604,Petrol Ofisi,False,False
KINIK 2 PETROL OFISI,39.123153,27.451112,Petrol Ofisi,False,False
KINIK ÇEVREYOLU PETROL OFİSİ,39.101112,27.371444,Petrol Ofisi,False,False
KINIK PETROL OFISI,39.087983,27.373947,Petrol Ofisi,False,False
KIRAZ,38.2315106,28.2159194,Petrol Ofisi,False,False
KONAK PETROL OFİSİ,38.397934,27.131269,Petrol Ofisi,False,False
KUŞÇUBURUN,38.2129663,27.3318791,Petrol Ofisi,False,False
MANAS BULVARI,38.4585706,27.1751341,Petrol Ofisi,False,False
MENDERES 2 PETROL OFISI,38.088094,27.183633,Petrol Ofisi,False,False
MENDERES İZMIR,38.1637762,27.1571057,Petrol Ofisi,False,False
MENDERES PETROL OFISI,38.222208,27.137315,Petrol Ofisi,False,False
MENEMEN 1 PETROL OFISI,38.612613,27.072662,Petrol Ofisi,False,False
MENEMEN 2 PETROL OFISI,38.611022,27.103328,Petrol Ofisi,False,False
MENEMEN M,38.6764178,27.0164082,Petrol Ofisi,False,False
MERSINLI PETROL OFISI,38.441447,27.18039,Petrol Ofisi,False,False
MORDOĞAN PETROL OFISI,38.510449,26.616244,Petrol Ofisi,False,False
NALDÖKEN PETROL OFISI,38.454641,27.259183,Petrol Ofisi,False,False
NARLIDERE PETROL OFISI,38.396605,27.024545,Petrol Ofisi,False,False
ÖDEMIŞ,38.2277874,27.9814966,Petrol Ofisi,False,False
ÖDEMIŞ GERELI PETROL OFISI,38.201508,28.040991,Petrol Ofisi,False,False
ÖDEMIŞ PETROL OFISI,38.223768,27.956026,Petrol Ofisi,False,False
ÖREN PETROL OFISI,38.41032,27.584801,Petrol Ofisi,False,False
ÖZDERE,38.0034372,27.1223531,Petrol Ofisi,False,False
ÖZDERE PETROL OFISI,38.047389,27.055292,Petrol Ofisi,False,False
ÖZKANLAR,38.4567876,27.1854778,Petrol Ofisi,False,False
PANCAR,38.2299318,27.2687018,Petrol Ofisi,False,False
PINARBAŞI - İZMIR,38.4392581,27.2553772,Petrol Ofisi,False,False
PINARBAŞI PETROL OFİSİ,38.439351,27.254658,Petrol Ofisi,False,False
RAHMANLAR,38.2172959,27.9188781,Petrol Ofisi,False,False
REISDERE PETROL OFISI,38.329701,26.42301,Petrol Ofisi,False,False
SARNIÇ,38.3079905,27.1570208,Petrol Ofisi,False,False
SEFERIHISAR KUŞADASI YOLU PETROL OFISI,38.177655,26.831107,Petrol Ofisi,False,False
SEFERIHISAR MERKEZ PETROL OFISI,38.208696,26.830841,Petrol Ofisi,False,False
SELÇUK PETROL OFISI,37.954993,27.371941,Petrol Ofisi,False,False
SÜTÇÜLER PETROL OFISI,38.45449,27.446551,Petrol Ofisi,False,False
TIRE PETROL OFISI,38.105227,27.714183,Petrol Ofisi,False,False
TORBALI - ÇAYBAŞI PETROL OFISI,38.13173,27.380049,Petrol Ofisi,False,False
TORBALI 1 PETROL OFISI,38.169873,27.35856,Petrol Ofisi,False,False
TORBALI MERKEZ,38.1784147,27.355038,Petrol Ofisi,False,False
ULUKENT MERKEZ,38.5485975,27.0370156,Petrol Ofisi,False,False
ULUKENT PETROL OFISI,38.564266,27.049011,Petrol Ofisi,False,False
URLA 1 PETROL OFISI,38.337067,26.771515,Petrol Ofisi,False,False
URLA İZMIR,38.3346068,26.7677865,Petrol Ofisi,False,False
URLA SANAYİ PETROL OFİSİ,38.322041,26.752665,Petrol Ofisi,False,False
URLA YOLU,38.3454008,26.7884324,Petrol Ofisi,False,False
XXX,38.711648,26.987469,Petrol Ofisi,False,False
YAMANLAR,38.4744737,27.1305088,Petrol Ofisi,False,False
YAZIBAŞI PETROL OFISI,38.22186,27.314419,Petrol Ofisi,False,False
YENI ŞAKRAN PETROL OFISI,38.887492,27.066263,Petrol Ofisi,False,False
YENIKENT PETROLOFISI,38.3363266,26.7713413,Petrol Ofisi,False,False
YEŞİLLİK PETROL OFİSİ,38.386269,27.134428,Petrol Ofisi,False,False
19 MAYIS CADDESI PETROL OFISI,37.70893,33.542675,Petrol Ofisi,False,False
ABDÜLHAMİT HAN PETROL OFİSİ,37.94321,32.476428,Petrol Ofisi,False,False
AKŞEHIR,38.3596536,31.423,Petrol Ofisi,False,False
AKŞEHIR İSTANBUL YOLU PETROL OFISI,38.373012,31.437262,Petrol Ofisi,False,False
ALTINEKIN PETROL OFISI,38.309885,32.850012,Petrol Ofisi,False,False
ANAFARTALAR CADDESI PETROL OFISI,37.5059,34.0348,Petrol Ofisi,False,False
ANKARA ÇIKIŞI PETROL OFİSİ,38.032383,32.643547,Petrol Ofisi,False,False
ANTALYA YOLU,37.8281364,32.4748582,Petrol Ofisi,False,False
ASLIM CADDESİ PETROL OFİSİ,37.914287,32.555626,Petrol Ofisi,False,False
ATÇEKEN PETROL OFİSİ,38.680929,32.923098,Petrol Ofisi,False,False
BARIŞ CADDESI,37.9281065,32.4949076,Petrol Ofisi,False,False
BEYHEKIM,37.9817467,32.5051376,Petrol Ofisi,False,False
BEYŞEHIR,37.6965636,31.7267166,Petrol Ofisi,False,False
BEYŞEHIR ÇEVREYOLU PETROL OFISI,37.891267,32.468704,Petrol Ofisi,False,False
BEYŞEHİR GEMBOS ANTALYA YOLU PETROL OFİS,37.576996,31.563518,Petrol Ofisi,False,False
BEYŞEHIR HUĞLU PETROL OFISI,37.478922,31.581161,Petrol Ofisi,False,False
BEYŞEHIR KONYA YOLU PETROL OFISI,37.713329,31.75012,Petrol Ofisi,False,False
BEYŞEHIR PETROL OFISI,37.689221,31.724291,Petrol Ofisi,False,False
BUGDAYPAZARI,37.5140311,34.0453342,Petrol Ofisi,False,False
BÜSAN KONYA,37.9208232,32.5243699,Petrol Ofisi,False,False
ÇELTIK PETROL OFISI,38.92409,32.084625,Petrol Ofisi,False,False
ÇEVREYOLU,37.8763219,32.5466604,Petrol Ofisi,False,False
CIHANBEYLI,38.6560701,32.917989,Petrol Ofisi,False,False
CIHANBEYLI ORGANIZE,38.6397261,32.9269028,Petrol Ofisi,False,False
ÇUMRA,37.5699079,32.7846026,Petrol Ofisi,False,False
ÇUMRA KARKIN KASABASI PETROL OFISI,37.675272,32.884606,Petrol Ofisi,False,False
ÇUMRA PETROL OFISI,37.572201,32.771435,Petrol Ofisi,False,False
ELMALI CADDESI,37.9607785,32.4992807,Petrol Ofisi,False,False
EMIRGAZI PETROL OFISI,37.92489,33.917959,Petrol Ofisi,False,False
EREĞLİ - KARAMAN YOLU PETROL OFISI,37.485221,33.999777,Petrol Ofisi,False,False
EREĞLI - KARAPINAR YOLU PETROL OFISI,37.551276,33.985198,Petrol Ofisi,False,False
EREĞLI MAKASI PETROL OFISI,37.659524,34.34191,Petrol Ofisi,False,False
EREĞLI MERKEZ PETROL OFISI,37.517267,34.052226,Petrol Ofisi,False,False
ESKI GARAJ,37.866059,32.5005949,Petrol Ofisi,False,False
GÜNAYDINLAR DINLENME TESISI PETROL OFISI,37.45194,31.862242,Petrol Ofisi,False,False
HOCACIHAN,37.8778597,32.4677026,Petrol Ofisi,False,False
HOROZLUHAN,37.9404025,32.5121886,Petrol Ofisi,False,False
HOROZLUHAN PETROL OFISI,37.927111,32.516452,Petrol Ofisi,False,False
HORTU,37.584877,33.9387985,Petrol Ofisi,False,False
ILGIN,38.2878449,31.9255216,Petrol Ofisi,False,False
ILGIN CAMIATIK MAHALLESI PETROL OFISI,38.289277,31.911966,Petrol Ofisi,False,False
İNLICE,37.7505685,32.1017597,Petrol Ofisi,False,False
KADINHANI PETROL OFİSİ,38.234159,32.200922,Petrol Ofisi,False,False
KARABURUNALTI,39.1201468,33.0929812,Petrol Ofisi,False,False
KARAMAN YOLU PETROL OFİSİ,37.509942,34.026762,Petrol Ofisi,False,False
KARAPINAR,37.7135697,33.5319939,Petrol Ofisi,False,False
KARAPINAR MERKEZ PETROL OFISI,37.715158,33.513825,Petrol Ofisi,False,False
KARAPINAR-2,37.7144434,33.568716,Petrol Ofisi,False,False
KARATAY PETROL OFİSİ,37.886595,32.542377,Petrol Ofisi,False,False
KIZILÖREN PETROL OFİSİ,37.891617,32.14278,Petrol Ofisi,False,False
KOLUKISA KASABASI PETROL OFISI,38.516149,32.26527,Petrol Ofisi,False,False
KONYA BILIM,37.9926712,32.5981007,Petrol Ofisi,False,False
KONYA EREĞLI YOLU PETROL OFISI,37.868523,32.552512,Petrol Ofisi,False,False
KONYA ORGANIZE,38.0251503,32.6334272,Petrol Ofisi,False,False
KONYA OTOGAR,37.9479343,32.506002,Petrol Ofisi,False,False
KULU ANKARA YOLU PETROL OFISI,39.080213,33.066125,Petrol Ofisi,False,False
KULU MAKASI PETROL OFISI,39.182451,33.129164,Petrol Ofisi,False,False
KULU MAKASI PETROL OFİSİ,39.182331,33.127071,Petrol Ofisi,False,False
LALEBAHÇE,37.856475,32.4711139,Petrol Ofisi,False,False
LALEBAHÇE PETROL OFISI,37.848347,32.456771,Petrol Ofisi,False,False
MERAM - KARAMAN YOLU PETROL OFİSİ,37.7703568,32.5330831,Petrol Ofisi,False,False
NAKIPOĞLU PETROL OFISI,37.877259,32.501802,Petrol Ofisi,False,False
NALÇACI PETROL OFISI,37.882714,32.490531,Petrol Ofisi,False,False
PANKOBIRLIK,37.5278202,34.0177785,Petrol Ofisi,False,False
REAL AVM PETROL OFISI,37.949167,32.498611,Petrol Ofisi,False,False
SANCAK,37.9480826,32.5294662,Petrol Ofisi,False,False
SARAYÖNÜ,38.256087,32.4081332,Petrol Ofisi,False,False
SARAYÖNÜ PETROL OFISI,38.213848,32.334229,Petrol Ofisi,False,False
SEYDIŞEHIR,37.428782,31.8488955,Petrol Ofisi,False,False
TATLICAK,37.8576151,32.6328892,Petrol Ofisi,False,False
TELEFONCULAR,37.9327389,32.5255028,Petrol Ofisi,False,False
TOROS ANKARA YOLU PETROL OFISI,37.89846,32.507018,Petrol Ofisi,False,False
TOROS KARAMAN YOLU PETROL OFISI,37.799186,32.522616,Petrol Ofisi,False,False
TŞOF KULU PETROL OFISI,39.26982,32.969332,Petrol Ofisi,False,False
TUZYAKA PETROL OFISI,38.959947,33.213857,Petrol Ofisi,False,False
ULUPINAR,38.4390783,31.3311876,Petrol Ofisi,False,False
VEYSEL KARANI PETROL OFISI,37.982311,32.522665,Petrol Ofisi,False,False
YAZIR,37.9551328,32.5142716,Petrol Ofisi,False,False
YENI TREN GARI PETROL OFISI,37.896217,32.497776,Petrol Ofisi,False,False
YILANYUSUF,38.3186073,31.5761227,Petrol Ofisi,False,False
YUNAK,38.8155986,31.7592281,Petrol Ofisi,False,False
YUNAK PETROL OFISI,38.812483,31.744888,Petrol Ofisi,False,False
YUNAKSANAYI,38.8053189,31.7388072,Petrol Ofisi,False,False
ZIYA GÖKALP MAHALLESI PETROL OFISI,37.526889,34.062761,Petrol Ofisi,False,False
19 MAYIS PETROL OFISI,41.492491,36.08322,Petrol Ofisi,False,False
AĞCAGÜNEY PETROL OFISI,41.146225,36.596086,Petrol Ofisi,False,False
ALAÇAM,41.5997518,35.7726086,Petrol Ofisi,False,False
ALAÇAM PETROL OFISI,41.611703,35.703803,Petrol Ofisi,False,False
ATAKUM,41.3309062,36.290249,Petrol Ofisi,False,False
BAFRA ALAÇAM YOLU PETROL OFISI,41.602588,35.752702,Petrol Ofisi,False,False
BAFRA KÖPRÜBAŞI MEVKII PETROL OFISI,41.564428,35.886608,Petrol Ofisi,False,False
BAFRA MERKEZ PETROL OFISI,41.556935,35.907142,Petrol Ofisi,False,False
ÇAKALLI PETROL OFISI,41.138667,36.123895,Petrol Ofisi,False,False
CANIK-1,41.2562835,36.3280811,Petrol Ofisi,False,False
CANIK-2,41.2558749,36.3239485,Petrol Ofisi,False,False
ÇARŞAMBA,41.2189761,36.6364739,Petrol Ofisi,False,False
ÇARŞAMBA ALLI PETROL OFISI,41.256772,36.735597,Petrol Ofisi,False,False
ÇARŞAMBA DÖNÜŞ PETROL OFISI,41.223477,36.599615,Petrol Ofisi,False,False
ÇARŞAMBA HASTANE PETROL OFISI,41.2083,36.7469,Petrol Ofisi,False,False
ÇARŞAMBA OTOGAR İÇI PETROL OFISI,41.206257,36.699726,Petrol Ofisi,False,False
DEREKÖY PETROL OFİSİ,41.452373,36.128002,Petrol Ofisi,False,False
DIKBIYIK PETROL OFISI,41.218275,36.612236,Petrol Ofisi,False,False
HAVZA PETROL OFISI,40.994165,35.73767,Petrol Ofisi,False,False
KIZILOT PETROL OFISI,41.279879,36.743019,Petrol Ofisi,False,False
LADIK PETROL OFISI,40.925689,35.897417,Petrol Ofisi,False,False
SAMSUN,41.3008008,36.3313278,Petrol Ofisi,False,False
SAMSUN ANKARA YOLU ÇIKIŞ PETROL OFISI,41.291605,36.273561,Petrol Ofisi,False,False
SAMSUN ÇEVREYOLU PETROL OFISI,41.25266,36.311848,Petrol Ofisi,False,False
SAMSUN HAVAALANI PETROL OFISI,41.235862,36.556397,Petrol Ofisi,False,False
SAMSUN KARAYOLLARI KAVŞAK PETROL OFISI,41.302222,36.296613,Petrol Ofisi,False,False
SAMSUN ORGANIZE SANAYI PETROL OFISI,41.2309755,36.4267896,Petrol Ofisi,False,False
SAMSUN ÖRNEK SANAYI KAVŞAĞI PETROL OFISI,41.2405213,36.4055352,Petrol Ofisi,False,False
SAMSUN ÖRNEK SANAYI YANYOL PETROL OFISI,41.232347,36.417825,Petrol Ofisi,False,False
SAMSUN OTOGAR İÇI PETROL OFISI,41.288474,36.289008,Petrol Ofisi,False,False
SAMSUN OTOGAR ÖNÜ PETROL OFISI,41.286071,36.288926,Petrol Ofisi,False,False
ŞEYHÖREN KÖYÜ PETROL OFISI,41.644095,35.959638,Petrol Ofisi,False,False
TEKKEKÖY BÜYÜKLÜ PETROL OFISI,41.145965,36.505377,Petrol Ofisi,False,False
TERME ÇIKIŞ PETROL OFISI,41.15905,37.09021,Petrol Ofisi,False,False
TERME GIRIŞ PETROL OFISI,41.2200403,36.8252293,Petrol Ofisi,False,False
TERME PETROL OFISI,41.196302,36.961369,Petrol Ofisi,False,False
VEZIRKÖPRÜ - DURAĞAN YOLU PETROL OFISI,41.180725,35.308461,Petrol Ofisi,False,False
VEZIRKÖPRÜ ÇALKÖY PETROL OFISI,41.151135,35.491345,Petrol Ofisi,False,False
VEZIRKÖPRÜ MERKEZ PETROL OFISI,41.148327,35.458946,Petrol Ofisi,False,False
2000 EVLER PETROL OFISI,38.667951,34.738988,Petrol Ofisi,False,False
ACIGÖL 1 PETROL OFISI,38.548209,34.497736,Petrol Ofisi,False,False
ACIGÖL 2 PETROL OFISI,38.551023,34.522764,Petrol Ofisi,False,False
BAŞDERE KASABASI PETROL OFISI,38.5558,35.08332,Petrol Ofisi,False,False
BOĞAZ KÖYÜ PETROL OFISI,38.573899,34.656799,Petrol Ofisi,False,False
ÇALIŞ KASABASI PETROL OFISI,38.992296,34.860551,Petrol Ofisi,False,False
CEVHER DUDAYEV BULVARI PETROL OFISI,38.634623,34.700767,Petrol Ofisi,False,False
GÖRE 1 PETROL OFISI,38.594868,34.718409,Petrol Ofisi,False,False
GÖRE 2 PETROL OFISI,38.607094,34.719642,Petrol Ofisi,False,False
GÜLŞEHIR PETROL OFISI,38.743624,34.641985,Petrol Ofisi,False,False
İNALLI PETROL OFISI,38.569946,34.50733,Petrol Ofisi,False,False
KAYMAKLI PETROL OFİSİ,38.457812,34.749849,Petrol Ofisi,False,False
KOZAKLI,39.1876948,34.8397402,Petrol Ofisi,False,False
KOZAKLI PETROL OFISI,39.225322,34.847663,Petrol Ofisi,False,False
NEVŞEHİR - BAHÇELIEVLER PETROL OFISI,38.6356,34.710928,Petrol Ofisi,False,False
NEVŞEHİR - FEVZI ÇAKMAK PETROL OFISI,38.611447,34.694384,Petrol Ofisi,False,False
NEVŞEHIR EMNIYET OTOMOTIV,38.6017453,34.6804888,Petrol Ofisi,False,False
ORTAHİSAR PETROL OFİSİ,38.612893,34.837402,Petrol Ofisi,False,False
ÖZKONAK PETROL OFISI,38.813155,34.845827,Petrol Ofisi,False,False
SOFULAR KÖYÜ PETROL OFISI,38.741154,35.023378,Petrol Ofisi,False,False
TERMINAL KAVŞAĞI PETROL OFISI,38.594063,34.674657,Petrol Ofisi,False,False
ÜRGÜP PETROL OFISI,38.621172,34.914095,Petrol Ofisi,False,False
34. CADDE PETROL OFISI,36.772822,34.549431,Petrol Ofisi,False,False
ADANA BATI,36.9827164,35.1062241,Petrol Ofisi,False,False
ADANALIOĞLU PETROL OFISI,36.870075,34.791514,Petrol Ofisi,False,False
ANAMUR,36.0794504,32.8468701,Petrol Ofisi,False,False
ANIT PETROL OFİSİ,36.81792,34.60713,Petrol Ofisi,False,False
ANKARA ASFALTI PETROL OFISI,36.954468,34.938026,Petrol Ofisi,False,False
APAK AKARYAKIT TAŞIMACILIK OTOMOTİV İNŞ İLETİŞİM GIDA SANAYİ,36.955996,35.00354,Petrol Ofisi,False,False
ATAŞ KAVŞAĞI PETROL OFİSİ,36.830115,34.686104,Petrol Ofisi,False,False
ATAYURT,36.3813418,34.0285201,Petrol Ofisi,False,False
BAĞLARBAŞI PETROL OFISI,36.893712,34.846476,Petrol Ofisi,False,False
BOZYAZI MERKEZ PETROL OFISI,36.105547,32.969777,Petrol Ofisi,False,False
ÇAMLIYAYLA PETROL OFISI,37.161036,34.605997,Petrol Ofisi,False,False
ÇAMTEPE GIŞELERI PETROL OFISI,36.978254,34.952159,Petrol Ofisi,False,False
CEMAL GÜRSEL BULVARI PETROL OFİSİ,36.974041,35.058782,Petrol Ofisi,False,False
ÇEŞMELI-M,36.6832139,34.4171959,Petrol Ofisi,False,False
ÇETINKAYA PETROL OFISI,36.793826,34.616316,Petrol Ofisi,False,False
DAVULTEPE PETROL OFİSİ,36.7202628,34.4881068,Petrol Ofisi,False,False
DIVAN PETROL OFISI,36.76747,34.556809,Petrol Ofisi,False,False
ERDEMLI 2,36.6088883,34.3156644,Petrol Ofisi,False,False
ERDEMLI-M,36.6036509,34.3059789,Petrol Ofisi,False,False
ESHAB-I KEYF YOLU PETROL OFISI,36.93834,34.859975,Petrol Ofisi,False,False
ESKI DEVLET HASTANESI PETROL OFISI,36.810785,34.620673,Petrol Ofisi,False,False
FUAT MOREL,36.8102396,34.5693989,Petrol Ofisi,False,False
GMK BULVARI,36.8120953,34.6369221,Petrol Ofisi,False,False
GÖÇMEN PETROL OFISI,36.780285,34.56823,Petrol Ofisi,False,False
GÖZNE YOLU PETROL OFISI,36.854792,34.582256,Petrol Ofisi,False,False
ICEL,36.8067144,34.6157744,Petrol Ofisi,False,False
KARGIPINARI PETROL OFISI,36.676335,34.410795,Petrol Ofisi,False,False
KÖSELERLI PETROL OFISI,36.556451,33.446753,Petrol Ofisi,False,False
LIMONLU PETROL OFISI,36.549358,34.238453,Petrol Ofisi,False,False
MERSIN,36.8119957,34.6525797,Petrol Ofisi,False,False
MERSIN BAHÇE,36.8102107,34.6030749,Petrol Ofisi,False,False
MERSIN GAR,36.8028453,34.6326113,Petrol Ofisi,False,False
MERZECI BULVARI,36.8303886,34.6476942,Petrol Ofisi,False,False
METRO KARŞISI PETROL OFISI,36.793704,34.573482,Petrol Ofisi,False,False
MEZITLI,36.7479581,34.5286434,Petrol Ofisi,False,False
MEZITLI PETROL OFISI,36.74131,34.520847,Petrol Ofisi,False,False
MUT MERKEZ PETROL OFISI,36.640786,33.441975,Petrol Ofisi,False,False
OKAN MERZECI BULVARI 1 PETROL OFISI,36.829693,34.634065,Petrol Ofisi,False,False
OKAN MERZECI BULVARI 2 PETROL OFISI,36.829426,34.630346,Petrol Ofisi,False,False
PORTAKAL,36.8156189,34.5949402,Petrol Ofisi,False,False
SAIT POLAT BULVARI PETROL OFISI,36.9244677,34.9349258,Petrol Ofisi,False,False
SERTAVUL PETROL OFİSİ,36.884753,33.278686,Petrol Ofisi,False,False
ŞOFÖRLER ODASI PETROL OFISI,36.629929,33.44688,Petrol Ofisi,False,False
SUSANOĞLU PETROL OFISI,36.405673,34.070853,Petrol Ofisi,False,False
TARSUS ÇEVREYOLU PETROL OFISI,36.9045252,34.8756567,Petrol Ofisi,False,False
TARSUS MERKEZ,36.9197286,34.9017187,Petrol Ofisi,False,False
TARSUS MERKEZ PETROL OFISI,36.929521,34.868508,Petrol Ofisi,False,False
TARSUS-M,36.9029876,34.8690308,Petrol Ofisi,False,False
TAŞUCU PETROL OFİSİ,36.326999,33.88975,Petrol Ofisi,False,False
TECE PETROL OFİSİ,36.694827,34.442686,Petrol Ofisi,False,False
TEKMEN PETROL OFISI,36.122839,33.10488,Petrol Ofisi,False,False
TÖMÜK PETROL OFISI,36.648425,34.370921,Petrol Ofisi,False,False
ÜLKÜKÖY PETROL OFİSİ,36.928298,34.857391,Petrol Ofisi,False,False
YALINAYAK PETROL OFISI,36.836874,34.638502,Petrol Ofisi,False,False
YANIŞLI PETROL OFISI,36.157349,33.483536,Petrol Ofisi,False,False
YENI HAL PETROL OFISI,36.822035,34.65574,Petrol Ofisi,False,False
YENICE,36.9696858,35.0456195,Petrol Ofisi,False,False
YÜREKLI,36.8189203,34.6118274,Petrol Ofisi,False,False
5 ŞUBAT STADYUMU PETROL OFISI,37.96847,34.682332,Petrol Ofisi,False,False
AKTAŞ PETROL OFISI,38.1257,34.7895,Petrol Ofisi,False,False
ATA SANAYI PETROL OFISI,37.985952,34.716336,Petrol Ofisi,False,False
BOR,37.8797084,34.5545536,Petrol Ofisi,False,False
BOR MERKEZ PETROL OFISI,37.888488,34.552942,Petrol Ofisi,False,False
BOR YOLU PETROL OFISI,37.957159,34.64319,Petrol Ofisi,False,False
EFENDIBEY,37.9750642,34.6804356,Petrol Ofisi,False,False
KEMERHISAR MERKEZ PETROL OFISI,37.827148,34.571797,Petrol Ofisi,False,False
NİĞDE - OVACIK PETROL OFISI,38.076286,34.819778,Petrol Ofisi,False,False
NIĞDE ÇIFTLIK PETROL OFISI,38.170047,34.481072,Petrol Ofisi,False,False
NIĞDE MERKEZ,37.9654318,34.6837668,Petrol Ofisi,False,False
NIĞDE NEVŞEHIR YOLU PETROL OFISI,38.125769,34.789534,Petrol Ofisi,False,False
SABANCI BULVARI PETROL OFISI,37.949304,34.681197,Petrol Ofisi,False,False
SAZLICA KASABASI PETROL OFISI,37.857746,34.624437,Petrol Ofisi,False,False
ULUKIŞLA KAVŞAĞI PETROL OFİSİ,37.640281,34.36251,Petrol Ofisi,False,False
ULUKIŞLA PETROL OFİSİ,37.55944,34.45783,Petrol Ofisi,False,False
YAKACIK KÖYÜ PETROL OFISI,38.010794,34.338053,Petrol Ofisi,False,False
YENI ADLIYE PETROL OFISI,37.970128,34.686006,Petrol Ofisi,False,False
600 EVLER PETROL OFISI,40.304833,28.023527,Petrol Ofisi,False,False
ADA KÖYIÇI PETROL OFISI,40.585333,27.561144,Petrol Ofisi,False,False
ADALI KÖYÜ PETROL OFISI,39.421858,28.283042,Petrol Ofisi,False,False
AKÇAOVA PETROL OFISI,40.121466,27.861754,Petrol Ofisi,False,False
AKÇAPINAR PETROL OFISI,40.26413,28.062644,Petrol Ofisi,False,False
AKÇAY 1 PETROL OFISI,39.577434,26.935328,Petrol Ofisi,False,False
AKÇAY 2 PETROL OFISI,39.592923,26.934901,Petrol Ofisi,False,False
AKÇAYBALI PETROL OFİSİ,39.5903049,26.9291246,Petrol Ofisi,False,False
AKSAKAL BANDIRMA GIRIŞ PETROL OFISI,40.1492863,28.1026099,Petrol Ofisi,False,False
ALTIEYLÜL,39.6483595,27.9082624,Petrol Ofisi,False,False
ALTINOLUK PETROL OFISI,39.568512,26.73741,Petrol Ofisi,False,False
ALTINOVA MERKEZ PETROL OFISI,39.222917,26.779218,Petrol Ofisi,False,False
ALTIYÜZEVLER PETROL OFISI,40.318125,28.009473,Petrol Ofisi,False,False
AYVALIK - ALTINOVA PETROL OFISI,39.2203,26.799,Petrol Ofisi,False,False
AYVALIK PETROL OFISI,39.329962,26.698377,Petrol Ofisi,False,False
BALIKESIR,39.6572941,27.8477811,Petrol Ofisi,False,False
BALIKESIR BATI PETROL OFISI,39.654594,27.728533,Petrol Ofisi,False,False
BALIKESIR ÇEVREYOLU 2,39.5885126,27.8877763,Petrol Ofisi,False,False
BALIKESIR DOĞU PETROL OFISI,39.655591,27.731163,Petrol Ofisi,False,False
BALIKESIR MERKEZ,39.6207939,27.8878172,Petrol Ofisi,False,False
BALIKESIR OTOBAN ÇIKIŞ PETROL OFISI,39.645573,27.768175,Petrol Ofisi,False,False
BANDIRMA CADDESI PETROL OFISI,39.9176,28.1598,Petrol Ofisi,False,False
BANDIRMA YOLU GÖNEN ÇIKIŞI PETROL OFISI,40.115309,27.660632,Petrol Ofisi,False,False
BANDIRMA YOLU GÖNEN GIRIŞI PETROL OFISI,40.116301,27.660647,Petrol Ofisi,False,False
BANDIRMAYOLU,40.284015,28.0469377,Petrol Ofisi,False,False
BIGADIÇ IŞIKLAR KÖYÜ ÇIKIŞI PETROL OFISI,39.413478,28.13412,Petrol Ofisi,False,False
BIGADIÇ MERKEZ PETROL OFISI,39.400525,28.123365,Petrol Ofisi,False,False
BIGADIÇ SANAYI PETROL OFISI,39.39731,28.128195,Petrol Ofisi,False,False
BURHANIYE MERKEZ PETROL OFISI,39.504307,26.983825,Petrol Ofisi,False,False
CUNDA PETROL OFISI,39.331646,26.71479,Petrol Ofisi,False,False
DEMIRKAPI,39.8026284,28.0696498,Petrol Ofisi,False,False
DEREÇIFTLIK PETROL OFISI,39.560381,27.80147,Petrol Ofisi,False,False
DIKILITAŞ PETROL OFISI,40.376022,27.909098,Petrol Ofisi,False,False
EDREMIT,39.592701,27.0161363,Petrol Ofisi,False,False
EDREMİT - GÜRE PETROL OFISI,39.585407,26.90608,Petrol Ofisi,False,False
EDREMIT MERKEZ PETROL OFISI,39.597128,27.009929,Petrol Ofisi,False,False
EDREMİT-2 PETROL OFİSİ,39.589316,27.012155,Petrol Ofisi,False,False
EDREMITMER,39.5966217,27.0079779,Petrol Ofisi,False,False
ERDEKYOLU,40.3402367,27.9440368,Petrol Ofisi,False,False
GÖBEL PETROL OFISI,40.019592,28.152425,Petrol Ofisi,False,False
GÖMEÇ,39.3796585,26.8299709,Petrol Ofisi,False,False
GÖNEN MERKEZ PETROL OFISI,40.112012,27.654517,Petrol Ofisi,False,False
GÜMÜŞÇEŞME PETROL OFISI,39.652384,27.917556,Petrol Ofisi,False,False
GÜMÜŞÇEŞME SPOR TESISLERI PETROL OFISI,39.652685,27.907401,Petrol Ofisi,False,False
HAVALIMANI PETROL OFISI,39.531977,27.007251,Petrol Ofisi,False,False
HAVRAN YOLU 1 PETROL OFISI,39.558687,27.207997,Petrol Ofisi,False,False
İVRİNDİ PETROL OFİSİ,39.629948,27.62545,Petrol Ofisi,False,False
İZMİR YOLU PETROL OFİSİ,39.575436,27.039242,Petrol Ofisi,False,False
KARESI,39.6594678,27.9076979,Petrol Ofisi,False,False
KEPSUT PETROL OFİSİ,39.6847,28.154556,Petrol Ofisi,False,False
KÜÇÜKLER BURHANIYE PETROL OFISI,39.48647,26.945962,Petrol Ofisi,False,False
KUVA-I MILLIYE PETROL OFISI,39.659146,27.845401,Petrol Ofisi,False,False
MANYAS PETROL OFISI,40.05062,27.978339,Petrol Ofisi,False,False
MANYAS YOLU PETROL OFISI,40.103996,27.679187,Petrol Ofisi,False,False
OKULLAR MSB ÜNIVERSITESI PETROL OFISI,39.607845,27.902899,Petrol Ofisi,False,False
ÖLÇÜM PETROL OFISI,39.691823,27.954321,Petrol Ofisi,False,False
SALUR PETROL OFISI,40.101884,27.935561,Petrol Ofisi,False,False
SARAYLAR PETROL OFISI,40.656827,27.658702,Petrol Ofisi,False,False
SARIMSAKLI PETROL OFISI,39.275079,26.668619,Petrol Ofisi,False,False
SAVAŞTEPE PETROL OFISI,39.37561,27.646818,Petrol Ofisi,False,False
SAVAŞTEPE SARISÜLEYMANLAR PETROL OFISI,39.470499,27.670105,Petrol Ofisi,False,False
ŞEKER FABRIKASI PETROL OFISI,39.954418,28.170197,Petrol Ofisi,False,False
SINDIRGI PETROL OFISI,39.237692,28.158234,Petrol Ofisi,False,False
SOLINAY BURHANIYE PETROL OFISI,39.534122,27.009409,Petrol Ofisi,False,False
SULTANÇAYI PETROL OFISI,39.848167,28.148508,Petrol Ofisi,False,False
SUSURLUK YOLU,39.9880191,28.2006146,Petrol Ofisi,False,False
ÜNIVERSITE YOLU PETROL OFISI,39.582942,27.933541,Petrol Ofisi,False,False
YENI İZMIR YOLU PETROL OFISI,39.634012,27.882433,Petrol Ofisi,False,False
8 ŞUBAT MEVKI PETROL OFISI,37.092644,37.370304,Petrol Ofisi,False,False
AKKENT PETROL OFİSİ,37.019917,37.372111,Petrol Ofisi,False,False
AKTOPRAK PETROL OFISI,37.178907,37.277023,Petrol Ofisi,False,False
ARABAN MERKEZ PETROL OFISI,37.430442,37.690022,Petrol Ofisi,False,False
AYDINLAR MAHALLESİ PETROL OFİSİ,37.080734,37.413828,Petrol Ofisi,False,False
BAŞPINAR,37.1369593,37.3025571,Petrol Ofisi,False,False
BAŞPINAR MEVKII PETROL OFISI,37.13957,37.300931,Petrol Ofisi,False,False
BEYLERBEYI,37.1039241,37.4026965,Petrol Ofisi,False,False
BÜLBÜLZADE PETROL OFISI,37.029652,37.346035,Petrol Ofisi,False,False
CEBESOY PETROL OFİSİ,36.991421,35.33083,Petrol Ofisi,False,False
ESKI ADANA YOLU PETROL OFISI,37.180482,37.129834,Petrol Ofisi,False,False
ESKI GARAJLAR MEVKII PETROL OFISI,37.057277,37.369887,Petrol Ofisi,False,False
FEVZIPAŞA MERKEZ PETROL OFISI,37.102658,36.650404,Petrol Ofisi,False,False
GATEM MEVKII PETROL OFISI,37.087755,37.433911,Petrol Ofisi,False,False
GATEM PETROL OFISI,37.086779,37.449596,Petrol Ofisi,False,False
GAZIANTEP,37.058793,37.3679979,Petrol Ofisi,False,False
GAZIANTEP ORGANIZA SANAYI GIRIŞI PETROL,37.1471,37.295157,Petrol Ofisi,False,False
GAZIANTEP OTOGAR,37.1180839,37.3950413,Petrol Ofisi,False,False
HAVALIMANI PROTOKOL YOLU PETROL OFISI,37.031169,37.424184,Petrol Ofisi,False,False
HAVALIMANI YOLU 1 PETROL OFISI,37.068421,37.414669,Petrol Ofisi,False,False
İBRAHIMLI PETROL OFISI,37.06928,37.335881,Petrol Ofisi,False,False
İKIZKUYU KÖYÜ PETROL OFISI,36.878021,37.495485,Petrol Ofisi,False,False
İSLAHIYE HATAY YOLU PETROL OFISI,36.994927,36.622506,Petrol Ofisi,False,False
KÖRKÜN SANAYI PETROL OFISI,36.967505,37.442978,Petrol Ofisi,False,False
KÜSGET,37.0731649,37.4390194,Petrol Ofisi,False,False
NESİMİ PETROL OFİSİ,37.162729,37.282836,Petrol Ofisi,False,False
NİZİP CADDESİ PETROL OFİSİ,37.070592,37.385204,Petrol Ofisi,False,False
NIZIP GAZIANTEP YOLU PETROL OFISI,36.991501,37.774369,Petrol Ofisi,False,False
NIZIP MERKEZ 1 PETROL OFISI,37.006353,37.799957,Petrol Ofisi,False,False
NIZIP MERKEZ 2 PETROL OFISI,37.005075,37.78999,Petrol Ofisi,False,False
NIZIP ŞANLIURFA YOLU PETROL OFISI,36.992196,37.77827,Petrol Ofisi,False,False
NIZIPYOLU,37.0730633,37.3959592,Petrol Ofisi,False,False
NURDAĞI,37.2001508,36.7678233,Petrol Ofisi,False,False
NURDAĞI MERKEZ 1 PETROL OFISI,37.174483,36.742182,Petrol Ofisi,False,False
OĞUZELI MERKEZ PETROL OFISI,36.894298,37.544214,Petrol Ofisi,False,False
OĞUZELI SANAYI MEVKI PETROL OFISI,36.954971,37.512697,Petrol Ofisi,False,False
ŞAHİNBEY - KARATAŞ MERKEZ PETROL OFISI,37.016029,37.351917,Petrol Ofisi,False,False
ŞAHİNBEY - KONAK PETROL OFİSİ,37.04996,37.343695,Petrol Ofisi,False,False
TOYOTA,37.069001,37.3688906,Petrol Ofisi,False,False
ÜNALDI,37.0550903,37.4021906,Petrol Ofisi,False,False
ÜNIVERSITE KARŞISI PETROL OFISI,37.034368,37.317817,Petrol Ofisi,False,False
YENI ADLIYE KARŞISI PETROL OFISI,37.090157,37.358893,Petrol Ofisi,False,False
YENI OTOGAR PETROL OFISI,37.103745,37.399036,Petrol Ofisi,False,False
ZEUGMA,37.0639817,37.3948315,Petrol Ofisi,False,False
ABANA PETROL OFISI,41.977195,34.004713,Petrol Ofisi,False,False
AĞLI PETROL OFISI,41.672147,33.564008,Petrol Ofisi,False,False
ALATARLA PETROL OFISI,41.490869,34.030225,Petrol Ofisi,False,False
ARAÇ PETROL OFISI,41.23862,33.322202,Petrol Ofisi,False,False
AZDAVAY PETROL OFISI,41.636606,33.28554,Petrol Ofisi,False,False
CIDE MERKEZ PETROL OFISI,41.893175,33.004018,Petrol Ofisi,False,False
CIDE SAHIL PETROL OFISI,41.888736,32.967742,Petrol Ofisi,False,False
DADAY PETROL OFISI,41.479106,33.476773,Petrol Ofisi,False,False
DEVREKANI ABANA YOLU PETROL OFISI,41.620658,33.850352,Petrol Ofisi,False,False
DEVREKANI KASTAMONU YOLU PETROL OFISI,41.599717,33.808586,Petrol Ofisi,False,False
EMIRLER,41.4350924,33.7977755,Petrol Ofisi,False,False
İNEBOLU YOLU 10. KM PETROL OFISI,41.479077,33.768447,Petrol Ofisi,False,False
KASTAMONU ANKARA YOLU PETROL OFISI,41.307281,33.776833,Petrol Ofisi,False,False
KASTAMONU ÇEVREYOLU,41.363158,33.7173825,Petrol Ofisi,False,False
KASTAMONU OTOGAR PETROL OFISI,41.42004,33.790689,Petrol Ofisi,False,False
KASTAMONU TAŞKÖPRÜ YOLU PETROL OFISI,41.444592,33.844823,Petrol Ofisi,False,False
KÜRE KASTAMONU KARAYOLU PETROL OFISI,41.742816,33.67761,Petrol Ofisi,False,False
KÜRE PETROL OFISI,41.808986,33.712361,Petrol Ofisi,False,False
ÖRENCIK,41.3251448,33.7751504,Petrol Ofisi,False,False
TAŞKÖPRÜ PETROL OFISI,41.515776,34.20805,Petrol Ofisi,False,False
TOSYA,41.0120456,34.0443546,Petrol Ofisi,False,False
TOSYA İSTANBUL YOLU PETROL OFISI,41.04839,34.243068,Petrol Ofisi,False,False
TOSYA SAMSUN YOLU PETROL OFISI,41.000774,34.053795,Petrol Ofisi,False,False
YUKARIELYAKUT KÖYÜ PETROL OFISI,41.375635,33.831897,Petrol Ofisi,False,False
ABANT KAVŞAĞI PETROL OFISI,40.516008,31.239687,Petrol Ofisi,False,False
BOLU - SANAYI PETROL OFISI,40.739342,31.62346,Petrol Ofisi,False,False
BOLU D100 - ANKARA YÖNÜ PETROL OFİSİ,40.735558,31.647936,Petrol Ofisi,False,False
BOLU PETROL OFISI,40.7373989,31.5974282,Petrol Ofisi,False,False
BOLUSPOR,40.7304332,31.5883863,Petrol Ofisi,False,False
ÇIZMECI,40.7354335,31.6409812,Petrol Ofisi,False,False
DÜZCE DOĞU,40.8132416,31.2194477,Petrol Ofisi,False,False
GEREDE - KAPAKLI PETROL OFISI,40.844607,32.437105,Petrol Ofisi,False,False
GÖYNÜK PETROL OFISI,40.397799,30.785658,Petrol Ofisi,False,False
KARACASU PETROL OFISI,40.6872,31.620041,Petrol Ofisi,False,False
KARACAYIR,40.7275779,31.6103605,Petrol Ofisi,False,False
KAYAPARK GÜNEY,40.6095912,32.2533807,Petrol Ofisi,False,False
KAYAPARK KUZEY,40.6143755,32.2560758,Petrol Ofisi,False,False
MENGEN PETROL OFISI,40.94402,32.074926,Petrol Ofisi,False,False
MUDURNU PETROL OFISI,40.491567,31.202003,Petrol Ofisi,False,False
NARZANLAR PETROL OFISI,40.313512,30.623334,Petrol Ofisi,False,False
SEBEN PETROL OFİSİ,40.416455,31.576428,Petrol Ofisi,False,False
SEYIT MAHALLESI PETROL OFISI,40.711629,31.568939,Petrol Ofisi,False,False
YENIÇAĞA PETROL OFISI,40.770625,32.028317,Petrol Ofisi,False,False
YURDAER KALAYCI,40.7293936,31.5437743,Petrol Ofisi,False,False
ABDI İPEKÇI PETROL OFISI,40.782733,29.412327,Petrol Ofisi,False,False
ALPERHAN PETROL OFİSİ,40.7398737,29.9429029,Petrol Ofisi,False,False
ANTIKKAPI PETROL OFISI,40.744022,29.944224,Petrol Ofisi,False,False
ARAPÇEŞME PETROL OFISI,40.810932,29.455707,Petrol Ofisi,False,False
ARSLANBEY OSB,40.7189611,30.0509651,Petrol Ofisi,False,False
BALÇIK 1 PETROL OFISI,40.873102,29.427027,Petrol Ofisi,False,False
BALÇIK 3 PETROL OFISI,40.885546,29.413753,Petrol Ofisi,False,False
BARIŞ PETROL OFISI,40.800965,29.467818,Petrol Ofisi,False,False
BAŞISKELE 2 PETROL OFISI,40.708667,29.899108,Petrol Ofisi,False,False
BAŞİSKELE EMNİYET PETROL OFİSİ,40.731758,29.955279,Petrol Ofisi,False,False
BAŞISKELE PETROL OFISI,40.694513,29.958157,Petrol Ofisi,False,False
ÇAYIROVA AKSE PETROL OFİSİ,40.838765,29.408004,Petrol Ofisi,False,False
ÇAYIROVA MERKEZ,40.8147548,29.3722227,Petrol Ofisi,False,False
ÇAYIROVA PETROL OFISI,40.817487,29.366883,Petrol Ofisi,False,False
ÇAYIROVA PETROL OFİSİ-2,40.850396,29.40668,Petrol Ofisi,False,False
CEZAEVI PETROL OFISI,40.762987,29.888222,Petrol Ofisi,False,False
CUMHURIYET PETROL OFISI,40.859502,29.377308,Petrol Ofisi,False,False
DARICA,40.7836593,29.4131349,Petrol Ofisi,False,False
DEĞIRMENDERE PETROL OFISI,40.717995,29.794867,Petrol Ofisi,False,False
DERİNCE EMNİYET PETROL OFİSİ,40.757599,29.805021,Petrol Ofisi,False,False
DERINCE PETROL OFISI,40.757096,29.838451,Petrol Ofisi,False,False
DİLOVASI - ORGANIZE PETROL OFISI,40.787495,29.532502,Petrol Ofisi,False,False
DILOVASI MERKEZ,40.7889458,29.5325719,Petrol Ofisi,False,False
DILOVASI ORGANIZE PETROL OFISI,40.80553,29.495994,Petrol Ofisi,False,False
DILOVASI PETROL OFISI,40.77933,29.544148,Petrol Ofisi,False,False
DILOVASI SANAYI,40.8069831,29.5583514,Petrol Ofisi,False,False
DUMLUPINAR,40.7156227,29.8310053,Petrol Ofisi,False,False
FATIH SULTAN MEHMET PETROL OFISI,40.794793,29.368328,Petrol Ofisi,False,False
FEVZI ÇAKMAK PETROL OFISI,40.770223,29.39816,Petrol Ofisi,False,False
GEBZE ADLİYE PETROL OFİSİ,40.8114428,29.4219404,Petrol Ofisi,False,False
GEBZE MERKEZ,40.7952045,29.4336986,Petrol Ofisi,False,False
GÖLCÜK PETROL OFISI,40.708261,29.846296,Petrol Ofisi,False,False
GÖLCÜK-M,40.7166221,29.8194922,Petrol Ofisi,False,False
GÜZELLER SANAYI,40.8412877,29.4335055,Petrol Ofisi,False,False
HOROZUM PETROL OFISI,40.9006,29.9801,Petrol Ofisi,False,False
İHSANİYE PETROL OFİSİ,40.706764,29.849071,Petrol Ofisi,False,False
İSHAKÇILAR 1 PETROL OFISI,40.904059,29.852708,Petrol Ofisi,False,False
İSHAKÇILAR 2 PETROL OFISI,40.903705,29.853711,Petrol Ofisi,False,False
İZMIT 1 PETROL OFISI,40.7629101,29.9475901,Petrol Ofisi,False,False
İZMIT 2 PETROL OFISI,40.762904,29.964314,Petrol Ofisi,False,False
İZMİT OTOBAN - PETROL OFİSİ,40.774095,29.520108,Petrol Ofisi,False,False
KANDIRA 1 PETROL OFISI,41.069695,30.144749,Petrol Ofisi,False,False
KANDIRA 2 PETROL OFISI,41.063636,30.161809,Petrol Ofisi,False,False
KANDIRA SAPAĞI,40.7638126,29.9578825,Petrol Ofisi,False,False
KANDIRA STADYUM PETROL OFISI,41.064211,30.150929,Petrol Ofisi,False,False
KANDIRA YOLU,40.7890568,29.9774402,Petrol Ofisi,False,False
KANDIRA YOLU PETROL OFISI,40.892442,30.066748,Petrol Ofisi,False,False
KARGALI PETROL OFISI,40.948645,29.668928,Petrol Ofisi,False,False
KARTEPE - SUADIYE PETROL OFISI,40.72475,30.057778,Petrol Ofisi,False,False
KARTEPE PETROL OFİSİ,40.728861,30.147153,Petrol Ofisi,False,False
KÖRFEZ,40.7730911,29.76188,Petrol Ofisi,False,False
KÖRFEZ PETROL OFISI,40.776182,29.71867,Petrol Ofisi,False,False
KÖSEKÖY,40.7527298,30.025888,Petrol Ofisi,False,False
KÖSEKÖY PETROL OFISI,40.752296,30.028382,Petrol Ofisi,False,False
KURUÇEŞME,40.7644005,29.8773812,Petrol Ofisi,False,False
MOLLAFENARI PETROL OFISI,40.886933,29.493526,Petrol Ofisi,False,False
NENEHATUN PETROL OFİSİ,40.784045,29.391249,Petrol Ofisi,False,False
PELİTLİ PETROL OFİSİ,40.851611,29.431917,Petrol Ofisi,False,False
SANAYI 1 PETROL OFISI,40.74861,29.954511,Petrol Ofisi,False,False
SARIMEŞE PETROL OFISI,40.731117,30.134786,Petrol Ofisi,False,False
ŞEKERPINAR,40.8826432,29.4158357,Petrol Ofisi,False,False
ŞEKERPINAR2,40.8634944,29.3909155,Petrol Ofisi,False,False
SEVİNDİKLİ GÜNEY PETROL OFİSİ,40.8889248,29.7117139,Petrol Ofisi,False,False
SEVİNDİKLİ KUZEY PETROL OFİSİ,40.8901905,29.7122367,Petrol Ofisi,False,False
SEYITALILER PETROL OFISI,40.97325,30.196555,Petrol Ofisi,False,False
SUADIYE PETROL OFISI,40.718489,30.056988,Petrol Ofisi,False,False
TÜTÜNÇİFTLİK - GÜNEY,40.768917,29.799383,Petrol Ofisi,False,False
TÜTÜNÇİFTLİK - KUZEY,40.770729,29.797842,Petrol Ofisi,False,False
YAHYAKAPTAN PETROL OFISI,40.767853,29.966966,Petrol Ofisi,False,False
YALAKDERE PETROL OFISI,40.609605,29.564798,Petrol Ofisi,False,False
YENIKÖY,40.7062915,29.8702203,Petrol Ofisi,False,False
YEŞILOVA,40.7887426,29.972543,Petrol Ofisi,False,False
ABIDE KAVŞAĞI GAZIANTEP YÖNÜ PETROL OFIS,37.167902,38.794627,Petrol Ofisi,False,False
AKÇAKALE YOLU,37.1357309,38.8220118,Petrol Ofisi,False,False
AKÇAKALE YOLU 1 PETROL OFISI,37.047055,38.870547,Petrol Ofisi,False,False
ARSLANLI PETROL OFİSİ,37.61705,39.155798,Petrol Ofisi,False,False
BIRECIK BAĞLARBAŞI MEVKII PETROL OFISI,37.109383,37.962979,Petrol Ofisi,False,False
BIRECIK NIZIP YOLU PETROL OFISI,37.03067,37.95414,Petrol Ofisi,False,False
BIRECIK PETROL OFISI,37.018669,37.97872,Petrol Ofisi,False,False
BOZOVA PETROL OFISI,37.416942,38.399515,Petrol Ofisi,False,False
BOZOVA YOLU PETROL OFISI,37.279352,38.734143,Petrol Ofisi,False,False
CEYLANPINAR MERKEZ PETROL OFISI,36.853872,40.051666,Petrol Ofisi,False,False
ÇOBANDERE PETROL OFİSİ,37.22541,39.308718,Petrol Ofisi,False,False
GAZIANTEP ŞANLIURFA OTOBAN PETROL OFISI,37.09847,38.190579,Petrol Ofisi,False,False
HILVAN MERKEZ PETROL OFISI,37.581844,38.95723,Petrol Ofisi,False,False
KARAKÖPRÜ MERKEZ PETROL OFISI,37.211847,38.797538,Petrol Ofisi,False,False
KARAKÖPRÜ OTOBAN PETROL OFİSİ,37.244719,38.793211,Petrol Ofisi,False,False
MARDIN YOLU PETROL OFISI,37.162714,38.828712,Petrol Ofisi,False,False
MARDİN YOLU PETROL OFİSİ,37.224072,39.847734,Petrol Ofisi,False,False
PİAZZA PETROL OFİSİ,37.157684,38.778763,Petrol Ofisi,False,False
ŞANLIURFA GAZIANTEP OTOBAN PETROL OFISI,37.100436,38.186563,Petrol Ofisi,False,False
ŞANLIURFA YÖNÜ KADIKENDI PETROL OFISI,37.140615,38.727014,Petrol Ofisi,False,False
SIVEREK MERKEZ PETROL OFISI,37.741157,39.307535,Petrol Ofisi,False,False
SİVEREK PETROL OFİSİ,37.74134,39.30621,Petrol Ofisi,False,False
STADYUM YANI PETROL OFİSİ,37.143973,38.799853,Petrol Ofisi,False,False
VIRANŞEHIR-1 PETROL OFISI,37.2312,39.7708,Petrol Ofisi,False,False
ACARLAR PETROL OFISI,37.825017,27.759486,Petrol Ofisi,False,False
AKBÜK KAVŞAĞI,37.4840345,27.339502,Petrol Ofisi,False,False
AKELLER PETROL OFISI,37.755412,27.419539,Petrol Ofisi,False,False
ATA MAHALLESI PETROL OFISI,37.84462,27.862314,Petrol Ofisi,False,False
ATÇA MERKEZ,37.8845465,28.217897,Petrol Ofisi,False,False
AYDIN - KARACASU PETROL OFISI,37.736577,28.610955,Petrol Ofisi,False,False
AYDIN CADDESI PETROL OFISI,37.7632801,27.4160528,Petrol Ofisi,False,False
AYDIN OTOGAR PETROL OFISI,37.793814,27.838742,Petrol Ofisi,False,False
AYDIN-1,37.8377392,27.8447442,Petrol Ofisi,False,False
BAĞARASI PETROL OFISI,37.750227,27.416049,Petrol Ofisi,False,False
BEŞEYLÜL PETROL OFISI,37.908502,28.44302,Petrol Ofisi,False,False
BOZDOĞAN PETROL OFISI,37.70977,28.33239,Petrol Ofisi,False,False
BUCAKKOY,37.6749713,28.0142967,Petrol Ofisi,False,False
BUHARKENT,37.9633234,28.7331967,Petrol Ofisi,False,False
ÇEŞTEPE PETROL OFİSİ,37.82798,27.843393,Petrol Ofisi,False,False
ÇİNE - AKÇAOVA PETROL OFISI,37.509984,28.031971,Petrol Ofisi,False,False
ÇİNE - ALTINOVA PETROL OFISI,37.69005,27.992849,Petrol Ofisi,False,False
CINE PETROL OFISI,37.622272,28.04717,Petrol Ofisi,False,False
ÇINE YOLU,37.6658214,28.0180099,Petrol Ofisi,False,False
CUMHURIYET MAHALLESI PETROL OFISI,37.738055,27.404998,Petrol Ofisi,False,False
DALLICA PETROL OFISI,37.901009,28.290676,Petrol Ofisi,False,False
DAVUTLAR PETROL OFISI,37.733689,27.284109,Petrol Ofisi,False,False
DENIZKÖY DIDIM PETROL OFISI,37.429439,27.368297,Petrol Ofisi,False,False
DIDIM 1 PETROL OFISI,37.367935,27.269893,Petrol Ofisi,False,False
DIDIM 2,37.3817147,27.2867032,Petrol Ofisi,False,False
DIDIM 2 PETROL OFISI,37.390169,27.248793,Petrol Ofisi,False,False
DORUMLAR PETROL OFİSİ,37.696676,27.949726,Petrol Ofisi,False,False
EFELER - HÜRRIYET BULVARI PETROL OFISI,37.844005,27.82742,Petrol Ofisi,False,False
EVLIYAOĞLU PETROL OFISI,37.71022,27.385088,Petrol Ofisi,False,False
GENCELLI PETROL OFISI,37.949321,28.680499,Petrol Ofisi,False,False
GERMENCIK PETROL OFISI,37.873954,27.605527,Petrol Ofisi,False,False
GÖLBENT PETROL OFISI,37.6815369,27.3806841,Petrol Ofisi,False,False
HAMZABALI PETROL OFISI,37.805324,28.123465,Petrol Ofisi,False,False
HIDIRBEYLI PETROL OFISI,37.875577,27.560843,Petrol Ofisi,False,False
İNCIRLIOVA,37.8526153,27.7287569,Petrol Ofisi,False,False
İNCIRLIOVA PETROL OFISI,37.834592,27.718791,Petrol Ofisi,False,False
İNCİRLİOVA PETROL OFİSİ,37.854597,27.71703,Petrol Ofisi,False,False
KOÇARLI PETROL OFİSİ,37.7711151,27.6066478,Petrol Ofisi,False,False
KUŞADASI PETROL OFISI,37.848684,27.25901,Petrol Ofisi,False,False
KUYUCAK PETROL OFISI,37.906569,28.484534,Petrol Ofisi,False,False
MIMAR SINAN MAHALLESI PETROL OFISI,37.846838,27.81906,Petrol Ofisi,False,False
MUĞLA BULVARI PETROL OFISI,37.825205,27.841238,Petrol Ofisi,False,False
MURSALLI PETROL OFİSİ,37.842303,27.540318,Petrol Ofisi,False,False
NAZILLI,37.91162,28.3406062,Petrol Ofisi,False,False
NAZILLI SANAYI PETROL OFISI,37.909617,28.320368,Petrol Ofisi,False,False
NEŞETIYE PETROL OFISI,37.880253,27.533719,Petrol Ofisi,False,False
ORTAKLAR PETROL OFISI,37.883152,27.506882,Petrol Ofisi,False,False
PINARDERE,37.8469947,27.9174643,Petrol Ofisi,False,False
SALAVATLI,37.8611655,28.1072093,Petrol Ofisi,False,False
SÖKE,37.7304378,27.3960041,Petrol Ofisi,False,False
SULTANHİSAR PETROL OFİSİ,37.886213,28.155754,Petrol Ofisi,False,False
TÜRKMEN,37.8058262,27.2850691,Petrol Ofisi,False,False
UMURLU ORGANIZE SANAYI PETROL OFISI,37.856429,27.991994,Petrol Ofisi,False,False
UMURLU PETROL OFISI,37.850022,27.956503,Petrol Ofisi,False,False
ÜZÜMLÜ PETROL OFISI,37.833639,27.568563,Petrol Ofisi,False,False
YENİCE KARACASU PETROL OFISI,37.81928,28.573034,Petrol Ofisi,False,False
YENİKENT PETROL OFİSİ,37.761423,27.388175,Petrol Ofisi,False,False
YENIPAZAR PETROL OFISI,37.828631,28.192354,Petrol Ofisi,False,False
ZEYBEK,37.8461582,27.8190214,Petrol Ofisi,False,False
ZEYBEK PETROL OFISI,37.847416,27.806118,Petrol Ofisi,False,False
ACEPŞIR PETROL OFISI,39.734529,39.533527,Petrol Ofisi,False,False
ÇAĞLAYAN YOLU PETROL OFİSİ,39.729401,39.490913,Petrol Ofisi,False,False
ÇAYIRLI PETROL OFISI,39.806745,40.036906,Petrol Ofisi,False,False
ERZINCAN,39.7471082,39.4808296,Petrol Ofisi,False,False
ESKI OTOGAR YANI PETROL OFISI,39.744504,39.500366,Petrol Ofisi,False,False
KARAGÜL PETROL OFISI,39.741853,40.26832,Petrol Ofisi,False,False
KEMAH PETROL OFISI,39.608866,39.040925,Petrol Ofisi,False,False
REFAHIYE PETROL OFISI,39.905619,38.77629,Petrol Ofisi,False,False
ULUKÖY PETROL OFISI,39.627842,39.734146,Petrol Ofisi,False,False
ACIPAYAM PETROL OFISI,37.378213,29.431442,Petrol Ofisi,False,False
AKÇEŞME,37.8139227,29.0620046,Petrol Ofisi,False,False
AKKÖY PETROL OFISI,37.949283,29.080969,Petrol Ofisi,False,False
ALIKURT,37.8438366,29.5162431,Petrol Ofisi,False,False
BAHÇELIEVLER DENIZLI,37.7777556,29.0556372,Petrol Ofisi,False,False
BASARAN,37.8816364,29.0012355,Petrol Ofisi,False,False
BEYAĞAÇ PETROL OFISI,37.238958,28.905226,Petrol Ofisi,False,False
BOZKURT,37.8297284,29.6023971,Petrol Ofisi,False,False
BULDAN,38.0437374,28.8344295,Petrol Ofisi,False,False
ÇAL 1 PETROL OFISI,38.118594,29.396479,Petrol Ofisi,False,False
ÇAL 2 PETROL OFISI,38.149537,29.471761,Petrol Ofisi,False,False
ÇAMELI PETROL OFISI,37.059841,29.338644,Petrol Ofisi,False,False
CANKURTARAN,37.6430824,29.2169831,Petrol Ofisi,False,False
ÇARDAK PETROL OFISI,37.825638,29.661072,Petrol Ofisi,False,False
ÇITAK PETROL OFISI,38.142747,29.644215,Petrol Ofisi,False,False
ÇIVRIL PETROL OFISI,38.28822,29.732158,Petrol Ofisi,False,False
DENİZLİ - ULUS PETROL OFISI,37.7586093,29.1062409,Petrol Ofisi,False,False
DENİZLİ - YENIŞEHIR PETROL OFISI,37.768192,29.035514,Petrol Ofisi,False,False
EMNIYET DENIZLI,37.776018,29.0991227,Petrol Ofisi,False,False
ESKIHISAR,37.8181912,29.1225551,Petrol Ofisi,False,False
ESKIYOL PETROL OFISI,37.734417,29.149802,Petrol Ofisi,False,False
GERIÇAM PETROL OFISI,37.229825,28.941763,Petrol Ofisi,False,False
GÖKPINAR PETROL OFISI,37.73044,29.150511,Petrol Ofisi,False,False
GÜNEY PETROL OFISI,38.153591,29.052977,Petrol Ofisi,False,False
GÜRPINAR PETROL OFISI,38.428424,29.703182,Petrol Ofisi,False,False
GÜRPINAR-2 PETROL OFİSİ,38.4196022,29.7133465,Petrol Ofisi,False,False
HACIEYÜPLÜ PETROL OFISI,37.838906,29.040382,Petrol Ofisi,False,False
HONAZ - ORGANIZE PETROL OFISI,37.810886,29.252636,Petrol Ofisi,False,False
HONAZ 1 PETROL OFISI,37.76154,29.277384,Petrol Ofisi,False,False
KALE MAHALLESI PETROL OFISI,37.807422,29.172575,Petrol Ofisi,False,False
KAYAKÖY,37.8205152,29.0584597,Petrol Ofisi,False,False
KAYAKÖY PETROL OFISI,37.826031,29.052898,Petrol Ofisi,False,False
KIZILCABÖLÜK PETROL OFISI,37.6041367,29.0335151,Petrol Ofisi,False,False
KOCABAŞ PETROL OFISI,37.814328,29.326675,Petrol Ofisi,False,False
ORGANIZE,37.8053545,29.2388709,Petrol Ofisi,False,False
PAMUKKALE,37.9064338,29.1232644,Petrol Ofisi,False,False
PAMUKKALE PETROL OFISI,37.814639,29.113208,Petrol Ofisi,False,False
SARAYKÖY,37.8913286,28.9735025,Petrol Ofisi,False,False
SARAYKÖY 1 PETROL OFISI,37.893698,28.96673,Petrol Ofisi,False,False
SARAYKÖY 2 PETROL OFISI,37.893715,28.966639,Petrol Ofisi,False,False
SERINHISAR,37.5633053,29.2825919,Petrol Ofisi,False,False
SERINHISAR PETROL OFISI,37.579012,29.272407,Petrol Ofisi,False,False
SEVINDIK,37.7976395,29.1036316,Petrol Ofisi,False,False
SEVINDIK PETROL OFISI,37.798562,29.104959,Petrol Ofisi,False,False
TAŞGEÇIT,37.7417167,29.1113839,Petrol Ofisi,False,False
TAVAS,37.5613127,29.0599067,Petrol Ofisi,False,False
TAVAS MAKASI PETROL OFISI,37.637634,29.216296,Petrol Ofisi,False,False
TAVAS PETROL OFISI,37.565405,29.065363,Petrol Ofisi,False,False
ÜÇGEN PETROL OFISI,37.783829,29.093726,Petrol Ofisi,False,False
ÜÇLER,37.8018544,29.0213502,Petrol Ofisi,False,False
YASIHÖYÜK PETROL OFISI,37.501203,29.312719,Petrol Ofisi,False,False
YENIYOL PETROL OFISI,37.730436,29.150566,Petrol Ofisi,False,False
ACIPINAR,38.5324272,33.8344423,Petrol Ofisi,False,False
AĞAÇLI TESİSLERİ OFİSİ,38.385246,33.994358,Petrol Ofisi,False,False
AKHAN,38.2921189,33.7625039,Petrol Ofisi,False,False
AKSARAY,38.3847311,33.9937339,Petrol Ofisi,False,False
AKSARAY MERKEZ PETROL OFISI,38.365359,34.007321,Petrol Ofisi,False,False
AKSARAY-M,38.36472,34.0068551,Petrol Ofisi,False,False
ARATOL MAHALLESI 1 PETROL OFISI,38.354419,33.970928,Petrol Ofisi,False,False
ARATOL MAHALLESI 2 PETROL OFISI,38.356075,33.97216,Petrol Ofisi,False,False
CELIL KÖYÜ PETROL OFISI,38.256442,33.30902,Petrol Ofisi,False,False
DURSUNLAR PETROL ÜRÜNLERİ PAZARLAMA TİCARET VE SANAYİ LİMİTE,38.499928,33.934322,Petrol Ofisi,False,False
ESKIL PETROL OFISI,38.396308,33.413061,Petrol Ofisi,False,False
EŞMEKAYA 1 PETROL OFISI,38.180615,33.308328,Petrol Ofisi,False,False
EŞMEKAYA 2 PETROL OFISI,38.180633,33.308311,Petrol Ofisi,False,False
İNÇLER PAZARLAMA TARIM ÜRÜNLERİ YEMCİLİK HAYVANCILIK YAKIT Ü,38.38042,34.12984,Petrol Ofisi,False,False
KÖKEZ KÖYÜ PETROL OFISI,38.26238,33.20566,Petrol Ofisi,False,False
NEVŞEHIR AKSARAY YOLU PETROL OFISI,38.484878,34.247294,Petrol Ofisi,False,False
ORTAKÖY KIZILAY MAHALLESI PETROL OFISI,38.730571,34.033068,Petrol Ofisi,False,False
ORTAKÖY SANAYI BÖLGESI PETROL OFISI,38.755278,34.071667,Petrol Ofisi,False,False
SULTANHAN,38.2518112,33.5067092,Petrol Ofisi,False,False
SULTANHANI PETROL OFISI,38.26013,33.621498,Petrol Ofisi,False,False
TAŞPINAR KASABASI 1 PETROL OFISI,38.219784,34.003571,Petrol Ofisi,False,False
TAŞPINAR KASABASI 2 PETROL OFISI,38.219953,34.00488,Petrol Ofisi,False,False
YENIKENT KASABASI PETROL OFISI,38.2926,33.764948,Petrol Ofisi,False,False
ACISU,39.3499285,36.4517743,Petrol Ofisi,False,False
ALTINYAYLA PETROL OFISI,39.2824,36.7609,Petrol Ofisi,False,False
ANKARA YOLU PETROL OFISI,39.726548,36.903025,Petrol Ofisi,False,False
AŞAĞI HÖYÜK KÖYÜ PETROL OFISI,39.035609,36.98422,Petrol Ofisi,False,False
DALAKLIOĞLU PETROL OFISI,39.85402,37.862379,Petrol Ofisi,False,False
DIVRIĞI PETROL OFISI,39.349,38.1014,Petrol Ofisi,False,False
DÖRT EYLÜL,39.7232851,36.9872457,Petrol Ofisi,False,False
EMIN OTO PETROL OFISI,39.2276825,37.3849092,Petrol Ofisi,False,False
GÜRSEL MAHALLESI PETROL OFISI,39.220219,37.406688,Petrol Ofisi,False,False
GÜRÜN PETROL OFİSİ,38.722121,37.25978,Petrol Ofisi,False,False
GÜRÜN PETROL OFİSİ,38.722121,37.25978,Petrol Ofisi,False,False
HAFIK PETROL OFISI,39.854535,37.391056,Petrol Ofisi,False,False
HAFİK YOLU PETROL OFISI,39.851904,37.391114,Petrol Ofisi,False,False
HALIL ÖZKAN PETROL OFISI,39.80241,36.166666,Petrol Ofisi,False,False
İZMIRLI PETROL OFISI,39.736654,36.996737,Petrol Ofisi,False,False
KOYULHISAR PETROL OFISI,40.287436,37.803951,Petrol Ofisi,False,False
ÖMER ÇAKICI PETROL OFISI,38.721907,37.265748,Petrol Ofisi,False,False
ŞARKIŞLA,39.354574,36.4010718,Petrol Ofisi,False,False
ŞARKIŞLA GİRİŞ PETROL OFISI,39.372016,36.438462,Petrol Ofisi,False,False
ŞARKIŞLA PETROL OFISI,39.325096,36.350893,Petrol Ofisi,False,False
SIVAS BATI,39.6585865,37.0091067,Petrol Ofisi,False,False
SIVASSPOR PETROL OFISI,39.730732,37.002741,Petrol Ofisi,False,False
SULARBAŞI MAHALLESI PETROL OFISI,39.228272,37.385107,Petrol Ofisi,False,False
SUŞEHRİ 1 PETROL OFISI,40.1629,38.0858,Petrol Ofisi,False,False
SUŞEHRI YOLU PETROL OFISI,40.170033,38.112347,Petrol Ofisi,False,False
TAŞLIDERE PETROL OFISI,39.58359,37.03076,Petrol Ofisi,False,False
ULAŞ PETROL OFISI,39.450465,37.025797,Petrol Ofisi,False,False
XXX,39.75426,37.035676,Petrol Ofisi,False,False
ZARA PETROL OFISI,39.892415,37.747023,Petrol Ofisi,False,False
ADABÜK PETROL OFISI,40.951036,38.717745,Petrol Ofisi,False,False
ALMAN ÇEŞMESI PETROL OFISI,40.911747,38.424057,Petrol Ofisi,False,False
BOZATLIOĞLU,40.9295864,38.1748637,Petrol Ofisi,False,False
BÜKALTI SOKAĞI PETROL OFISI,40.983652,38.771657,Petrol Ofisi,False,False
DEMIRCILI MAHALLESI PETROL OFISI,41.006795,38.857157,Petrol Ofisi,False,False
DERELI PETROL OFISI,40.746815,38.447043,Petrol Ofisi,False,False
DERELIYOLU,40.9038,38.4438093,Petrol Ofisi,False,False
FATIH CADDESI PETROL OFISI,40.9385501,38.2246958,Petrol Ofisi,False,False
GÖRELE PETROL OFİSİ,41.031062,39.016914,Petrol Ofisi,False,False
GÜNEY MEVKII PETROL OFISI,40.820691,38.912516,Petrol Ofisi,False,False
GÜRE PETROL OFISI,40.916617,38.331095,Petrol Ofisi,False,False
İSMETPAŞA PETROL OFSI,40.940062,38.239168,Petrol Ofisi,False,False
KEŞAP PETROL OFISI,40.916897,38.520682,Petrol Ofisi,False,False
KÖRLIMAN PETROL OFISI,41.005618,38.842668,Petrol Ofisi,False,False
KURTULUŞ MAHALLESI PETROL OFISI,40.134742,38.735636,Petrol Ofisi,False,False
Ş.KARAHİSAR-FATIH MAHALLESI PETROL OFISI,40.291195,38.424086,Petrol Ofisi,False,False
TIREBOLU MERKEZ,41.0060073,38.8385086,Petrol Ofisi,False,False
UZUNCAKUM PETROL OFSI,40.917534,38.467819,Petrol Ofisi,False,False
ADALYA,36.8945476,30.7154755,Petrol Ofisi,False,False
ADRASAN,36.3959666,30.4047134,Petrol Ofisi,False,False
ADRASAN PETROL OFISI,36.388153,30.391615,Petrol Ofisi,False,False
AKÇAY PETROL OFISI,36.606841,29.757541,Petrol Ofisi,False,False
AKDENIZ BULVARI,37.0499417,30.6214303,Petrol Ofisi,False,False
AKSEKI PETROL OFISI,36.99832,31.759565,Petrol Ofisi,False,False
AKSU,36.9606107,30.82499,Petrol Ofisi,False,False
AKSU GIRIŞ PETROL OFISI,36.942927,30.901446,Petrol Ofisi,False,False
ALANYA,36.532967,32.0456548,Petrol Ofisi,False,False
ALANYA - KESTEL PETROL OFISI,36.515747,32.063277,Petrol Ofisi,False,False
ALANYA ÇEVREYOLU,36.5569005,31.9838959,Petrol Ofisi,False,False
ALARA,36.669244,31.6475442,Petrol Ofisi,False,False
ANTALYA ÇEVREYOLU,36.9079766,30.7459013,Petrol Ofisi,False,False
ANTALYA HAVAALANI,36.907704,30.8161155,Petrol Ofisi,False,False
ANTALYA ORGANIZE,36.9894737,30.6288644,Petrol Ofisi,False,False
ANTALYA OTOGAR,36.9111981,30.6647221,Petrol Ofisi,False,False
ASPENDOS,36.9002214,31.2068228,Petrol Ofisi,False,False
BELEK,36.9212884,31.0404006,Petrol Ofisi,False,False
BELEK MERKEZ,36.8749193,31.0531831,Petrol Ofisi,False,False
ÇAKIRLAR PETROL OFISI,36.877669,30.568525,Petrol Ofisi,False,False
ÇALKAYA,36.9349745,30.8144919,Petrol Ofisi,False,False
ÇALKAYA PETROL OFİSİ,36.946098,30.859087,Petrol Ofisi,False,False
ÇAMYUVA PETROL OFISI,36.557242,30.551515,Petrol Ofisi,False,False
ÇIĞLIK PETROL OFISI,37.035842,30.555302,Petrol Ofisi,False,False
CIKCILLI PETROL OFISI,36.549936,32.022647,Petrol Ofisi,False,False
DAMLATAŞ,36.5455527,31.9922183,Petrol Ofisi,False,False
DEMRE,36.2393091,29.9876845,Petrol Ofisi,False,False
DEMRE MERKEZ PETROL OFISI,36.2459884,29.9869792,Petrol Ofisi,False,False
DEMRE PETROL OFISI,36.238504,29.994649,Petrol Ofisi,False,False
DOĞANÇAM PETROL OFİSİ,36.7639587,31.5063216,Petrol Ofisi,False,False
DOĞU GARAJI PETROL OFISI,36.890519,30.710891,Petrol Ofisi,False,False
DOKUMA PETROL OFISI,36.919185,30.671814,Petrol Ofisi,False,False
DÖŞEMEALTI,37.0281289,30.6267354,Petrol Ofisi,False,False
DÜZLERÇAMI 1 PETROL OFISI,36.97793,30.576518,Petrol Ofisi,False,False
ELMALI 1 PETROL OFISI,36.702231,29.917539,Petrol Ofisi,False,False
ELMALI 2 PETROL OFISI,36.7487853,29.9569875,Petrol Ofisi,False,False
ELMALI 4 PETROL OFISI,36.633215,29.797088,Petrol Ofisi,False,False
ESKIHISAR PETROL OFISI,36.778851,29.815406,Petrol Ofisi,False,False
FALEZ,36.8860016,30.6659167,Petrol Ofisi,False,False
FINIKE,36.3162308,30.2121369,Petrol Ofisi,False,False
FINIKE MERKEZ,36.3146762,30.1594114,Petrol Ofisi,False,False
FINIKE MERKEZ PETROL OFISI,36.301256,30.142502,Petrol Ofisi,False,False
FINIKE PETROL OFISI,36.34533,30.128287,Petrol Ofisi,False,False
GAZI BULVARI,36.9121404,30.7343643,Petrol Ofisi,False,False
GAZI BULVARI 1 PETROL OFISI,36.910099,30.696617,Petrol Ofisi,False,False
GAZI BULVARI 2 PETROL OFISI,36.912169,30.73484,Petrol Ofisi,False,False
GAZIPAŞA,36.2522472,32.3379435,Petrol Ofisi,False,False
GAZIPAŞA 1 PETROL OFISI,36.270316,32.313242,Petrol Ofisi,False,False
GAZIPAŞA 2 PETROL OFISI,36.26209,32.319936,Petrol Ofisi,False,False
GÜZELOBA PETROL OFISI,36.861572,30.786649,Petrol Ofisi,False,False
HAL PETROL OFISI,36.919407,30.744361,Petrol Ofisi,False,False
HÖYÜK PETROL OFISI,37.113388,30.610813,Petrol Ofisi,False,False
ILICA 1 PETROL OFISI,36.8173,31.3612,Petrol Ofisi,False,False
ILICA 2 PETROL OFISI,36.81486,31.366363,Petrol Ofisi,False,False
ILICAKÖY PETROL OFISI,37.154148,30.638995,Petrol Ofisi,False,False
İNCEKUM PETROL OFISI,36.642723,31.734314,Petrol Ofisi,False,False
KALKAN PETROL OFISI,36.271904,29.412475,Petrol Ofisi,False,False
KARAÖZ PETROL OFISI,37.218434,30.790546,Petrol Ofisi,False,False
KARYAĞDI PETROL OFİSİ,36.728767,29.899391,Petrol Ofisi,False,False
KAŞ,36.2163551,29.6814606,Petrol Ofisi,False,False
KAŞ - YEŞILKÖY PETROL OFISI,36.289417,29.349442,Petrol Ofisi,False,False
KAŞ PETROL OFISI,36.201769,29.638643,Petrol Ofisi,False,False
KASABA PETROL OFISI,36.305935,29.731495,Petrol Ofisi,False,False
KEMER MERKEZ,36.6230821,30.551745,Petrol Ofisi,False,False
KEMERYOLU,36.8433554,30.5977254,Petrol Ofisi,False,False
KEPEZ - OTOGAR PETROL OFISI,36.919208,30.663153,Petrol Ofisi,False,False
KEPEZ MERKEZ,36.9144388,30.6961312,Petrol Ofisi,False,False
KEPEZ ÜZERI PETROL OFISI,36.956766,30.623982,Petrol Ofisi,False,False
KIRCAMI,36.8756561,30.7336166,Petrol Ofisi,False,False
KIRIŞ PETROL OFISI,36.577367,30.555756,Petrol Ofisi,False,False
KIZILCADAĞ PETROL OFISI,37.01265,29.952413,Petrol Ofisi,False,False
KIZILOT,36.726904,31.5488831,Petrol Ofisi,False,False
KIZLARPINARI PETROL OFISI,36.55654,31.97659,Petrol Ofisi,False,False
KONAKLI PETROL OFISI,36.584803,31.889814,Petrol Ofisi,False,False
KONYAALTI LIMAN,36.8474175,30.6096543,Petrol Ofisi,False,False
KONYAALTI PETROL OFISI,36.860218,30.634849,Petrol Ofisi,False,False
KORKUTELI,37.0157155,30.3320547,Petrol Ofisi,False,False
KORKUTELI 1 PETROL OFISI,37.085618,30.20313,Petrol Ofisi,False,False
KORKUTELI 2 PETROL OFISI,37.122726,30.228393,Petrol Ofisi,False,False
KORKUTELI MERKEZ PETROL OFISI,37.064323,30.196319,Petrol Ofisi,False,False
KUMLUCA - HAL PETROL OFISI,36.377259,30.288235,Petrol Ofisi,False,False
KUMLUCA MEZKER PETROL OFISI,36.367437,30.283795,Petrol Ofisi,False,False
LARA,36.8519059,30.7696053,Petrol Ofisi,False,False
MAHMUTLAR PETROL OFISI,36.483151,32.099477,Petrol Ofisi,False,False
MANAVGAT,36.791357,31.4132203,Petrol Ofisi,False,False
MANAVGAT - MERKEZ PETROL OFISI,36.792482,31.415293,Petrol Ofisi,False,False
MANAVGAT - SORGUN PETROL OFISI,36.770795,31.425378,Petrol Ofisi,False,False
MANAVGAT ŞELALE,36.8134622,31.4524643,Petrol Ofisi,False,False
MISIR ÇARŞISI PETROL OFISI,36.916336,30.715343,Petrol Ofisi,False,False
MURATPAŞA - ALTINOVA PETROL OFISI,36.910444,30.772385,Petrol Ofisi,False,False
MURATPAŞA - GAZİ BULVARI PETROL OFİSİ,36.908699,30.691608,Petrol Ofisi,False,False
NARENCIYE PETROL OFISI,36.881507,30.720077,Petrol Ofisi,False,False
OBA MAHALLESI,36.5356782,32.0464921,Petrol Ofisi,False,False
OBA PETROL OFISI,36.536715,32.04359,Petrol Ofisi,False,False
OKURCULAR PETROL OFISI,36.65569,31.670502,Petrol Ofisi,False,False
ORGANIZE SANAYI PETROL OFISI,37.038303,30.62556,Petrol Ofisi,False,False
OVA PETROL OFISI,36.3107,29.3302,Petrol Ofisi,False,False
PAYALLAR 1 PETROL OFISI,36.593083,31.841632,Petrol Ofisi,False,False
PAYALLAR 2 PETROL OFISI,36.612622,31.860324,Petrol Ofisi,False,False
PERGE,36.939961,30.9244416,Petrol Ofisi,False,False
PHASELIS,36.6230818,30.5527618,Petrol Ofisi,False,False
PINARLI PETROL OFISI,36.936767,30.815297,Petrol Ofisi,False,False
SAKARYA BULVARI,36.9188702,30.6978382,Petrol Ofisi,False,False
SARILAR PETROL OFISI,36.806763,31.430081,Petrol Ofisi,False,False
ŞELALE,36.9399418,30.7100972,Petrol Ofisi,False,False
SERIK 1 PETROL OFISI,36.912325,31.102148,Petrol Ofisi,False,False
SIDE,36.7929726,31.4153281,Petrol Ofisi,False,False
SIDE PETROL OFISI,36.788159,31.400966,Petrol Ofisi,False,False
SILVER HILL EMLAK YATIRIM,36.5456509,32.022965,Petrol Ofisi,False,False
SÜTÇÜLER,36.9422155,30.7413632,Petrol Ofisi,False,False
TAŞAĞIL,36.8908456,31.2240377,Petrol Ofisi,False,False
TURİSTİK PETROL OFİSİ,36.8926324,30.6939584,Petrol Ofisi,False,False
TURIZM YOLU PETROL OFISI,36.902778,30.8175,Petrol Ofisi,False,False
TURUNÇOVA PETROL OFSI,36.4521,30.1314,Petrol Ofisi,False,False
ULUALAN,36.7673809,31.4971226,Petrol Ofisi,False,False
VARSAK PETROL OFİSİ,36.948,30.7067,Petrol Ofisi,False,False
YUKARIKOCAYATAK PETROL OFISI,36.934727,30.961662,Petrol Ofisi,False,False
ADANA GIRIŞI KARATAŞ PETROL OFISI,36.845725,35.339899,Petrol Ofisi,False,False
ADANA ORGANIZE,36.9681048,35.5643799,Petrol Ofisi,False,False
ADANA OTOBAN GÜNEY PETROL OFISI,37.003313,35.702415,Petrol Ofisi,False,False
ADANA OTOBAN KUZEY PETROL OFISI,37.005,35.7047,Petrol Ofisi,False,False
ALPARSLAN TÜRKEŞ PETROL OFISI,37.007962,35.307966,Petrol Ofisi,False,False
ARSLANDAMI,36.9962228,35.2548733,Petrol Ofisi,False,False
ASRİ MEZARLIK PETROL OFİSİ,36.9859082,35.3596379,Petrol Ofisi,False,False
BURUK,37.069641,35.4548552,Petrol Ofisi,False,False
BURUK MEZARLIĞI PETROL OFISI,37.0402,35.4279,Petrol Ofisi,False,False
CEMALPAŞA PETROL OFISI,37.005836,35.330289,Petrol Ofisi,False,False
CEYHAN YENI SANAYI PETROL OFISI,37.04033,35.815772,Petrol Ofisi,False,False
ÇUKUROVA,37.0403811,35.3026342,Petrol Ofisi,False,False
EKTIREN PETROL,36.9671127,35.5743739,Petrol Ofisi,False,False
ESKI BARAJ,37.0138098,35.3269455,Petrol Ofisi,False,False
GÜRÇELİK AKARYAKIT OTOMOTİV GIDA TARIM HAYVANCILIK İNŞAAT EM,37.040806,35.394194,Petrol Ofisi,False,False
HANEDAN,36.9888166,35.3204341,Petrol Ofisi,False,False
HAVAALANI PETROL OFISI,36.993753,35.298442,Petrol Ofisi,False,False
HAVUTLU,36.9563458,35.3466129,Petrol Ofisi,False,False
HIPODROM KARŞISI 1 PETROL OFISI,36.995848,35.223487,Petrol Ofisi,False,False
HIPODROM KARŞISI 2 PETROL OFISI,36.995858,35.223444,Petrol Ofisi,False,False
HNG PETROL ÜRÜNLERİ TURİZM SANAYİ VE TİCARET LİMİTED ŞİRKETİ,37.051922,35.808873,Petrol Ofisi,False,False
İMAMOĞLU PETROL OFISI,37.243954,35.643635,Petrol Ofisi,False,False
İNCIRLIK KAVŞAĞI,36.9824038,35.4296489,Petrol Ofisi,False,False
KARAHAN,37.0494575,35.1769161,Petrol Ofisi,False,False
KARAISALI MERKEZ PETROL OFISI,37.253176,35.063994,Petrol Ofisi,False,False
KARATAŞ BULVARI PETROL OFISI,36.962379,35.34368,Petrol Ofisi,False,False
KARATAŞ MERKEZ PETROL OFISI,36.573593,35.383172,Petrol Ofisi,False,False
KIREMITHANE,37.0028633,35.3665867,Petrol Ofisi,False,False
KOZAN ÇIKIŞI PETROL OFİSİ,37.4218594,35.7873,Petrol Ofisi,False,False
KOZAN GIRIŞI PETROL OFISI,37.436083,35.793982,Petrol Ofisi,False,False
KOZAN MERKEZ PETROL OFISI,37.452305,35.814224,Petrol Ofisi,False,False
KÜRKÇÜLER PETROL OFISI,36.973373,35.508286,Petrol Ofisi,False,False
KURTTEPE,37.0446662,35.2554818,Petrol Ofisi,False,False
MIDIK,36.9538878,35.3135156,Petrol Ofisi,False,False
MOBILYACILAR SITESI PETROL OFISI,36.982748,35.41816,Petrol Ofisi,False,False
MUSTAFA KEMAL BULVARI,37.0054053,35.3176876,Petrol Ofisi,False,False
MUSTAFA KEMAL PAŞA BULVARI PETROL OFISI,37.008638,35.357269,Petrol Ofisi,False,False
MUSTAFABEYLI PETROL OFISI,37.075679,36.069084,Petrol Ofisi,False,False
ÖĞRETMENLER BULVARI 1 PETROL OFISI,37.010907,35.249502,Petrol Ofisi,False,False
ÖĞRETMENLER BULVARI 2 PETROL OFISI,37.041629,35.255739,Petrol Ofisi,False,False
POLIS OKULU PETROL OFISI,36.984405,35.374574,Petrol Ofisi,False,False
POZANTI MERKEZ 2 PETROL OFISI,37.447193,34.874489,Petrol Ofisi,False,False
POZANTI MERKEZ PETROL OFISI,37.419314,34.873927,Petrol Ofisi,False,False
POZANTI OTOBAN 1 PETROL OFISI,37.462466,34.876872,Petrol Ofisi,False,False
POZANTI OTOBAN 2 PETROL OFISI,37.444854,34.881002,Petrol Ofisi,False,False
REAL PETROL OFISI,37.018006,35.246119,Petrol Ofisi,False,False
RUH SAĞLIĞI KARŞISI PETROL OFISI,37.050359,35.262819,Petrol Ofisi,False,False
SAİMBEYLİ MERKEZ PETROL OFİSİ,37.987289,36.090385,Petrol Ofisi,False,False
SAIMBEYLI PETROL OFISI,37.949737,36.081433,Petrol Ofisi,False,False
ŞAKIRPAŞA,36.993862,35.2976263,Petrol Ofisi,False,False
SALBAŞ PETROL OFİSİ,37.106358,35.110451,Petrol Ofisi,False,False
SARIÇAM,37.0121378,35.3969556,Petrol Ofisi,False,False
SARIÇAM PETROL OFISI,37.055537,35.441878,Petrol Ofisi,False,False
SARIHAMZALI PETROL OFİSİ,36.994711,35.218713,Petrol Ofisi,False,False
SAYDAM,36.9759134,35.323155,Petrol Ofisi,False,False
SEYHAN GÜNEY,37.0288691,35.3965361,Petrol Ofisi,False,False
SEYHAN KUZEY,37.0298834,35.3953275,Petrol Ofisi,False,False
SHERATON KARŞISI PETROL OFISI,37.003461,35.341379,Petrol Ofisi,False,False
TAŞKÖPRÜ,36.9861208,35.3374058,Petrol Ofisi,False,False
TOPTANCILAR SITESI PETROL OFISI,36.9868211,35.2541775,Petrol Ofisi,False,False
TOROSLAR GÜNEY,37.0292103,35.2055254,Petrol Ofisi,False,False
TOROSLAR KUZEY,37.0302109,35.2028437,Petrol Ofisi,False,False
TUFANBEYLI PETROL OFISI,38.255335,36.217931,Petrol Ofisi,False,False
TÜRKMENBAŞI PETROL OFISI,37.011343,35.289098,Petrol Ofisi,False,False
YAVUZLAR,37.0000863,35.3498219,Petrol Ofisi,False,False
YEŞILBAĞLAR PETROL OFISI,36.962757,35.36695,Petrol Ofisi,False,False
YEŞILOBA,36.9958043,35.222414,Petrol Ofisi,False,False
YILDIRIM BEYAZIT PETROL OFISI,37.027093,35.401338,Petrol Ofisi,False,False
YUMURTALIK MERKEZ PETROL OFISI,36.777468,35.793571,Petrol Ofisi,False,False
ADANA KADIRLI YOLU PETROL OFISI,37.363959,36.08027,Petrol Ofisi,False,False
ANDIRIN YOLU PETROL OFİSİ,37.367665,36.110897,Petrol Ofisi,False,False
BAHÇE MERKEZ PETROL OFISI,37.193531,36.579515,Petrol Ofisi,False,False
DÜZIÇI MERKEZ PETROL OFISI,37.244413,36.45839,Petrol Ofisi,False,False
DÜZİÇİ PETROL OFİSİ,37.2267309,36.4424854,Petrol Ofisi,False,False
KADIRLI ADANA YOLU PETROL OFISI,37.365205,36.066437,Petrol Ofisi,False,False
KADIRLI ÇARŞI PETROL OFISI,37.368979,36.105422,Petrol Ofisi,False,False
KADIRLI MERKEZ PETROL OFISI,37.368289,36.09726,Petrol Ofisi,False,False
KADIRLI OSMANIYE YOLU PETROL OFISI,37.360438,36.091027,Petrol Ofisi,False,False
KADIRLI YENI,37.3675052,36.0866093,Petrol Ofisi,False,False
OSMANIYE,37.0766155,36.2518081,Petrol Ofisi,False,False
OSMANIYE KADIRLI YÖNÜ PETROL OFISI,37.326884,36.060113,Petrol Ofisi,False,False
OSMANIYE MERKEZ,37.0685379,36.2357718,Petrol Ofisi,False,False
OSMANIYE MERKEZ PETROL OFISI,37.07487,36.247488,Petrol Ofisi,False,False
OSMANIYE OSB,37.0120996,36.1090613,Petrol Ofisi,False,False
OSMANIYE OTOBAN ÇIKIŞI PETROL OFISI,37.097171,36.246257,Petrol Ofisi,False,False
OSMANIYE TOPRAKKALE YOLU PETROL OFISI,37.056419,36.187025,Petrol Ofisi,False,False
SUMBAS MERKEZ PETROL OFISI,37.405683,36.017454,Petrol Ofisi,False,False
ADAPAZARI - KARAMAN YOLU PETROL OFISI,40.824009,30.353373,Petrol Ofisi,False,False
ADAPAZARI KUZEY 1,40.803997,30.4062376,Petrol Ofisi,False,False
ADAPAZARI KUZEY 2,40.8065959,30.4347979,Petrol Ofisi,False,False
AKYAZI,40.6937495,30.6202863,Petrol Ofisi,False,False
AKYAZI 1 PETROL OFISI,40.695221,30.620026,Petrol Ofisi,False,False
AKYAZI MERKEZ,40.6840906,30.625334,Petrol Ofisi,False,False
ALTINDERE PETROL OFISI,40.683433,30.671843,Petrol Ofisi,False,False
ARİFİYE PETROL OFİSİ,40.717692,30.365694,Petrol Ofisi,False,False
BUDAKLAR PETROL OFISI,40.786942,30.484389,Petrol Ofisi,False,False
BUĞDAYLI PETROL OFISI,40.678431,30.551149,Petrol Ofisi,False,False
BÜYÜKYANIK PETROL OFISI,41.098334,30.43119,Petrol Ofisi,False,False
ÇÖKEKLER PETROL OFISI,40.79079,30.458531,Petrol Ofisi,False,False
ERENLER,40.7574801,30.4149992,Petrol Ofisi,False,False
ERENLER 2 PETROL OFISI,40.744666,30.414311,Petrol Ofisi,False,False
ERENLER PETROL OFISI,40.762386,30.412699,Petrol Ofisi,False,False
ERENLER PETROL OFİSİ,40.690147,30.473513,Petrol Ofisi,False,False
ERENLER SANAYI,40.7385034,30.4105899,Petrol Ofisi,False,False
EYLÜL PETROL OFİSİ,40.77734,30.4135,Petrol Ofisi,False,False
FERIZLI PETROL OFISI,40.94748,30.4976,Petrol Ofisi,False,False
GEYVE,40.5592259,30.3217254,Petrol Ofisi,False,False
GÜNEY TERMINALI PETROL OFISI,40.759976,30.392596,Petrol Ofisi,False,False
HENDEK,40.7948171,30.734468,Petrol Ofisi,False,False
HENDEK ORGANIZE PETROL OFISI,40.7761875,30.6539257,Petrol Ofisi,False,False
HENDEK PETROL OFISI,40.783713,30.741067,Petrol Ofisi,False,False
İHSANIYE PETROL OFISI,41.118441,30.644799,Petrol Ofisi,False,False
KARASU 1 PETROL OFISI,41.104398,30.69525,Petrol Ofisi,False,False
KARASU 2 PETROL OFISI,41.069431,30.799245,Petrol Ofisi,False,False
KARASU SAHILYOLU,41.0955071,30.7154496,Petrol Ofisi,False,False
KARASU YOLU PETROL OFİSİ,40.801363,30.406367,Petrol Ofisi,False,False
KAYNARCA 1 PETROL OFISI,41.027028,30.308368,Petrol Ofisi,False,False
KAYNARCA 2 PETROL OFISI,41.036857,30.300523,Petrol Ofisi,False,False
KOCAALI 1 PETROL OFISI,41.072333,30.842136,Petrol Ofisi,False,False
KOCAALI 2 PETROL OFISI,41.001618,30.817369,Petrol Ofisi,False,False
KOCAALI 3 PETROL OFISI,41.0715949,30.8546406,Petrol Ofisi,False,False
KÖPRÜBAŞI PETROL OFISI,40.806409,30.759672,Petrol Ofisi,False,False
KOZLUK PETROL OFISI,40.740831,30.436677,Petrol Ofisi,False,False
KURTKÖY PETROL OFISI,40.84193,30.634479,Petrol Ofisi,False,False
KUZULUK YOLU PETROL OFISI,40.694763,30.572209,Petrol Ofisi,False,False
MEKECE PETROL OFISI,40.446455,30.050766,Petrol Ofisi,False,False
MODERN SANAYI PETROL OFISI,40.735322,30.387214,Petrol Ofisi,False,False
PABUÇÇULAR PETROL OFISI,40.76642,30.396625,Petrol Ofisi,False,False
PAMUKOVA,40.4984606,30.0961082,Petrol Ofisi,False,False
PAMUKOVA 1 PETROL OFISI,40.476042,30.059247,Petrol Ofisi,False,False
PAMUKOVA 2 PETROL OFISI,40.512886,30.233667,Petrol Ofisi,False,False
PAMUKOVA 3 PETROL OFİSİ,40.513718,30.234945,Petrol Ofisi,False,False
SAKARBABA PETROL OFISI,40.75634,30.403807,Petrol Ofisi,False,False
SAPANCA PETROL OFISI,40.6890042,30.2725096,Petrol Ofisi,False,False
SÖĞÜTLÜ PETROL OFISI,40.895147,30.472499,Petrol Ofisi,False,False
TARAKLI PETROL OFISI,40.400271,30.549931,Petrol Ofisi,False,False
TEPECİKLER PETROL OFISI,40.5173276,30.2928505,Petrol Ofisi,False,False
TUNA TAN DOĞU PETROL OFİSİ,40.513571,30.237036,Petrol Ofisi,False,False
YAĞCILAR PETROL OFISI,40.777568,30.42623,Petrol Ofisi,False,False
YAZLIK CADDESI PETROL OFISI,40.776433,30.388086,Petrol Ofisi,False,False
ADIL PETROL OFISI,40.972858,29.262305,Petrol Ofisi,False,False
AĞVA PETROL OFISI,41.12908,29.853184,Petrol Ofisi,False,False
AKÇABURGAZ PETROL OFİSİ,41.0673038,28.6494333,Petrol Ofisi,False,False
AKŞEMSETTIN PETROL OFISI,40.9422685,29.3024818,Petrol Ofisi,False,False
ALEMDAĞ PETROL OFISI,41.039713,29.234419,Petrol Ofisi,False,False
ALIPAŞA PETROL OFISI,41.103691,28.219449,Petrol Ofisi,False,False
ALTAYÇEŞME,40.9377606,29.1380217,Petrol Ofisi,False,False
ALTAYÇEŞME PETROL OFISI,40.927853,29.132846,Petrol Ofisi,False,False
ALTINŞEHIR,41.0426403,28.7563577,Petrol Ofisi,False,False
ALTINŞEHIR PETROL OFISI,41.063599,28.746139,Petrol Ofisi,False,False
ARNAVUTKOY,41.1860154,28.7392439,Petrol Ofisi,False,False
ARNAVUTKÖY 1 PETROL OFISI,41.191662,28.733737,Petrol Ofisi,False,False
ARNAVUTKÖY 2 PETROL OFISI,41.136504,28.623106,Petrol Ofisi,False,False
ARNAVUTKÖY MERKEZ PETROL OFISI,41.181954,28.742879,Petrol Ofisi,False,False
ASLANTEPE PETROL OFİSİ,41.0852408,28.9781131,Petrol Ofisi,False,False
ATAKENT PETROL OFISI,41.013264,29.107253,Petrol Ofisi,False,False
ATAKÖY PETROL OFISI,40.991821,28.838576,Petrol Ofisi,False,False
ATAŞEHİR B PETROL OFİSİ,40.9852483,29.1071994,Petrol Ofisi,False,False
ATAŞEHIR PETROL OFISI,40.985873,29.108717,Petrol Ofisi,False,False
ATATÜRK CADDESİ PETROL OFİSİ,40.9813919,29.0811441,Petrol Ofisi,False,False
AVCILAR PETROL OFISI,40.990876,28.718538,Petrol Ofisi,False,False
AVCILAR PETROL OFİSİ,40.995385,28.7047476,Petrol Ofisi,False,False
AYDINLI PETROL OFISI,40.8669,29.3345,Petrol Ofisi,False,False
BAĞCILAR PETROL OFISI,41.041719,28.849696,Petrol Ofisi,False,False
BAGLAR ATATURK CADDESI,41.0262105,28.8141446,Petrol Ofisi,False,False
BAĞLAR PETROL OFİSİ,41.0261374,28.8141525,Petrol Ofisi,False,False
BAHARIYE,41.0575742,28.9419496,Petrol Ofisi,False,False
BAHÇELIEVLER İSTANBUL,41.0033917,28.8662834,Petrol Ofisi,False,False
BAHÇELIEVLER PETROL OFISI,41.013141,28.846844,Petrol Ofisi,False,False
BAHÇEŞEHIR PETROL OFISI,41.060356,28.698599,Petrol Ofisi,False,False
BAKIRKÖY PETROL OFISI,40.981723,28.884375,Petrol Ofisi,False,False
BAŞAKŞEHİR PETROL OFİSİ,41.1044889,28.8040448,Petrol Ofisi,False,False
BAYRAMPAŞA PETROL OFISI,41.032106,28.905484,Petrol Ofisi,False,False
BAYRAMPAŞA-İSMETPAŞA PETROL OFISI,41.040579,28.911797,Petrol Ofisi,False,False
BEREÇ PETROL OFISI,41.055522,28.909725,Petrol Ofisi,False,False
BEŞYÜZEVLER,41.0729849,28.8867404,Petrol Ofisi,False,False
BEYKENT,41.0184379,28.6326382,Petrol Ofisi,False,False
BEYKOZ PETROL OFİSİ,41.1278,29.0963,Petrol Ofisi,False,False
BEYLIKDÜZÜ CUMHURIYET PETROL OFISI,41.019489,28.629376,Petrol Ofisi,False,False
BOLLUCA,41.203328,28.7597771,Petrol Ofisi,False,False
BOSTANCI GÜNEY PETROL OFİSİ,40.9664572,29.1034079,Petrol Ofisi,False,False
BOSTANCI KUZEY PETROL OFİSİ,40.9670493,29.1041382,Petrol Ofisi,False,False
BULGURLU PETROL OFISI,41.018349,29.084836,Petrol Ofisi,False,False
BÜYÜKÇAVUŞLU PETROL OFISI,41.225826,28.063646,Petrol Ofisi,False,False
BÜYÜKÇEKMECE PETROL OFISI,41.021866,28.583958,Petrol Ofisi,False,False
BÜYÜKÇEKMECE PETROL OFİSİ,41.024921,28.6592737,Petrol Ofisi,False,False
BÜYÜKKILIÇLI PETROL OFISI,41.160319,28.186141,Petrol Ofisi,False,False
ÇAĞLAYAN,41.0715661,28.9799037,Petrol Ofisi,False,False
ÇAKMAKLI,41.0360199,28.6241012,Petrol Ofisi,False,False
ÇAMLICA,41.0241027,29.0549065,Petrol Ofisi,False,False
ÇAMLICA PETROL OFISI,41.022631,29.074998,Petrol Ofisi,False,False
ÇAMLIK PETROL OFİSİ,40.9194504,29.2864824,Petrol Ofisi,False,False
ÇATALCA PETROL OFISI,41.150827,28.452985,Petrol Ofisi,False,False
ÇENGELKÖY,41.0519416,29.0520438,Petrol Ofisi,False,False
CENNET,40.9884716,28.7909033,Petrol Ofisi,False,False
CENNET PETROL OFISI,40.985933,28.783906,Petrol Ofisi,False,False
CEVIZLI PETROL OFISI,40.924066,29.151069,Petrol Ofisi,False,False
CEVIZLIBAĞ PETROL OFISI,41.0151811,28.9079361,Petrol Ofisi,False,False
ÇIRPICI PETROL OFİSİ,40.9952463,28.8950263,Petrol Ofisi,False,False
DEREYOLU PETROL OFİSİ,41.0274069,28.8473981,Petrol Ofisi,False,False
DES SANAYI,40.9993882,29.1817395,Petrol Ofisi,False,False
DOĞANCILI ŞILE PETROL OFISI,41.190722,29.447261,Petrol Ofisi,False,False
DOKUZ PALMIYELER PETROL OFISI,40.891255,29.177307,Petrol Ofisi,False,False
DUDULLU - PETROL OFİSİ,41.01655,29.177786,Petrol Ofisi,False,False
DUDULLU B PETROL OFİSİ,41.0181119,29.1716436,Petrol Ofisi,False,False
ELLİNCİYIL PETROL OFİSİ,41.0557732,28.8968121,Petrol Ofisi,False,False
ESENKENT PETROL OFİSİ,41.068704,28.6608346,Petrol Ofisi,False,False
ESENYALI PETROL OFISI,40.856063,29.291231,Petrol Ofisi,False,False
ESENYURT E-5 YANYOL PETROL OFISI,41.019662,28.631558,Petrol Ofisi,False,False
ESENYURT MEYDAN,41.0338468,28.6802134,Petrol Ofisi,False,False
ESENYURT PETROL OFISI,41.011544,28.679093,Petrol Ofisi,False,False
EYÜP,41.0391554,28.9173618,Petrol Ofisi,False,False
EYÜPSULTAN 2 PETROL OFISI,41.03876,28.922014,Petrol Ofisi,False,False
EYÜPSULTAN PETROL OFISI,41.037398,28.92561,Petrol Ofisi,False,False
FATIH,41.0178111,28.9508979,Petrol Ofisi,False,False
FATIH-PAZAR ALANI PETROL OFISI,41.018712,28.954762,Petrol Ofisi,False,False
FENERBAHÇE PETROL OFİSİ,40.9806527,29.0417068,Petrol Ofisi,False,False
FENERKÖY GÜNEY PETROL OFİSİ,41.131518,28.2298295,Petrol Ofisi,False,False
FENERKÖY KUZEY PETROL OFİSİ,41.1336929,28.2320731,Petrol Ofisi,False,False
FORMULA - 1,40.9357312,29.3611015,Petrol Ofisi,False,False
GAZI MAHALLESI,41.0951051,28.8957754,Petrol Ofisi,False,False
GAZIOSMANPAŞA PETROL OFISI,41.061816,28.902302,Petrol Ofisi,False,False
GIRNE MAHALLESI PETROL OFISI,40.938311,29.140858,Petrol Ofisi,False,False
GISBIR PETROL OFISI,40.847203,29.295471,Petrol Ofisi,False,False
GÖKÇEALI PETROL OFISI,41.197256,28.445671,Petrol Ofisi,False,False
GÖZTEPE (MINIBÜS CADDESI) PETROL OFISI,40.981417,29.068694,Petrol Ofisi,False,False
GÜLSUYU,40.9202872,29.1476691,Petrol Ofisi,False,False
GÜLTEPE,41.07879,29.0029127,Petrol Ofisi,False,False
GÜMRÜKYOLU,41.0294188,28.7957198,Petrol Ofisi,False,False
GÜNEŞLI,41.0448778,28.8229635,Petrol Ofisi,False,False
GÜNEŞLI METRO,41.0309909,28.8147186,Petrol Ofisi,False,False
GÜNEŞLI PETROL OFISI,41.034454,28.833306,Petrol Ofisi,False,False
GÜNEŞTEPE PETROL OFISI,41.029724,28.866926,Petrol Ofisi,False,False
GÜNGÖREN MERKEZ,41.0298158,28.8635259,Petrol Ofisi,False,False
GÜRPINAR,41.0010088,28.618197,Petrol Ofisi,False,False
GÜZELCE PETROL OFISI,41.01797,28.482525,Petrol Ofisi,False,False
HABIPLER MERKEZ,41.1297303,28.8377966,Petrol Ofisi,False,False
HADIMKÖY GIŞELER PETROL OFISI,41.079439,28.625867,Petrol Ofisi,False,False
HADIMKÖY YOLU PETROL OFİSİ,41.091506,28.634699,Petrol Ofisi,False,False
HALICIOĞLU PETROL OFISI,41.043762,28.947949,Petrol Ofisi,False,False
HALKALI,41.0366969,28.7970479,Petrol Ofisi,False,False
HALKALI İSTASYON PETROL OFISI,41.014709,28.768165,Petrol Ofisi,False,False
HALKALI PETROL OFİSİ,41.034756,28.766857,Petrol Ofisi,False,False
HANÇER,41.0501878,28.8591007,Petrol Ofisi,False,False
HEKIMSUYU PETROL OFISI,41.083836,28.90909,Petrol Ofisi,False,False
İKITELLI PETROL OFISI,41.067942,28.810967,Petrol Ofisi,False,False
ISPARTAKULE,41.0568949,28.7281147,Petrol Ofisi,False,False
ISPARTAKULE PETROL OFİSİ,41.070265,28.699912,Petrol Ofisi,False,False
İSTANBUL PARK PETROL OFISI,40.942852,29.373621,Petrol Ofisi,False,False
İSTINYE SAHIL PETROL OFISI,41.114164,29.059939,Petrol Ofisi,False,False
KAĞITHANE,41.0755161,28.9698134,Petrol Ofisi,False,False
KAĞITHANE MERKEZ PETROL OFİSİ,41.0785656,28.9722905,Petrol Ofisi,False,False
KAĞITHANE PETROL OFISI,41.081047,28.986978,Petrol Ofisi,False,False
KAMILOBA,41.0377822,28.4372895,Petrol Ofisi,False,False
KAMILOBA PETROL OFISI,41.040221,28.428392,Petrol Ofisi,False,False
KARTAL PETROL OFISI,40.889484,29.206993,Petrol Ofisi,False,False
KARTAL-M,40.8966655,29.2034796,Petrol Ofisi,False,False
KAVAKLI PETROL OFISI,40.9835529,28.644016,Petrol Ofisi,False,False
KAYAŞEHIR PETROL OFISI,41.120677,28.782443,Petrol Ofisi,False,False
KAYIŞDAĞI,40.979399,29.1274414,Petrol Ofisi,False,False
KAYIŞDAĞI PETROL OFISI,40.988467,29.145544,Petrol Ofisi,False,False
KEMERBURGAZ PETROL OFISI,41.179075,28.883799,Petrol Ofisi,False,False
KESTANELIK PETROL OFISI,41.227533,28.491646,Petrol Ofisi,False,False
KINALI PETROL OFISI,41.071143,28.113734,Petrol Ofisi,False,False
KIRAÇ PETROL OFİSİ,41.030704,28.6625247,Petrol Ofisi,False,False
KIREÇBURNU SAHIL PETROL OFISI,41.151455,29.042584,Petrol Ofisi,False,False
KIZILELMA PETROL OFİSİ,41.0070733,28.936729,Petrol Ofisi,False,False
KIZTASI,41.0164245,28.9492874,Petrol Ofisi,False,False
KOCASINAN,41.0142251,28.842153,Petrol Ofisi,False,False
KOCASINAN YOLU,41.0138331,28.8259715,Petrol Ofisi,False,False
KÜÇÜKÇEKMECE İKITELLI PETROL OFISI,41.048961,28.799747,Petrol Ofisi,False,False
KÜÇÜKKÖY PETROL OFISI,41.078736,28.895682,Petrol Ofisi,False,False
KÜÇÜKYALI E-5 PETROL OFISI,40.947893,29.123485,Petrol Ofisi,False,False
KUMBURGAZ,41.0284262,28.4598765,Petrol Ofisi,False,False
KURTKÖY PETROL OFİSİ,40.91489,29.303537,Petrol Ofisi,False,False
LEVENT,41.0738706,29.0158598,Petrol Ofisi,False,False
LEVENT PETROL OFISI,41.093603,29.004532,Petrol Ofisi,False,False
LIBADIYE PETROL OFISI,41.011423,29.0751,Petrol Ofisi,False,False
MAHMUTBEY MERKEZ,41.0567636,28.830397,Petrol Ofisi,False,False
MASLAK PETROL OFİSİ,41.1085454,29.0232545,Petrol Ofisi,False,False
MATBAACILAR SITESI PETROL OFISI,41.028386,28.916808,Petrol Ofisi,False,False
MERDIVENKÖY E-5 PETROL OFISI,40.9898418,29.081952,Petrol Ofisi,False,False
MERTER,41.0047306,28.8923764,Petrol Ofisi,False,False
METRIS YOLU,41.0561628,28.87574,Petrol Ofisi,False,False
MİMAROBA - PETROL OFİSİ,41.00788,28.537681,Petrol Ofisi,False,False
MIMARSINAN M,41.0183935,28.5639676,Petrol Ofisi,False,False
MIMARSINAN PETROL OFISI,41.020255,28.559563,Petrol Ofisi,False,False
MITHATPAŞA PETROL OFISI,41.022813,29.109534,Petrol Ofisi,False,False
NATO YOLU PETROL OFISI,41.049259,29.076685,Petrol Ofisi,False,False
NUHKUYUSU PETROL OFİSİ,41.0165411,29.0301578,Petrol Ofisi,False,False
OLIMPIYAT,41.1040241,28.7832412,Petrol Ofisi,False,False
ORHANLI MERKEZ,40.8939174,29.3551337,Petrol Ofisi,False,False
OTOGAR GÜNEY PETROL OFISI,41.036369,28.893665,Petrol Ofisi,False,False
OTOGAR KUZEY PETROL OFISI,41.042687,28.895807,Petrol Ofisi,False,False
OVAYENICE PETROL OFISI,41.104459,28.424854,Petrol Ofisi,False,False
PAŞAKÖY PETROL OFISI,41.043665,29.278974,Petrol Ofisi,False,False
PENDİK - FEVZI ÇAKMAK PETROL OFISI,40.891041,29.26305,Petrol Ofisi,False,False
PENDIK E-5 PETROL OFISI,40.880862,29.250001,Petrol Ofisi,False,False
PENDİK SAHİL PETROL OFİSİ,40.868133,29.266125,Petrol Ofisi,False,False
PENDIK TERSANE,40.8645628,29.2713758,Petrol Ofisi,False,False
PENDIK-M,40.885077,29.235404,Petrol Ofisi,False,False
PETROL OFİSİ SAMANDIRA GÜNEY,40.988113,29.193626,Petrol Ofisi,False,False
PETROL OFİSİ SAMANDIRA KUZEY,40.988603,29.193816,Petrol Ofisi,False,False
PİRİNÇÇİ PETROL OFİSİ,41.135344,28.810751,Petrol Ofisi,False,False
PIYALEPAŞA 1 PETROL OFISI,41.047702,28.968375,Petrol Ofisi,False,False
PIYALEPAŞA 2 PETROL OFISI,41.041784,28.966715,Petrol Ofisi,False,False
SAKLI VADI PETROL OFISI,41.002182,28.882776,Petrol Ofisi,False,False
SAMANDIRA,40.9916605,29.2236738,Petrol Ofisi,False,False
SANCAK PETROL OFISI,40.985751,29.20078,Petrol Ofisi,False,False
SANCAKTEPE PETROL OFISI,41.012361,29.207194,Petrol Ofisi,False,False
SARIGAZI PETROL OFISI,41.008316,29.201523,Petrol Ofisi,False,False
SARIGAZİ PETROL OFİSİ,41.0097611,29.2108706,Petrol Ofisi,False,False
SARITAŞ,40.9663969,29.2165082,Petrol Ofisi,False,False
SARIYER SAHIL PETROL OFISI,41.166217,29.056441,Petrol Ofisi,False,False
SEFAKÖY,41.0129545,28.7918429,Petrol Ofisi,False,False
SEFAKÖY PETROL OFİSİ,41.010063,28.794242,Petrol Ofisi,False,False
SELIMPAŞA,41.0643889,28.320756,Petrol Ofisi,False,False
SELIMPAŞA GÜNEY PETROL OFISI,41.08357,28.368288,Petrol Ofisi,False,False
SELIMPAŞA KUZEY PETROL OFISI,41.083568,28.370806,Petrol Ofisi,False,False
SEMIZKUM,41.0752369,28.1329057,Petrol Ofisi,False,False
ŞILE YOLU,41.0249123,29.2256022,Petrol Ofisi,False,False
ŞILE-1,41.1611216,29.5902895,Petrol Ofisi,False,False
SILIVRI,41.076949,28.2464308,Petrol Ofisi,False,False
SİLİVRİ - ÇELTIK PETROL OFISI,41.107391,28.111972,Petrol Ofisi,False,False
SILIVRI E-5 CUMHURIYET MAHALLESI 1 PETRO,41.07126,28.27666,Petrol Ofisi,False,False
SILIVRI E-5 MIMARSINAN MAHALLESI 2 PETRO,41.080028,28.20687,Petrol Ofisi,False,False
SILIVRI E-5 SELIMPAŞA MAHALLESI PETROL O,41.065085,28.320947,Petrol Ofisi,False,False
SILIVRI E-5 YANYOL 3 PETROL OFISI,41.074504,28.261916,Petrol Ofisi,False,False
ŞIRINEVLER,41.0206807,28.84031,Petrol Ofisi,False,False
SOĞANLIK-M,40.9107895,29.1990838,Petrol Ofisi,False,False
SULTANBEYLI,40.9650798,29.2720533,Petrol Ofisi,False,False
SULTANÇIFTLIĞI MEYDAN PETROL OFISI,41.104118,28.861772,Petrol Ofisi,False,False
SULTANÇIFTLIĞI PETROL OFISI,41.09496,28.86338,Petrol Ofisi,False,False
SULTANGAZI PETROL OFISI,41.086999,28.868912,Petrol Ofisi,False,False
TAKSIM,41.0413885,28.9796947,Petrol Ofisi,False,False
TAVUKÇUYOLU PETROL OFISI,41.005656,29.146304,Petrol Ofisi,False,False
TAYAKADIN,41.2648753,28.6864434,Petrol Ofisi,False,False
TEKSTILKENT PETROL OFISI,41.07138,28.8679,Petrol Ofisi,False,False
TEPECIK,41.0196898,28.5637489,Petrol Ofisi,False,False
TEPEÜSTÜ YOLU,41.0160347,29.1503877,Petrol Ofisi,False,False
TERAZIDERE,41.0278981,28.9084474,Petrol Ofisi,False,False
TOPÇULAR,41.0462242,28.9155053,Petrol Ofisi,False,False
TÜYAP PETROL OFISI,41.04072,28.626301,Petrol Ofisi,False,False
TUZLA ÇAYIRLAR PETROL OFISI,40.908486,29.360882,Petrol Ofisi,False,False
ÜSKÜDAR PAŞALIMANI PETROL OFISI,41.028875,29.017423,Petrol Ofisi,False,False
ÜSKÜDAR PETROL OFISI,41.00675,29.02533,Petrol Ofisi,False,False
VELIBABA PETROL OFISI,40.906911,29.252751,Petrol Ofisi,False,False
VELİEFENDİ PETROL OFİSİ,40.9881152,28.8841032,Petrol Ofisi,False,False
YAKUPLU - 2 PETROL OFİSİ,41.004731,28.664457,Petrol Ofisi,False,False
YAKUPLU PETROL OFISI,40.988842,28.667709,Petrol Ofisi,False,False
YASSIÖREN PETROL OFİSİ,41.231686,28.599493,Petrol Ofisi,False,False
YAVUZ PETROL OFİSİ,41.0500735,28.8993558,Petrol Ofisi,False,False
YAVUZ SELIM,41.0420757,28.8510757,Petrol Ofisi,False,False
YAVUZ SULTAN SELIM PETROL OFISI,41.101372,29.289956,Petrol Ofisi,False,False
YAYALAR,40.8931713,29.272218,Petrol Ofisi,False,False
YEDIKULE,40.9912693,28.9195142,Petrol Ofisi,False,False
YENIBOSNA 1 PETROL OFISI,41.011736,28.817989,Petrol Ofisi,False,False
YENİBOSNA PETROL OFİSİ,41.009834,28.831032,Petrol Ofisi,False,False
YENIDOĞAN PETROL OFISI,41.013695,29.245984,Petrol Ofisi,False,False
YEŞILBAĞLAR PETROL OFİSİ,40.894386,29.228548,Petrol Ofisi,False,False
YILDIZTABYA PETROL OFISI,41.065759,28.933568,Petrol Ofisi,False,False
YÜZYIL PETROL OFISI,41.056213,28.852638,Petrol Ofisi,False,False
ZEKERİYAKÖY PETROL OFİSİ,41.191402,29.0369973,Petrol Ofisi,False,False
ZEYTİNBURNU PETROL OFİSİ,40.9822217,28.8940994,Petrol Ofisi,False,False
ZİVERBEY PETROL OFİSİ,40.989396,29.042106,Petrol Ofisi,False,False
ZÜMRÜTEVLER (FUAYE) PETROL OFISI,40.950559,29.163083,Petrol Ofisi,False,False
ADIYAMAN 1,37.7347804,38.2163327,Petrol Ofisi,False,False
ADIYAMAN MERKEZ,37.762723,38.2595368,Petrol Ofisi,False,False
BESNI MERKEZ PETROL OFISI,37.6845901,37.8246143,Petrol Ofisi,False,False
GÖLBAŞI ADIYAMAN,37.7848407,37.6444307,Petrol Ofisi,False,False
GÖLBAŞI MALATYA YOLU 1 PETROL OFISI,37.752107,37.586115,Petrol Ofisi,False,False
GÖLBAŞI MALATYA YOLU 2 PETROL OFISI,37.816799,37.680808,Petrol Ofisi,False,False
GÖLBAŞI MERKEZ PETROL OFİSİ,37.770756,37.60745,Petrol Ofisi,False,False
HARMANARDI PETROL OFISI,37.701589,37.899397,Petrol Ofisi,False,False
HISNİ MANSUR PETROL OFİSİ,37.767415,38.248186,Petrol Ofisi,False,False
KAHTA MERKEZ PETROL OFİSİ,37.784169,38.630008,Petrol Ofisi,False,False
KAHTA ORTANCA MEVKII PETROL OFISI,37.784567,38.585631,Petrol Ofisi,False,False
KARŞIYAKA PETROL OFİSİ,37.787845,38.614509,Petrol Ofisi,False,False
MERKEZ PETROL OFISI,37.7610774,38.264086,Petrol Ofisi,False,False
PERRE ANTİK PETROL OFİSİ,37.785599,38.299848,Petrol Ofisi,False,False
URFA YOLU KAVŞAĞI PETROL OFISI,37.712872,38.136101,Petrol Ofisi,False,False
AFŞAR KÖYÜ PETROL OFISI,38.137388,30.97596,Petrol Ofisi,False,False
ATABEY PETROL OFISI,37.942822,30.634215,Petrol Ofisi,False,False
BAĞKONAK PETROL OFISI,38.194248,31.241834,Petrol Ofisi,False,False
BÜYÜKKABACA PETROL OFISI,38.170538,30.646814,Petrol Ofisi,False,False
EĞİRDİR - KÖPRÜBAŞI PETROL OFISI,37.841506,30.866919,Petrol Ofisi,False,False
EĞIRDIR GIRIŞ PETROL OFISI,37.869567,30.804228,Petrol Ofisi,False,False
EĞIRDIR PETROL OFISI,37.853831,30.854011,Petrol Ofisi,False,False
EĞİRDİR YOLU PETROL OFİSİ,37.810268,30.588094,Petrol Ofisi,False,False
GELENDOST MERKEZ PETROL OFISI,38.115165,31.010111,Petrol Ofisi,False,False
ISPARTA KONYA YOLU PETROL OFISI,38.1083239,31.0212873,Petrol Ofisi,False,False
ISPARTA MERKEZ 1 PETROL OFISI,37.761265,30.584341,Petrol Ofisi,False,False
ISPARTA MERKEZ 2 PETROL OFISI,37.761397,30.588322,Petrol Ofisi,False,False
ISPARTA MERKEZ 3 PETROL OFISI,37.775818,30.547397,Petrol Ofisi,False,False
KARA PETROL NAKLİYAT İNŞAAT TURİZM HAYV. GIDA SANAYİ VE TİCA,37.877267,30.426778,Petrol Ofisi,False,False
KARAAĞAÇ,37.7751621,30.5612804,Petrol Ofisi,False,False
KARDEŞLIK YOLU PETROL OFISI,37.774848,30.512211,Petrol Ofisi,False,False
KEÇIBORLU,37.9098624,30.312159,Petrol Ofisi,False,False
KEÇIBORLU 1 PETROL OFISI,37.906102,30.321248,Petrol Ofisi,False,False
KULEÖNÜ PETROL OFISI,37.8461,30.6109,Petrol Ofisi,False,False
ŞARKIKARAAĞAÇ,38.1023699,31.3439082,Petrol Ofisi,False,False
ŞARKIKARAAĞAÇ PETROL OFSI,38.009692,31.471974,Petrol Ofisi,False,False
SENIRCE PETROL OFSI,37.88499,30.506485,Petrol Ofisi,False,False
SENIRKENT PETROL OFSI,38.106728,30.540146,Petrol Ofisi,False,False
SÜTÇÜLER PETROL OFİSİ,37.519685,30.964477,Petrol Ofisi,False,False
YALVAÇ PETROL OFSI,38.288399,31.177429,Petrol Ofisi,False,False
YASSIÖREN PETROL OFISI,38.101975,30.614136,Petrol Ofisi,False,False
YENIŞARBADEMLI PETROL OFSI,37.728461,31.410784,Petrol Ofisi,False,False
AFYON,38.7532201,30.5428624,Petrol Ofisi,False,False
AFYON - ÇAY PETROL OFISI,38.595,30.984444,Petrol Ofisi,False,False
AFYON - ERENLER PETROL OFISI,38.798261,30.539159,Petrol Ofisi,False,False
AFYON ORGANIZE,38.7850183,30.5625689,Petrol Ofisi,False,False
AFYON SANAYI PETROL OFISI,38.7778978,30.5936746,Petrol Ofisi,False,False
AFYON YOLU PETROL OFISI,39.102653,31.158275,Petrol Ofisi,False,False
AFYONKARAHİSAR - SANAYI PETROL OFISI,38.781532,30.599676,Petrol Ofisi,False,False
AFYONYOLU,38.7940462,30.6144535,Petrol Ofisi,False,False
AKGÜN PETROL OFISI,38.1085209,30.2188166,Petrol Ofisi,False,False
AKÖREN,38.7823344,30.3751855,Petrol Ofisi,False,False
ATIK YEŞILYURT,38.1289315,30.1946142,Petrol Ofisi,False,False
BAŞMAKÇI PETROL OFISI,37.90144,30.00064,Petrol Ofisi,False,False
BAYRAMGAZI PETROL OFISI,38.901534,30.381429,Petrol Ofisi,False,False
BOLVADIN PETROL OFISI,38.701411,31.048218,Petrol Ofisi,False,False
ÇAY,38.5966951,30.9976043,Petrol Ofisi,False,False
CUMHİRİYET TESİSLERİ PETROL OFİSİ,38.794807,30.388876,Petrol Ofisi,False,False
DAVULGA PETROL OFISI,38.990529,31.391876,Petrol Ofisi,False,False
DAZKIRI PETROL OFISI,37.918568,29.864808,Petrol Ofisi,False,False
DIKICI,38.0202798,30.181485,Petrol Ofisi,False,False
DINAR 2,38.0603897,30.1577933,Petrol Ofisi,False,False
DİNAR PETROL OFİSİ,38.085676,30.253243,Petrol Ofisi,False,False
DIŞLI PETROL OFISI,38.791148,31.044364,Petrol Ofisi,False,False
EKIZCE PETROL OFISI,39.037568,31.26108,Petrol Ofisi,False,False
EMİRDAĞ - YENIKÖY PETROL OFISI,39.067212,31.493012,Petrol Ofisi,False,False
EMIRDAĞ PETROL OFISI,39.026813,31.15689,Petrol Ofisi,False,False
ERKMEN,38.7803087,30.4886355,Petrol Ofisi,False,False
ERKMEN PETROL OFISI,38.7818962,30.4824402,Petrol Ofisi,False,False
FETHIBEY PETROL OFISI,38.85151,30.498702,Petrol Ofisi,False,False
GÜNEY KÖYÜ PETROL OFİSİ,38.793181,30.083878,Petrol Ofisi,False,False
HAYDARLI PETROL OFISI,38.256989,30.380381,Petrol Ofisi,False,False
HÜDAI PETROL OFISI,38.435005,30.248559,Petrol Ofisi,False,False
İSCEHISAR,38.8116949,30.6806637,Petrol Ofisi,False,False
İSCEHISAR PETROL OFISI,38.853816,30.758864,Petrol Ofisi,False,False
KOCATEPE,38.7742138,30.5077818,Petrol Ofisi,False,False
KÜYAHYA YOLU PETROL OFİSİ,38.901125,30.380399,Petrol Ofisi,False,False
ÖZDILEK,38.7915162,30.4536503,Petrol Ofisi,False,False
SANDIKLI PETROL OFISI,38.461071,30.260686,Petrol Ofisi,False,False
SINANPAŞA PETROL OFISI,38.651571,30.317462,Petrol Ofisi,False,False
SINANPAŞA TAŞOLUK PETROL OFISI,38.634025,30.299158,Petrol Ofisi,False,False
ŞUHUT PETROL OFISI,38.542427,30.557421,Petrol Ofisi,False,False
SULTANDAĞI PETROL OFISI,38.551642,31.229895,Petrol Ofisi,False,False
TEPEALTI,38.4351337,30.2498992,Petrol Ofisi,False,False
TINAZTEPE,38.7454301,30.3553578,Petrol Ofisi,False,False
TOKLUCAK PETROL OFISI,39.047969,31.455857,Petrol Ofisi,False,False
YILDIZTEPE PETROL OFISI,39.02036,31.150874,Petrol Ofisi,False,False
AĞAÇKÖY PETROL OFİSİ,39.358535,30.056465,Petrol Ofisi,False,False
ALTINTAŞ PETROL OFISI,39.057065,30.108473,Petrol Ofisi,False,False
ÇAVDARHISAR PETROL OFISI,39.205472,29.635773,Petrol Ofisi,False,False
DEVA AKARYAKIT,39.4084528,30.0235178,Petrol Ofisi,False,False
DUMLUPINAR PETROL OFISI,38.847069,29.967463,Petrol Ofisi,False,False
EMET 1 PETROL OFISI,39.342639,29.264349,Petrol Ofisi,False,False
EMET 2 PETROL OFISI,39.339688,29.270351,Petrol Ofisi,False,False
GEDİZ PETROL OFİSİ,38.989565,29.398751,Petrol Ofisi,False,False
HASBAHÇE,39.4131741,30.0104314,Petrol Ofisi,False,False
HISARCIK PETROL OFISI,39.266012,29.227228,Petrol Ofisi,False,False
KILER,39.4363601,29.9986118,Petrol Ofisi,False,False
KÜTAHYA,39.4562263,29.9337769,Petrol Ofisi,False,False
KÜTAHYA  -2,39.4563576,29.9347475,Petrol Ofisi,False,False
KÜTAHYA GIRIŞI PETROL OFISI,39.3775,30.0535,Petrol Ofisi,False,False
KÜTAHYA OTOGAR PETROL OFİSİ,39.44297,30.00705,Petrol Ofisi,False,False
KÜTAHYA SANAYI,39.4309103,29.9719601,Petrol Ofisi,False,False
KÜTAHYA SANAYİ PETROL OFİSİ,39.438511,29.965679,Petrol Ofisi,False,False
KÜTAHYA YOLU PETROL OFISI,39.494095,30.034587,Petrol Ofisi,False,False
MENDERES,39.5361709,29.5617476,Petrol Ofisi,False,False
SIMAV,39.0929734,28.9629412,Petrol Ofisi,False,False
SIMAV PETROL OFISI,39.0928973,28.9826232,Petrol Ofisi,False,False
TARHANLAR,39.5407675,29.5349187,Petrol Ofisi,False,False
TAVŞANLI PETROL OFISI,39.534657,29.614287,Petrol Ofisi,False,False
TUNÇBILEK PETROL OFISI,39.572077,29.46711,Petrol Ofisi,False,False
UMURBEY MAHALLESI PETROL OFISI,38.975768,29.3883,Petrol Ofisi,False,False
YEŞILKÖY PETROL OFISI,39.085864,29.02712,Petrol Ofisi,False,False
YONCALI PETROL OFISI,39.5008633,29.8797397,Petrol Ofisi,False,False
AĞRI MERKEZ GIRIŞ PETROL OFISI,39.712839,43.107343,Petrol Ofisi,False,False
AĞRI MERKEZ PETROL OFISI,39.7143011,43.0263149,Petrol Ofisi,False,False
DOĞUBEYAZIT,39.5485326,44.0526259,Petrol Ofisi,False,False
DOĞUBEYAZIT MERKEZ PETROL OFISI,39.548327,44.08152,Petrol Ofisi,False,False
ELEŞKIRT PETROL OFISI,39.7416319,42.8977477,Petrol Ofisi,False,False
IĞDIR KAVŞAĞI PETROL OFISI,39.556526,44.065706,Petrol Ofisi,False,False
KAYADIBI PETROL OFISI,39.824677,42.426111,Petrol Ofisi,False,False
PATNOS AĞRI YOLU PETROL OFİSİ,39.541,42.7685,Petrol Ofisi,False,False
PATNOS GIRIŞ PETROL OFISI,39.248747,42.820158,Petrol Ofisi,False,False
TUTAK PETROL OFISI,39.537941,42.758019,Petrol Ofisi,False,False
UZUN YAZI PETROL OFISI,39.785799,42.747927,Petrol Ofisi,False,False
YENI VAN YOLU PETROL OFISI,39.702531,43.047536,Petrol Ofisi,False,False
AHI MESUT PETROL OFISI,39.939848,32.635149,Petrol Ofisi,False,False
AKKÖPRÜ PETROL OFİSİ,39.947816,32.840268,Petrol Ofisi,False,False
AKYURT PETROL OFISI,40.13296,33.084382,Petrol Ofisi,False,False
AKYURT-2 PETROL OFİSİ,40.103206,33.043229,Petrol Ofisi,False,False
ALINTERI,39.9753063,32.7596808,Petrol Ofisi,False,False
ALTINDAĞ PETROL OFISI.,39.957318,32.85186,Petrol Ofisi,False,False
ANADOLU BULVARI,40.0105157,32.7749366,Petrol Ofisi,False,False
ANKARA CADDESİ PETROL OFİSİ,38.942133,33.541078,Petrol Ofisi,False,False
ATATÜRK BAHÇESİ PETROL OFİSİ,39.9696136,32.8650045,Petrol Ofisi,False,False
AYAŞ 1 PETROL OFISI,40.019546,32.333319,Petrol Ofisi,False,False
AYAŞ 2 PETROL OFISI,40.0194365,32.3334568,Petrol Ofisi,False,False
AYAŞ CADDESI PETROL OFISI,39.972628,32.580337,Petrol Ofisi,False,False
BAĞLICA PETROL OFİSİ,39.902786,32.64584,Petrol Ofisi,False,False
BAĞLUM PETROL OFISI,40.03657,32.850645,Petrol Ofisi,False,False
BAHÇEKAPI PETROL OFISI,39.94492,32.731107,Petrol Ofisi,False,False
BALA PETROL OFISI,39.552395,33.12407,Petrol Ofisi,False,False
BALGAT PETROL OFISI,39.900036,32.814305,Petrol Ofisi,False,False
BALLIKUYUMCU,39.8337581,32.5835522,Petrol Ofisi,False,False
BALLIKUYUMCU PETROL OFISI,39.779558,32.504916,Petrol Ofisi,False,False
BATI BULVARI PETROL OFISI,39.947467,32.739023,Petrol Ofisi,False,False
BATIKENT PETROL OFİSİ,39.949701,32.719177,Petrol Ofisi,False,False
BEYPAZARI PETROL OFISI,40.168311,31.923979,Petrol Ofisi,False,False
BOĞAZIÇI PETROL OFISI,39.9219474,32.9269282,Petrol Ofisi,False,False
BOZKAYA PETROL OFISI,40.197589,31.345367,Petrol Ofisi,False,False
ÇAKIRLAR - 3 PETROL OFISI,39.979397,32.685721,Petrol Ofisi,False,False
ÇAKIRLAR 1 PETROL OFISI,39.983811,32.721177,Petrol Ofisi,False,False
ÇAKIRLAR 2 PETROL OFISI,39.98497,32.69895,Petrol Ofisi,False,False
ÇANKAYA PETROL OFISI,39.893968,32.881846,Petrol Ofisi,False,False
CEYLAN,39.9635691,32.8974507,Petrol Ofisi,False,False
ÇİFTLİK BATI PETROL OFİSİ,39.920819,32.777536,Petrol Ofisi,False,False
ÇİFTLİK DOĞU PETROL OFİSİ,39.920578,32.77662,Petrol Ofisi,False,False
ÇUBUK PETROL OFISI,40.236775,33.032535,Petrol Ofisi,False,False
ÇUKURAMBAR PETROL OFİSİ,39.893391,32.812352,Petrol Ofisi,False,False
DEMETEVLER,39.9640801,32.7996825,Petrol Ofisi,False,False
DEREBOYU PETROL OFISI,39.986245,32.89667,Petrol Ofisi,False,False
DIKMEN,39.870127,32.8273269,Petrol Ofisi,False,False
DIKMEN PETROL OFISI,39.877975,32.837554,Petrol Ofisi,False,False
DIŞKAPI HASTANE,39.9525878,32.8607223,Petrol Ofisi,False,False
ELVANKENT,39.9608084,32.5994813,Petrol Ofisi,False,False
EMEK PETROL OFİSİ,39.923708,32.817896,Petrol Ofisi,False,False
ERGAZI,39.9602776,32.6950134,Petrol Ofisi,False,False
ERGAZİ PETROL OFISI,39.95547,32.694119,Petrol Ofisi,False,False
ERYAMAN 1 PETROL OFISI,39.973506,32.597464,Petrol Ofisi,False,False
ERYAMAN 2 PETROL OFISI,39.964271,32.646905,Petrol Ofisi,False,False
ESKİŞEHİR YOLU PETROL OFİSİ,39.909416,32.7947904,Petrol Ofisi,False,False
FATIH MAHALLESI PETROL OFISI,40.2357,32.6874,Petrol Ofisi,False,False
FSM BULVARI,39.9589645,32.6887668,Petrol Ofisi,False,False
GAZİNO PETROL OFİSİ,39.9995756,32.8686986,Petrol Ofisi,False,False
GENÇLİK PARKI PETROL OFISI,39.95092,32.836515,Petrol Ofisi,False,False
GIMAT PETROL OFISI,39.960677,32.772497,Petrol Ofisi,False,False
GÖKÇEHÖYÜK PETROL OFISI,39.666735,32.738371,Petrol Ofisi,False,False
GÖKÇEYURT,39.9492483,33.0485483,Petrol Ofisi,False,False
GÖKSUPARK PETROL OFİSİ,39.9874048,32.6557548,Petrol Ofisi,False,False
GÖLBAŞI PETROL OFISI,39.799693,32.805996,Petrol Ofisi,False,False
GÖLPINAR,39.637239,32.8275657,Petrol Ofisi,False,False
GÜLVEREN PETROL OFISI,39.939834,32.879478,Petrol Ofisi,False,False
HASANOĞLAN PETROL OFISI,39.966449,33.151193,Petrol Ofisi,False,False
HAYMANA,39.4411988,32.5066301,Petrol Ofisi,False,False
HAYMANA KAVŞAĞI PETROL OFISI,39.804866,32.803894,Petrol Ofisi,False,False
HAYMANA PETROL OFISI,39.433052,32.516773,Petrol Ofisi,False,False
HAYMANA YOLU PETROL OFİSİ,39.782102,32.784845,Petrol Ofisi,False,False
HIRFANLI BATI,39.1067874,33.6467075,Petrol Ofisi,False,False
HIRFANLI DOĞU,39.1056463,33.6470218,Petrol Ofisi,False,False
IKEA-1,39.8850034,32.9207268,Petrol Ofisi,False,False
IKEA-2,39.8843418,32.9189653,Petrol Ofisi,False,False
İNCEK PETROL OFISI,39.828995,32.730671,Petrol Ofisi,False,False
İSKITLER-1,39.9520536,32.8374291,Petrol Ofisi,False,False
İVEDIK ORGANIZE 2,39.9996726,32.7572376,Petrol Ofisi,False,False
İVEDIK PETROL OFISI,39.987445,32.77352,Petrol Ofisi,False,False
KAHRAMANKAZAN - SARAY PETROL OFISI,40.0549,32.6278,Petrol Ofisi,False,False
KAHRAMANKAZAN PETROL OFISI,40.198856,32.687607,Petrol Ofisi,False,False
KAYAŞ,39.9207452,32.9942081,Petrol Ofisi,False,False
KAYAŞ 1 PETROL OFISI,39.92634,33.003366,Petrol Ofisi,False,False
KAYAŞ 2 PETROL OFISI,39.926456,33.003468,Petrol Ofisi,False,False
KAZAN MERKEZ,40.1910934,32.6910478,Petrol Ofisi,False,False
KAZANYOLU,40.0786949,32.6128104,Petrol Ofisi,False,False
KAZIM KARABEKIR PETROL OFISI,39.945628,32.847434,Petrol Ofisi,False,False
KEÇİÖREN PETROL OFİSİ,39.981018,32.8855,Petrol Ofisi,False,False
KONYA YOLU PETROL OFISI,39.880642,32.811533,Petrol Ofisi,False,False
KONYA YOLU PETROL OFİSİ,39.8995703,32.8143725,Petrol Ofisi,False,False
KÜÇÜKESAT,39.9044123,32.8684352,Petrol Ofisi,False,False
MAMAK,39.9129972,32.9490208,Petrol Ofisi,False,False
MAMAK PETROL OFİSİ,39.901252,32.937068,Petrol Ofisi,False,False
METRO,39.9692308,32.8263383,Petrol Ofisi,False,False
NATOYOLU PETROL OFISI,39.921612,32.904675,Petrol Ofisi,False,False
OĞULBEY PETROL OFISI,39.709722,32.816389,Petrol Ofisi,False,False
ÖNDER MAHALLESİ PETROL OFİSİ,39.95977,32.925114,Petrol Ofisi,False,False
OPERA CADDESI,39.9429035,32.8469597,Petrol Ofisi,False,False
ORTAKÖY,39.9460673,33.0393457,Petrol Ofisi,False,False
OSTIM 1 PETROL OFISI,39.96473,32.748675,Petrol Ofisi,False,False
OSTIM SANAYI,39.9641298,32.7547658,Petrol Ofisi,False,False
OTONOMI,40.0796373,32.964989,Petrol Ofisi,False,False
POLATLI 1 PETROL OFISI,39.57373,32.147592,Petrol Ofisi,False,False
POLATLI PETROL OFİSİ,39.5737826,32.1372001,Petrol Ofisi,False,False
PROTOKOL YOLU PETROL OFİSİ,40.078804,32.965054,Petrol Ofisi,False,False
PURSAKLAR,40.0392621,32.9099792,Petrol Ofisi,False,False
PURSAKLAR PETROL OFISI,40.068035,32.926271,Petrol Ofisi,False,False
SARAYKÖY PETROL OFISI,40.072728,32.941833,Petrol Ofisi,False,False
ŞEREFLIKOÇHISAR PETROL OFISI,38.910602,33.5712478,Petrol Ofisi,False,False
SINCAN MERKEZ,39.9739247,32.5955523,Petrol Ofisi,False,False
SINCAN ORGANIZE,39.9639605,32.5627078,Petrol Ofisi,False,False
SOBRAN PETROL OFISI,40.157127,31.419426,Petrol Ofisi,False,False
SUSUZ,40.0066184,32.655381,Petrol Ofisi,False,False
TALAT PAŞA PETROL OFISI,39.934288,32.875327,Petrol Ofisi,False,False
TEMELLI,39.6600575,32.2210662,Petrol Ofisi,False,False
TEMELLİ PETROL OFİSİ,39.730515,32.372295,Petrol Ofisi,False,False
TULUNTAŞ,39.7750319,32.6714395,Petrol Ofisi,False,False
TURAN GÜNEŞ PETROL OFISI,39.871882,32.861521,Petrol Ofisi,False,False
TÜRKKONUT PETROL OFISI,39.836088,32.657251,Petrol Ofisi,False,False
TÜRKÖZÜ PETROL OFISI,39.918736,32.879807,Petrol Ofisi,False,False
TUZGÖLÜ BATI - PETROL OFİSİ,39.266631,33.096174,Petrol Ofisi,False,False
TUZGÖLÜ DOĞU - PETROL OFİSİ,39.266813,33.09744,Petrol Ofisi,False,False
ÜÇTAŞ,39.8703425,32.642177,Petrol Ofisi,False,False
ÜMITKÖY PETROL OFISI,39.905736,32.703809,Petrol Ofisi,False,False
ÜREĞIL PETROL OFISI,39.912938,32.954493,Petrol Ofisi,False,False
YAĞLIPINAR PETROL OFISI,39.663357,32.808268,Petrol Ofisi,False,False
YAPRACIK PETROL OFISI,39.838919,32.587431,Petrol Ofisi,False,False
YENIKENT,40.0143761,32.5203766,Petrol Ofisi,False,False
YENIKENT PETROL OFISI,39.9848,32.5609,Petrol Ofisi,False,False
YENİMAHALLE - PETROL OFISI,39.947057,32.78143,Petrol Ofisi,False,False
YENİMAHALLE - SUSUZ PETROL OFISI,40.015118,32.654456,Petrol Ofisi,False,False
YILDIZ PETROL OFISI,39.878571,32.86138,Petrol Ofisi,False,False
YOZGAT BULVARI PETROL OFISI,40.007192,32.825357,Petrol Ofisi,False,False
YUKARI YURTÇU PETROL OFISI,39.821071,32.570424,Petrol Ofisi,False,False
YUNAK YOLU PETROL OFISI,39.498916,32.125643,Petrol Ofisi,False,False
AHMETAĞA PETROL OFİSİ,38.2538069,28.6606174,Petrol Ofisi,False,False
AHMETBEYLI,38.3649883,28.5152937,Petrol Ofisi,False,False
AHMETLI,38.5070298,27.9912953,Petrol Ofisi,False,False
AHMETLI 1 PETROL OFISI,38.512999,27.935556,Petrol Ofisi,False,False
AHMETLİ 3 PETROL OFİSİ,38.512909,27.923426,Petrol Ofisi,False,False
AKHISAR,38.9487942,27.836016,Petrol Ofisi,False,False
AKHISAR ÇEVREYOLU,38.8953977,27.7845469,Petrol Ofisi,False,False
AKHİSAR PETROL OFİSİ,38.923575,27.834575,Petrol Ofisi,False,False
AKHİSAR SANAYİ PETROL OFİSİ,38.900597,27.83642,Petrol Ofisi,False,False
ALAHIDIR PETROL OFISI,38.370684,28.504177,Petrol Ofisi,False,False
ALAŞEHIR,38.3588255,28.5193802,Petrol Ofisi,False,False
ALAŞEHIR 2 PETROL OFISI,38.244044,28.680692,Petrol Ofisi,False,False
ALAŞEHİR TEPEKÖY PETROL OFİSİ,38.410126,28.556643,Petrol Ofisi,False,False
ANAFARTALAR,38.6330052,27.4393559,Petrol Ofisi,False,False
ANAFARTALAR PETROL OFISI,38.729279,27.579391,Petrol Ofisi,False,False
BERGAMA CADDESI SOMA PETROL OFISI,39.186905,27.564985,Petrol Ofisi,False,False
BERGAMA YOLU PETROL OFİSİ,39.184136,27.548671,Petrol Ofisi,False,False
BEYOBA PETROL OFISI,38.803942,27.776822,Petrol Ofisi,False,False
ÇAYBAŞI PETROL OFISI,38.49,28.1514,Petrol Ofisi,False,False
ÇOBANISA PETROL OFISI,38.558183,27.562517,Petrol Ofisi,False,False
DELEMENLER PETROL OFISI,38.273889,28.621111,Petrol Ofisi,False,False
DEMIRCI 1 PETROL OFISI,39.036035,28.653852,Petrol Ofisi,False,False
DEMIRCI 2 PETROL OFISI,39.036061,28.654364,Petrol Ofisi,False,False
GELENBE,39.1294176,27.8401144,Petrol Ofisi,False,False
GÖKÇEAHMET PETROL OFISI,38.991603,27.846714,Petrol Ofisi,False,False
GÖKÇEKÖY PETROL OFISI,38.875425,27.626574,Petrol Ofisi,False,False
GÖKKAYA,38.5032583,27.878329,Petrol Ofisi,False,False
GÖLMARMARA PETROL OFISI,38.714742,27.920609,Petrol Ofisi,False,False
GÖRDES - 2 PETROL OFİSİ,38.925871,28.287377,Petrol Ofisi,False,False
GÖRDES PETROL OFISI,38.934894,28.287149,Petrol Ofisi,False,False
GÜMÜLCELI SARUHANLI PETROL OFISI,38.628206,27.649694,Petrol Ofisi,False,False
GÜZELKÖY,38.6597047,27.4478643,Petrol Ofisi,False,False
GÜZELKÖY PETROL OFISI,38.658399,27.447094,Petrol Ofisi,False,False
HACIRAHMANLI PETROL OFISI,38.748679,27.617911,Petrol Ofisi,False,False
HACIVELILER PETROL OFISI,38.647219,27.931184,Petrol Ofisi,False,False
HAMZABEYLI PETROL OFISI,38.561032,27.556834,Petrol Ofisi,False,False
HÜRRIYET MAHALLESI SOMA PETROL OFISI,39.18006,27.640786,Petrol Ofisi,False,False
KARAAĞAÇLI PETROL OFİSİ,38.680332,27.505842,Petrol Ofisi,False,False
KARAALI,38.6499791,27.3223174,Petrol Ofisi,False,False
KEÇILIKÖY PETROL OFISI,38.590399,27.354613,Petrol Ofisi,False,False
KENAN EVREN SANAYI SITESI PETROL OFISI,38.613377,27.380092,Petrol Ofisi,False,False
KIRKAĞAÇ PETROL OFISI,39.099046,27.6764608,Petrol Ofisi,False,False
KULA 1 PETROL OFISI,38.5405875,28.6405939,Petrol Ofisi,False,False
KULA2,38.5569944,28.6079342,Petrol Ofisi,False,False
MANISA ORGANIZE,38.6196025,27.3572724,Petrol Ofisi,False,False
MANISA ORGANIZE2,38.628271,27.3300784,Petrol Ofisi,False,False
MANISA2,38.6193607,27.4214791,Petrol Ofisi,False,False
MERSINDERE,38.5077483,27.9913813,Petrol Ofisi,False,False
MURADIYE PETROL OFISI,38.649051,27.356119,Petrol Ofisi,False,False
MURADIYE YUNUSEMRE PETROL OFISI,38.646946,27.354627,Petrol Ofisi,False,False
SALIHLI 1 PETROL OFISI,38.487517,28.059526,Petrol Ofisi,False,False
SALIHLI 2 PETROL OFISI,38.479406,28.07919,Petrol Ofisi,False,False
SALIHLI MERKEZ,38.4904726,28.1448225,Petrol Ofisi,False,False
SALIHLI PETROL OFISI,38.535809,28.103125,Petrol Ofisi,False,False
SALİHLİ-2 PETROL OFİSİ,38.490082,28.135372,Petrol Ofisi,False,False
SARIGÖL 1 PETROL OFISI,38.351155,28.522705,Petrol Ofisi,False,False
SARIGÖL 2 PETROL OFISI,38.248186,28.70181,Petrol Ofisi,False,False
SARIPINAR,38.4938309,28.1777891,Petrol Ofisi,False,False
SARUHANLI,38.7522266,27.6266523,Petrol Ofisi,False,False
SARUHANLI PETROL OFISI,38.741212,27.604663,Petrol Ofisi,False,False
SAVAŞTEPE CADDESI PETROL OFISI,39.197891,27.566788,Petrol Ofisi,False,False
SELENDI PETROL OFISI,38.742915,28.869741,Petrol Ofisi,False,False
SÖĞÜTÇÜK PETROL OFISI,39.167548,28.59913,Petrol Ofisi,False,False
SÜLEYMANLI AKHISAR PETROL OFISI,38.965691,27.808028,Petrol Ofisi,False,False
SÜLEYMANLI PETROL OFİSİ,38.986473,27.783562,Petrol Ofisi,False,False
TURGUTALP SOMA PETROL OFISI,39.187584,27.583347,Petrol Ofisi,False,False
TURGUTLU,38.495107,27.7236375,Petrol Ofisi,False,False
TURGUTLU 1 PETROL OFISI,38.488834,27.692611,Petrol Ofisi,False,False
TURGUTLU 2 PETROL OFISI,38.686356,28.292097,Petrol Ofisi,False,False
TURGUTLU BATI,38.4901146,27.6469291,Petrol Ofisi,False,False
TURGUTLU MERKEZ,38.4907448,27.7065831,Petrol Ofisi,False,False
TURGUTLU-2 PETROL OFİSİ,38.492538,27.675325,Petrol Ofisi,False,False
ULUDERBENT PETROL OFISI,38.182254,28.537402,Petrol Ofisi,False,False
URGANLI PETROL OFISI,38.509997,27.8402,Petrol Ofisi,False,False
VEZIROĞLU PETROL OFISI,38.663465,27.450551,Petrol Ofisi,False,False
YAĞCILI PETROL OFISI,39.325474,27.63197,Petrol Ofisi,False,False
YUNUSEMRE PETROL OFISI,38.6141816,27.3901525,Petrol Ofisi,False,False
YURTBAŞI,38.5921969,28.8124525,Petrol Ofisi,False,False
ZEYTINLIOVA PETROL OFISI,38.92908,27.802871,Petrol Ofisi,False,False
AHMETBEY PETROL OFISI,41.434912,27.582591,Petrol Ofisi,False,False
BABAESKI PETROL OFISI,41.424234,27.118686,Petrol Ofisi,False,False
BABAESKİ PETROL OFİSİ,41.4276206,27.1025704,Petrol Ofisi,False,False
BABAESKI SANAYI PETROL OFISI,41.427401,27.106318,Petrol Ofisi,False,False
EVRENSEKIZ PETROL OFISI,41.363517,27.480739,Petrol Ofisi,False,False
GÜNDOĞDU PETROL OFISI,41.44596,27.587808,Petrol Ofisi,False,False
HUDUTYOLU,41.7404269,27.2403363,Petrol Ofisi,False,False
İSTASYON CADDESI PETROL OFISI,41.372274,27.340285,Petrol Ofisi,False,False
KARAHIDIR,41.7080504,27.2093259,Petrol Ofisi,False,False
KIRKLARELI MERKEZ PETROL OFISI,41.7276568,27.217075,Petrol Ofisi,False,False
KIRKLARELI-M,41.7333819,27.2239087,Petrol Ofisi,False,False
KIŞLACIK KÖYÜ PETROL OFISI,41.694487,27.945952,Petrol Ofisi,False,False
KIYIKÖY PETROL OFİSİ,41.633257,28.089771,Petrol Ofisi,False,False
KIZILCIKDERE PETROL OFISI,41.693835,27.317113,Petrol Ofisi,False,False
LÜLEBURGAZ BABAESKI YOLU PETROL OFISI,41.418313,27.216493,Petrol Ofisi,False,False
LÜLEBURGAZ ÇARŞI PETROL OFISI,41.409789,27.353874,Petrol Ofisi,False,False
LÜLEBURGAZ PETROL OFISI,41.408328,27.343925,Petrol Ofisi,False,False
LÜLEBURGAZ-M,41.3984059,27.3773155,Petrol Ofisi,False,False
PINARHISAR,41.6276694,27.4953418,Petrol Ofisi,False,False
PINARHISAR PETROL OFISI,41.628197,27.498599,Petrol Ofisi,False,False
POYRALI PETROL OFISI,41.62564,27.587726,Petrol Ofisi,False,False
ÜNIVERSITE YOLU,41.752748,27.217965,Petrol Ofisi,False,False
VIZE,41.5482693,27.8175839,Petrol Ofisi,False,False
YENİBEDİR PETROL OFİSİ,41.364812,27.415622,Petrol Ofisi,False,False
AKBAŞ KÖYÜ PETROL OFISI,39.693865,35.875055,Petrol Ofisi,False,False
ÇAYIRALAN PETROL OFISI,39.303547,35.629865,Petrol Ofisi,False,False
İSTIKLAL CADDESI PETROL OFISI,39.667193,35.873812,Petrol Ofisi,False,False
SARIKAYA PETROL OFISI,39.475554,35.370036,Petrol Ofisi,False,False
ŞEFAATLI PETROL OFISI,39.501591,34.758372,Petrol Ofisi,False,False
SORGUN PETROL OFISI,39.802508,35.214921,Petrol Ofisi,False,False
YENİPAZAR - BOĞAZLIYAN PETROL OFİSİ,39.4727487,35.0963396,Petrol Ofisi,False,False
YOZGAT,39.8179299,34.7901389,Petrol Ofisi,False,False
YOZGAT MERKEZ PETROL OFISI,39.817844,34.789439,Petrol Ofisi,False,False
AKÇAABAT - SÖĞÜTLÜ PETROL OFISI,41.012765,39.60959,Petrol Ofisi,False,False
AKÇAABAT PETROL OFISI,41.0207423,39.5772391,Petrol Ofisi,False,False
ARAKLI,40.9337155,40.0667869,Petrol Ofisi,False,False
ARAKLI MERKEZ PETROL OFISI,40.939655,40.055075,Petrol Ofisi,False,False
BENGİSU PETROL OFİSİ,40.96936,39.694167,Petrol Ofisi,False,False
BEŞİRLİ PETROL OFİSİ,40.996216,39.673006,Petrol Ofisi,False,False
ÇARŞIBAŞI 1 PETROL OFİSİ,41.082596,39.376288,Petrol Ofisi,False,False
ÇARŞIBAŞI 2 PETROL OFİSİ,41.089999,39.389524,Petrol Ofisi,False,False
ÇÖMLEKÇİ PETROL OFİSİ,40.9996431,39.7436762,Petrol Ofisi,False,False
DARICA PETROL OFISI,41.041979,39.551542,Petrol Ofisi,False,False
DEĞİRMENDERE PETROL OFİSİ,40.997256,39.750277,Petrol Ofisi,False,False
DERECIK PETROL OFISI,40.957807,39.600236,Petrol Ofisi,False,False
DERNEKPAZARI PETROL OFISI,40.803331,40.2500938,Petrol Ofisi,False,False
DÜZKÖY YOLU PETROL OFİSİ,41.000736,39.577688,Petrol Ofisi,False,False
ESIROĞLU PETROL OFISI,40.861477,39.680283,Petrol Ofisi,False,False
HAVALİMANI PETROL OFİSİ,40.9924483,39.7861943,Petrol Ofisi,False,False
HAYRAT PETROL OFISI,40.921156,40.346723,Petrol Ofisi,False,False
KAŞÜSTÜ PETROL OFİSİ,40.970329,39.833832,Petrol Ofisi,False,False
KUTLUGÜN PETROL OFİSİ,40.9333683,39.7303898,Petrol Ofisi,False,False
MAÇKA PETROL OFISI,40.813629,39.611423,Petrol Ofisi,False,False
OF PETROL OFİSİ,40.943401,40.261942,Petrol Ofisi,False,False
OF UZUNGÖL YOLU PETROL OFISI,40.937664,40.272502,Petrol Ofisi,False,False
ÖZMERSİN PETROL OFİSİ,41.088683,39.489542,Petrol Ofisi,False,False
SERA GÖLÜ PETROL OFİSİ,40.995842,39.624015,Petrol Ofisi,False,False
SÖĞÜTLÜ,41.0086876,39.6215443,Petrol Ofisi,False,False
SÜRMENE ÇARŞI MAHALLESI PETROL OFISI,40.893864,40.109021,Petrol Ofisi,False,False
SÜRMENE GIRIŞI PETROL OFISI,40.915,40.1081,Petrol Ofisi,False,False
SÜRMENE MERKEZ PETROL OFISI,40.913979,40.113662,Petrol Ofisi,False,False
SÜRMENE SAHIL YOLU PETROL OFISI,40.914825,40.186298,Petrol Ofisi,False,False
TONYA PETROL OFISI,40.895922,39.294626,Petrol Ofisi,False,False
TRABZON - BAYBURT YOLU PETROL OFİSİ,40.910107,40.04235,Petrol Ofisi,False,False
VAKFIKEBIR PETROL OFISI,41.047186,39.254684,Petrol Ofisi,False,False
YALIBOYU PETROL OFİSİ,40.9575,40.0209,Petrol Ofisi,False,False
YALINCAK PETROL OFİSİ,40.970078,39.833927,Petrol Ofisi,False,False
YAYLACIK PETROL OFİSİ,41.007888,39.587588,Petrol Ofisi,False,False
YOMRA PETROL OFİSİ,40.95459,39.864773,Petrol Ofisi,False,False
AKÇAKOCA PETROL OFISI,41.073847,31.109247,Petrol Ofisi,False,False
AYDINPINAR PETROL OFISI,40.835936,31.158162,Petrol Ofisi,False,False
ÇAYAĞZI PETROL OFISI,41.099166,31.226869,Petrol Ofisi,False,False
ÇILIMLI,40.849764,31.0586527,Petrol Ofisi,False,False
ÇILIMLI PETROL OFISI,40.881273,31.047747,Petrol Ofisi,False,False
CUMAYERI PETROL OFISI,40.867594,30.951907,Petrol Ofisi,False,False
DÜZCE - FEVZI ÇAKMAK PETROL OFISI,40.828943,31.186853,Petrol Ofisi,False,False
DÜZCE GÜNEY PETROL OFISI,40.789926,31.243034,Petrol Ofisi,False,False
DÜZCE KOOPERATIF,40.851764,31.1239158,Petrol Ofisi,False,False
DÜZCE KUZEY PETROL OFISI,40.791355,31.238592,Petrol Ofisi,False,False
DÜZCE PETROL OFİSİ,40.8364902,31.1678977,Petrol Ofisi,False,False
FIDANLIK DÜZCE,40.8420959,31.1249429,Petrol Ofisi,False,False
GÖLYAKA PETROL OFISI,40.781359,30.99434,Petrol Ofisi,False,False
GÖLYAKA-2 PETROL OFİSİ,40.766708,31.001484,Petrol Ofisi,False,False
GÜMÜŞOVA KUZEY PETROL OFISI,40.8536,30.9545,Petrol Ofisi,False,False
KAYNAŞLI PETROL OFISI,40.7733157,31.3214782,Petrol Ofisi,False,False
KONURALP PETROL OFISI,40.900297,31.158771,Petrol Ofisi,False,False
KÜÇÜKAHMETLER PETROL OFISI,40.797388,31.126927,Petrol Ofisi,False,False
OTOGAR PETROL OFISI,40.831141,31.169027,Petrol Ofisi,False,False
SANCAKLAR PETROL OFISI,40.8664212,31.1677004,Petrol Ofisi,False,False
SEÇKIN,40.7852127,31.1190409,Petrol Ofisi,False,False
YAHYALAR PETROL OFISI,40.848461,31.193701,Petrol Ofisi,False,False
AKDAMAR,38.4810842,43.3609699,Petrol Ofisi,False,False
EDREMİT - YENI MAHALLE PETROL OFISI,38.439267,43.317917,Petrol Ofisi,False,False
ERCİŞ - KIŞLA PETROL OFISI,39.0268,43.3537,Petrol Ofisi,False,False
ERCİŞ DAĞ PETROL OTOMOTİV İNŞAAT NAKLİYAT SPOR LİMİTED ŞİRKE,39.008694,43.321056,Petrol Ofisi,False,False
HAVALIMANI KAVŞAĞI PETROL OFISI,38.47739,43.355863,Petrol Ofisi,False,False
İPEK YOLU,38.4823467,43.3911582,Petrol Ofisi,False,False
İPEKYOLU PETROL OFISI,38.500195,43.373064,Petrol Ofisi,False,False
SELIMIYE PETROL OFISI,38.305125,43.129626,Petrol Ofisi,False,False
TUŞBA - KALECIK PETROL OFISI,38.5376,43.3382,Petrol Ofisi,False,False
TUŞBA PETROL OFISI,38.512952,43.374371,Petrol Ofisi,False,False
ÜNSELI PETROL OFISI,38.983314,43.557689,Petrol Ofisi,False,False
VAN,38.5131139,43.3753135,Petrol Ofisi,False,False
Y.İ.B.O PETROL OFISI,38.3092677,43.1210688,Petrol Ofisi,False,False
AKKUŞ PETROL OFISI,40.798775,37.014511,Petrol Ofisi,False,False
ALTIN ORDU,40.9688102,37.8971397,Petrol Ofisi,False,False
ALTINORDU - BAHÇELIEVLER PETROL OFISI,40.979628,37.894911,Petrol Ofisi,False,False
ÇAYBAŞI KARAYOLU PETROL OFISI,41.038909,37.127544,Petrol Ofisi,False,False
DEĞIRMENBAŞI PETROL OFISI,40.951806,37.893319,Petrol Ofisi,False,False
EFKAF PETROL OFISI,41.030661,37.484721,Petrol Ofisi,False,False
GÖLEVI PETROL OFISI,41.144361,37.261602,Petrol Ofisi,False,False
GÖLKÖY PETROL OFISI,40.68566,37.612957,Petrol Ofisi,False,False
GÜLYALI,40.967341,38.052973,Petrol Ofisi,False,False
GÜVERCINLIK PETROL OFISI,41.026493,37.563926,Petrol Ofisi,False,False
KACALI PETROL OFISI,41.058902,37.778547,Petrol Ofisi,False,False
KALEKAYA MAHALLESI PETROL OFISI,41.0859004,37.7778694,Petrol Ofisi,False,False
KARACAÖMER PETROL OFISI,40.9403626,37.8875466,Petrol Ofisi,False,False
KARAPINAR PETROL OFISI,40.9751952,37.9245277,Petrol Ofisi,False,False
KIRAZ LIMANI PETROL OFISI,41.002154,37.871077,Petrol Ofisi,False,False
KUMRU - DEMIRCILI MAHALLESI PETROL OFISI,40.875682,37.264321,Petrol Ofisi,False,False
KURTULUŞ PETROL OFISI,41.017963,37.520363,Petrol Ofisi,False,False
MESUDIYE PETROL OFISI,40.462292,37.773998,Petrol Ofisi,False,False
NURIYE MAHALLESI PETROL OFISI,41.114832,37.318367,Petrol Ofisi,False,False
ORDU,40.9410081,37.8888176,Petrol Ofisi,False,False
ORDU MERKEZ,40.9724941,37.9270671,Petrol Ofisi,False,False
ORDU YAZLIKBELEN PETROL OFISI,40.792252,37.01839,Petrol Ofisi,False,False
PERŞEMBE,41.0143596,37.8377662,Petrol Ofisi,False,False
RADAR YOLU PETROL OFSI,41.142826,37.287638,Petrol Ofisi,False,False
TEKKIRAZ PETROL OFSI,40.985174,37.161012,Petrol Ofisi,False,False
TEPE MAHAILESI PETROL OFSI,40.843181,37.35111,Petrol Ofisi,False,False
TURNASUYU,40.9765625,37.9925959,Petrol Ofisi,False,False
TURNASUYU PETROL OFSI,40.976604,38.008332,Petrol Ofisi,False,False
ÜNYE,41.1087978,37.3529806,Petrol Ofisi,False,False
YEMİŞLİ PETROL OFİSİ,40.932778,37.867483,Petrol Ofisi,False,False
AKSUNGUR PETROL OFISI,39.147432,42.535378,Petrol Ofisi,False,False
ERZURUM YOLU PETROL OFISI,38.7586111,41.4996446,Petrol Ofisi,False,False
GÜMGÜM PETROL OFISI,39.159912,41.451702,Petrol Ofisi,False,False
MUŞ,38.749569,41.503226,Petrol Ofisi,False,False
MUŞ BITLIS YOLU PETROL OFISI,38.68987,41.692375,Petrol Ofisi,False,False
AKYAKA PETROL OFISI,40.741393,43.597939,Petrol Ofisi,False,False
ARPAÇAY 1 PETROL OFISI,40.852065,43.31882,Petrol Ofisi,False,False
ARPAÇAY 2 PETROL OFISI,40.846605,43.328819,Petrol Ofisi,False,False
ARPAÇAY 3 PETROL OFISI,40.834173,43.323174,Petrol Ofisi,False,False
İNÖNÜ CADDESİ PETROL OFİSİ,40.596412,43.092006,Petrol Ofisi,False,False
KAFKAS,40.5806509,43.071586,Petrol Ofisi,False,False
KAĞIZMAN,40.1464801,43.1230055,Petrol Ofisi,False,False
KAĞIZMAN PETROL OFISI,40.151686,43.116494,Petrol Ofisi,False,False
KARS ERZURUM YOLU PETROL OFISI,40.5203,42.9625,Petrol Ofisi,False,False
KARS MERKEZ,40.5847169,43.0944536,Petrol Ofisi,False,False
KARS MERKEZ 1 PETROL OFISI,40.609305,43.10104,Petrol Ofisi,False,False
KARS MERKEZ 2 PETROL OFISI,40.5772386,43.102026,Petrol Ofisi,False,False
KARS MERKEZ 3 PETROL OFISI,40.610695,43.097721,Petrol Ofisi,False,False
SARIKAMIŞ PETROL OFISI,40.340055,42.587542,Petrol Ofisi,False,False
SELIM PETROL OFISI,40.461825,42.768573,Petrol Ofisi,False,False
SUSUZ PETROL OFISI,40.75135,43.151684,Petrol Ofisi,False,False
AKYOL,37.2267295,27.6683763,Petrol Ofisi,False,False
ARIFLER PETROL OFISI,36.4740245,29.3002685,Petrol Ofisi,False,False
BAFA,37.4185458,27.6087308,Petrol Ofisi,False,False
BEYOBASI,36.9101389,28.7419034,Petrol Ofisi,False,False
BODRUM AVM PETROL OFISI,37.163985,27.589518,Petrol Ofisi,False,False
BODRUM MERKEZ,37.0415396,27.4356073,Petrol Ofisi,False,False
DALAMAN PETROL OFİSİ,36.8119939,28.8056439,Petrol Ofisi,False,False
DALYAN PETROL OFISI,36.835584,28.646692,Petrol Ofisi,False,False
DATÇA PETROL OFISI,36.7485665,27.6647619,Petrol Ofisi,False,False
DÖĞÜŞBELEN,36.984851,28.613067,Petrol Ofisi,False,False
DONT DİNLENME TESİSLERİ PETROL OFİSİ,36.86349,29.615058,Petrol Ofisi,False,False
FETHIYE MERKEZ PETROL OFISI,36.624442,29.130323,Petrol Ofisi,False,False
FETHIYE MUĞLA KARAYOLU PETROL OFISI,36.820564,28.796699,Petrol Ofisi,False,False
GÖCEK,36.7590623,28.9557953,Petrol Ofisi,False,False
GÖCEK PETROL OFISI,36.758126,28.934818,Petrol Ofisi,False,False
GÖKOVA PETROL OFİSİ,37.051338,28.355541,Petrol Ofisi,False,False
GÜMÜŞLÜK,37.0639374,27.251312,Petrol Ofisi,False,False
GUNDOGAN,37.1060326,27.3653898,Petrol Ofisi,False,False
GÜNLÜKBAŞI PETROL OFISI,36.651232,29.132167,Petrol Ofisi,False,False
HALIKARNAS PETROL OFISI,37.047161,27.396626,Petrol Ofisi,False,False
HISARÖNÜ,36.8332144,28.1527603,Petrol Ofisi,False,False
İÇMELER PETROL OFISI,36.792367,28.219276,Petrol Ofisi,False,False
KADIKÖY PETROL OFISI,36.54106,29.3808,Petrol Ofisi,False,False
KALKAN YOLU,36.4541204,29.2894965,Petrol Ofisi,False,False
KARAÇULHA PETROL OFISI,36.646254,29.195319,Petrol Ofisi,False,False
KARAGEDIK PETROL OFISI,36.680272,29.122784,Petrol Ofisi,False,False
KARAKÖY PETROL OFISI,36.3566,29.3136,Petrol Ofisi,False,False
KAVAKLIDERE PETROL OFISI,37.454645,28.322819,Petrol Ofisi,False,False
KIZILAĞAÇ PETROL OFISI,37.098972,28.378084,Petrol Ofisi,False,False
KIZILYAKA,37.0113142,28.4997181,Petrol Ofisi,False,False
KIZILYAKA PETROL OFİSİ,37.017029,28.451948,Petrol Ofisi,False,False
KONACIK MAHALLESI PETROL OFISI,37.050249,27.385204,Petrol Ofisi,False,False
KÖYCEĞIZ,36.9668185,28.6882574,Petrol Ofisi,False,False
KÖYCEĞIZ PETROL OFISI,36.961538,28.725629,Petrol Ofisi,False,False
KUMLUOVA,36.3424626,29.2953644,Petrol Ofisi,False,False
LIKYA,36.6481532,29.1239543,Petrol Ofisi,False,False
MARMARIS,36.8581983,28.2555631,Petrol Ofisi,False,False
MARMARIS PETROL OFISI,36.857467,28.272862,Petrol Ofisi,False,False
MILAS - BODRUM YOLU PETROL OFISI,37.227601,27.691901,Petrol Ofisi,False,False
MILAS DIDIM YOLU PETROL OFISI,37.34897,27.714561,Petrol Ofisi,False,False
MILAS MERKEZ PETROL OFISI,37.2895611,27.7814721,Petrol Ofisi,False,False
MILAS MUĞLA YOLU PETROL OFISI,37.288055,27.800967,Petrol Ofisi,False,False
MILAS-1,37.3244453,27.7805895,Petrol Ofisi,False,False
MUĞLA GÜMÜŞLÜK PETROL OFISI,37.015129,27.268173,Petrol Ofisi,False,False
MUĞLA MENTEŞE,37.2079947,28.3578844,Petrol Ofisi,False,False
MUĞLA MERKEZ,37.1897644,28.3701906,Petrol Ofisi,False,False
MUĞLA ORTAKÖY,37.1766407,28.4254442,Petrol Ofisi,False,False
MUĞLA PETROL OFISI,37.207378,28.339614,Petrol Ofisi,False,False
MUĞLA YENIKÖY,37.1695773,28.3874938,Petrol Ofisi,False,False
MUMCULAR 1 PETROL OFISI,37.1108,27.6575,Petrol Ofisi,False,False
MUMCULAR 2 PETROL OFISI,37.1073,27.6657,Petrol Ofisi,False,False
ÖREN PETROL OFİSİ,37.033363,27.952301,Petrol Ofisi,False,False
ORTACA,36.8318701,28.7793175,Petrol Ofisi,False,False
ORTACA PETROL OFISI,36.834552,28.773601,Petrol Ofisi,False,False
ORTAKENT YAHŞI PETROL OFISI,37.049089,27.343661,Petrol Ofisi,False,False
SANAYİ PETROL OFİSİ,37.288956,27.777111,Petrol Ofisi,False,False
SELİMİYE PETROL OFİSİ,37.386951,27.662741,Petrol Ofisi,False,False
SEYDIKEMER 1 PETROL OFISI,36.639206,29.343004,Petrol Ofisi,False,False
SEYDIKEMER 2 PETROL OFISI,36.639637,29.343104,Petrol Ofisi,False,False
TAŞHAN,36.940316,28.2812564,Petrol Ofisi,False,False
TORBA MAHALLESI PETROL OFISI,37.065837,27.46406,Petrol Ofisi,False,False
TURGUTREIS MERKEZ,37.0072914,27.2663478,Petrol Ofisi,False,False
TURGUTREIS PETROL OFISI,37.030277,27.299835,Petrol Ofisi,False,False
ULA - ULAŞ PETROL OFISI,37.113927,28.388425,Petrol Ofisi,False,False
YALIKAVAK,37.1120559,27.3228113,Petrol Ofisi,False,False
YALIKAVAK PETROL OFISI,37.098946,27.308556,Petrol Ofisi,False,False
YATAĞAN 1 PETROL OFISI,37.329134,28.162989,Petrol Ofisi,False,False
YATAĞAN 2,37.3533933,28.1555074,Petrol Ofisi,False,False
YATAĞAN 2 PETROL OFISI,37.3298,28.1634,Petrol Ofisi,False,False
YATAĞAN MERKEZ,37.3406607,28.1357302,Petrol Ofisi,False,False
YATAĞAN YOLU,37.3041933,27.9863737,Petrol Ofisi,False,False
YOKUŞBAŞI PETROL OFİSİ,37.0552696,27.4578813,Petrol Ofisi,False,False
ALACA PETROL OFISI,40.169176,34.861584,Petrol Ofisi,False,False
ÇELTIKÖZÜ PETROL OFISI,41.095699,34.418898,Petrol Ofisi,False,False
ÇIFTLIKKÖY PETROL OFİSİ,40.142611,34.278305,Petrol Ofisi,False,False
ÇORUM MERKEZ,40.5224764,34.9157961,Petrol Ofisi,False,False
ÇORUM MERKEZ PETROL OFİSİ,40.552925,34.933578,Petrol Ofisi,False,False
ÇORUM ORGANIZE,40.4603163,34.8474931,Petrol Ofisi,False,False
ÇORUM YOLU PETROL OFISI,40.275048,34.80189,Petrol Ofisi,False,False
İSKILIP,40.7156203,34.4849354,Petrol Ofisi,False,False
KARGI PETROL OFISI,41.137435,34.46756,Petrol Ofisi,False,False
OĞUZLAR PETROL OFISI,40.756037,34.702231,Petrol Ofisi,False,False
OSMANCIK PETROL OFISI,40.970234,34.839404,Petrol Ofisi,False,False
OSMANCIK YOLU PETROL OFISI,40.583992,34.929193,Petrol Ofisi,False,False
SAMSUN YOLU PETROL OFISI,40.570445,34.990181,Petrol Ofisi,False,False
SUNGURLU PETROL OFISI,40.1747972,34.4077703,Petrol Ofisi,False,False
ALAKUŞ PETROL OFİSİ,37.141362,40.86435,Petrol Ofisi,False,False
ARTUKLU - YENIŞEHIR PETROL OFISI,37.320821,40.727293,Petrol Ofisi,False,False
KIZILTEPE PETROL OFISI,37.19153,40.550086,Petrol Ofisi,False,False
MARDIN,37.3243088,40.7194404,Petrol Ofisi,False,False
MARDIN HAVALIMANI,37.1978197,40.6015368,Petrol Ofisi,False,False
MARDIN OTOGAR,37.3332897,40.770919,Petrol Ofisi,False,False
MIDYAT PETROL OFISI,37.4232542,41.3443407,Petrol Ofisi,False,False
NUSAYBIN PETROL OFISI,37.085887,41.28808,Petrol Ofisi,False,False
OSB GİRİŞİ PETROL OFİSİ,37.2729,40.685432,Petrol Ofisi,False,False
ÜNIVERSITE KAVŞAĞI PETROL OFISI,37.350651,40.660314,Petrol Ofisi,False,False
ALAPLI PETROL OFISI,41.178598,31.382502,Petrol Ofisi,False,False
BAKACAKKADI PETROL OFISI,41.352635,32.089758,Petrol Ofisi,False,False
BILIK MEVKII PETROL OFISI,41.254273,32.020721,Petrol Ofisi,False,False
ÇATALAĞZI PETROL OFISI,41.50584,31.885431,Petrol Ofisi,False,False
ÇAYCUMA,41.3572188,32.0135487,Petrol Ofisi,False,False
ÇAYCUMA - KARAPINAR PETROL OFISI,41.501169,32.160507,Petrol Ofisi,False,False
ÇAYCUMA BARTIN YOLU PETROL OFISI,41.4338658,32.093502,Petrol Ofisi,False,False
ÇAYCUMA OTOGAR PETROL OFISI,41.424944,32.093249,Petrol Ofisi,False,False
DEVREK PETROL OFISI,41.208162,31.95398,Petrol Ofisi,False,False
FİLYOS YOLU PETROL OFİSİ,41.523782,32.092582,Petrol Ofisi,False,False
GÖKÇEBEY PETROL OFISI,41.309442,32.153622,Petrol Ofisi,False,False
KARADENIZ EREĞLI,41.2691426,31.4374382,Petrol Ofisi,False,False
KIŞLA PETROL OFISI,41.259658,31.436006,Petrol Ofisi,False,False
ÖREN KÖYÜ PETROL OFISI,41.271922,31.505622,Petrol Ofisi,False,False
OSMANLI KÖYÜ PETROL OFISI,41.385271,31.94025,Petrol Ofisi,False,False
ZONGULDAK,41.4517313,31.7585812,Petrol Ofisi,False,False
ZONGULDAK PETROL OFISI,41.451266,31.75791,Petrol Ofisi,False,False
ALAŞARKÖY MAHALLESI PETROL OFISI,40.288222,29.056139,Petrol Ofisi,False,False
ANKARA BURSA GIRIŞI PETROL OFISI,40.196561,29.353711,Petrol Ofisi,False,False
ANKARA YOLU 1 PETROL OFISI,40.192237,29.143528,Petrol Ofisi,False,False
ATARIYE MAHALLESI PETROL OFISI,40.041999,28.399732,Petrol Ofisi,False,False
BALIKLI,40.22036,29.086089,Petrol Ofisi,False,False
BARAKFAKIH PETROL OFISI,40.211028,29.275362,Petrol Ofisi,False,False
BELEDIYE TERMINAL PETROL OFISI,40.262811,29.054782,Petrol Ofisi,False,False
BEŞEVLER PETROL OFISI,40.211138,28.970656,Petrol Ofisi,False,False
BOSAB,40.2300974,28.9643973,Petrol Ofisi,False,False
BOTANIK PETROL OFISI,40.220556,29.054444,Petrol Ofisi,False,False
BURSA,40.1913254,29.0822208,Petrol Ofisi,False,False
BURSA KENT,40.2094371,29.061601,Petrol Ofisi,False,False
BURSA KESTEL,40.2119163,29.2738342,Petrol Ofisi,False,False
BURSA PETROL OFİSİ,40.2128927,29.0007127,Petrol Ofisi,False,False
BURSA SANAYI PETROL OFISI,40.2246,28.9916,Petrol Ofisi,False,False
BÜYÜKORHAN PETROL OFISI,39.7836,28.897,Petrol Ofisi,False,False
ÇAKIRCA İZNIK PETROL OFISI,40.467646,29.666102,Petrol Ofisi,False,False
ÇALI,40.1800918,28.9150067,Petrol Ofisi,False,False
ÇALI PETROL OFISI,40.177436,28.90325,Petrol Ofisi,False,False
ÇEVREYOLU BURSA,40.2192512,28.7616577,Petrol Ofisi,False,False
DAĞKADI PETROL OFISI,40.2472397,28.1932979,Petrol Ofisi,False,False
DEMIRTAŞ PETROL OFISI,40.2621,29.0989,Petrol Ofisi,False,False
DEMIRTAŞ ÜRGÜN PETROL OFISI,40.270818,29.087468,Petrol Ofisi,False,False
DIKKALDIRIM,40.2058208,28.9961834,Petrol Ofisi,False,False
DÜRDANE PETROL OFISI,40.331822,29.086924,Petrol Ofisi,False,False
ELBEYLI PETROL OFISI,40.482848,29.724821,Petrol Ofisi,False,False
EMEK PETROL OFISI,40.257958,28.953015,Petrol Ofisi,False,False
ESENCE PETROL OFISI,40.350431,28.688547,Petrol Ofisi,False,False
GEÇIT,40.2736959,28.9418697,Petrol Ofisi,False,False
GEDELEK PETROL OFİSİ,40.448326,29.273336,Petrol Ofisi,False,False
GEMLIK GÜNEY,40.390949,29.1355151,Petrol Ofisi,False,False
GEMLIK PETROL OFISI,40.422928,29.154032,Petrol Ofisi,False,False
GÖRÜKLE PETROL OFISI,40.226294,28.846646,Petrol Ofisi,False,False
GÜNDOĞDU,40.3299204,29.0206651,Petrol Ofisi,False,False
GÜRSU,40.2060794,29.1899206,Petrol Ofisi,False,False
GÜRSU SANAYI,40.201087,29.1839506,Petrol Ofisi,False,False
HACIVAT PETROL OFISI,40.191893,29.137066,Petrol Ofisi,False,False
HARMANCIK 1 PETROL OFISI,39.675614,29.14502,Petrol Ofisi,False,False
HARMANCIK 2 PETROL OFISI,39.680796,29.166306,Petrol Ofisi,False,False
HASANAĞA ORGANIZE PETROL OFISI,40.181103,28.796421,Petrol Ofisi,False,False
HOTANLI KÖYÜ PETROL OFISI,40.205503,28.306725,Petrol Ofisi,False,False
HÜRRIYET,40.2171444,29.0125056,Petrol Ofisi,False,False
İHSANIYE,40.227743,28.9879563,Petrol Ofisi,False,False
İNEGÖL,40.0744,29.5351,Petrol Ofisi,False,False
İNEGÖL ÇELTIKÇI PETROL OFISI,40.072997,29.473474,Petrol Ofisi,False,False
İNEGÖL ÇEVRE YOLU PETROL OFISI,40.092902,29.488439,Petrol Ofisi,False,False
İNEGÖL ÇEVREYOLU,40.0913322,29.5153746,Petrol Ofisi,False,False
İNEGÖL KURŞUNLU PETROL OFISI,40.037143,29.660702,Petrol Ofisi,False,False
İNEGÖL MERKEZ PETROL OFISI,40.079622,29.517644,Petrol Ofisi,False,False
İNEGÖL MESUDIYE PETROL OFISI,40.082085,29.52536,Petrol Ofisi,False,False
İNEGÖL OSB 1 PETROL OFISI,40.09737,29.480867,Petrol Ofisi,False,False
İNEGÖL OSB 2 PETROL OFISI,40.092252,29.499159,Petrol Ofisi,False,False
İNEGÖL RÜŞTIYE PETROL OFISI,39.972906,29.658686,Petrol Ofisi,False,False
İNEGÖL ŞEHITLER PETROL OFISI,40.130309,29.421484,Petrol Ofisi,False,False
İNEGÖL-M,40.0778117,29.5215979,Petrol Ofisi,False,False
İNÖNÜ,40.1856148,29.0695497,Petrol Ofisi,False,False
İRFANIYE NILÜFER PETROL OFISI,40.223344,28.815311,Petrol Ofisi,False,False
İSAÖREN PETROL OFİSİ,40.043319,29.5064,Petrol Ofisi,False,False
İSTANBUL YOLU OSTAŞ PETROL OFISI,40.233993,29.063164,Petrol Ofisi,False,False
İZMIR YOLU 30.KM PETROL OFISI,40.2144651,28.7396582,Petrol Ofisi,False,False
İZNIK,40.4376998,29.7195699,Petrol Ofisi,False,False
İZNIK 1 PETROL OFISI,40.452366,29.707329,Petrol Ofisi,False,False
İZNIK 2 PETROL OFISI,40.424583,29.719528,Petrol Ofisi,False,False
KARACABEY,40.2024349,28.3524857,Petrol Ofisi,False,False
KARACABEY 1 PETROL OFISI,40.205778,28.349911,Petrol Ofisi,False,False
KARACABEY 2 PETROL OFISI,40.18448,28.35542,Petrol Ofisi,False,False
KARACABEY 3 PETROL OFISI,40.198385,28.352594,Petrol Ofisi,False,False
KARACABEY 4 PETROL OFISI,40.22957,28.369027,Petrol Ofisi,False,False
KARAYERLER PETROL OFİSİ,40.2827317,29.0540456,Petrol Ofisi,False,False
KAYAPA,40.1756772,28.8467751,Petrol Ofisi,False,False
KELES PETROL OFISI,39.918871,29.224094,Petrol Ofisi,False,False
KESTEL PETROL OFISI,40.197561,29.20341,Petrol Ofisi,False,False
KÜLTÜRPARK PETROL OFISI,40.199848,29.041381,Petrol Ofisi,False,False
KUMLA 2,40.4454214,29.1360804,Petrol Ofisi,False,False
KUMLA GEMLIK PETROL OFISI,40.469982,29.104336,Petrol Ofisi,False,False
KUMLUK PETROL OFISI,40.2527494,29.0635749,Petrol Ofisi,False,False
KURŞUNLU,40.060946,29.5804122,Petrol Ofisi,False,False
MERINOS PETROL OFISI,40.201315,29.048938,Petrol Ofisi,False,False
MEZITLER PETROL OFISI.,39.955242,29.679601,Petrol Ofisi,False,False
MUDANYA PETROL OFİSİ,40.355366,28.916068,Petrol Ofisi,False,False
MUDANYA YOLU,40.2254754,28.9919262,Petrol Ofisi,False,False
MUDANYA YOLU PETROL OFISI,40.3046564,28.938653,Petrol Ofisi,False,False
MUSTAFAKEMALPAŞA PETROL OFISI,40.030643,28.336853,Petrol Ofisi,False,False
NILÜFER - 2 PETROL OFİSİ,40.205714,28.991594,Petrol Ofisi,False,False
NİLÜFER - KELES PETROL OFISI,40.214371,28.910608,Petrol Ofisi,False,False
NİLÜFER PETROL OFİSİ,40.21176,28.944685,Petrol Ofisi,False,False
ORHANELI,40.0399127,28.8971337,Petrol Ofisi,False,False
ORHANELI 1 PETROL OFISI,39.942696,28.92969,Petrol Ofisi,False,False
ORHANELI 2 PETROL OFISI,39.900592,28.985723,Petrol Ofisi,False,False
ORHANELI 3 PETROL OFISI,40.027354,28.891691,Petrol Ofisi,False,False
ORHANELI YOLU PETROL OFISI,40.152117,28.974632,Petrol Ofisi,False,False
ORHANGAZI 1 PETROL OFISI,40.468494,29.297229,Petrol Ofisi,False,False
ORHANGAZI 2 PETROL OFISI,40.465813,29.296373,Petrol Ofisi,False,False
ORHANIYE PETROL OFISI,40.186113,29.63457,Petrol Ofisi,False,False
OTOSANSIT PETROL OFISI,40.196716,29.159808,Petrol Ofisi,False,False
OYLAT PETROL OFISI,39.9867,29.6116,Petrol Ofisi,False,False
ÖZLÜCE PETROL OFISI,40.214503,28.900517,Petrol Ofisi,False,False
PANAYIR PETROL OFİSİ,40.2520819,29.0666404,Petrol Ofisi,False,False
PAŞAĞINAR PETROL OFISI,40.390599,29.459366,Petrol Ofisi,False,False
SİNANBEY - 2 PETROL OFİSİ,40.091194,29.515056,Petrol Ofisi,False,False
SINANBEY PETROL OFISI,40.097918,29.511656,Petrol Ofisi,False,False
SUBAŞI PETROL OFISI,40.231459,28.517846,Petrol Ofisi,False,False
ÜÇEVLER,40.2006126,28.9468598,Petrol Ofisi,False,False
ULUABAT PETROL OFISI,40.19881,28.422647,Petrol Ofisi,False,False
ULUDAĞ,40.2165981,28.8716154,Petrol Ofisi,False,False
ULUYOL PETROL OFISI,40.19211,29.072819,Petrol Ofisi,False,False
ÜREĞİL PETROL OFİSİ,40.505215,29.3966,Petrol Ofisi,False,False
YENI YILDIRIM,40.191812,29.117708,Petrol Ofisi,False,False
YENIGÜRLE PETROL OFISI,40.420247,29.308106,Petrol Ofisi,False,False
YENIŞEHIR 1 PETROL OFISI,40.255652,29.647827,Petrol Ofisi,False,False
YENIŞEHIR 2 PETROL OFISI,40.247383,29.671717,Petrol Ofisi,False,False
YENIŞEHIR 3 PETROL OFISI,40.23623,29.427322,Petrol Ofisi,False,False
YENIŞEHIR BURSA,40.2637447,29.647241,Petrol Ofisi,False,False
YENIŞEHIR PETROL OFISI,40.270854,29.741729,Petrol Ofisi,False,False
YEŞILŞEHIR PETROL OFISI,40.245525,29.089499,Petrol Ofisi,False,False
YEŞIM,40.1990681,29.1878451,Petrol Ofisi,False,False
YILDIRIM PETROL OFISI,40.191839,29.0877,Petrol Ofisi,False,False
YUNUS EMRE MAHALLESI PETROL OFISI,40.033304,28.387067,Petrol Ofisi,False,False
YUNUSELİ PETROL OFİSİ,40.253795,29.017976,Petrol Ofisi,False,False
YUNUSEMRE PETROL OFİSİ,40.2034149,29.1054718,Petrol Ofisi,False,False
ALIPINAR,37.9027698,40.2137396,Petrol Ofisi,False,False
ALIPINAR PETROL OFISI,37.902272,40.2134408,Petrol Ofisi,False,False
ALTINDAĞ TESISLERI PETROL OFISI,38.009179,40.1144062,Petrol Ofisi,False,False
BAĞLAR - BAĞCILAR PETROL OFISI,37.91269,40.17845,Petrol Ofisi,False,False
BISMIL PETROL OFISI,37.837579,40.599617,Petrol Ofisi,False,False
BÖLGE TRAFIK PETROL OFISI,37.941247,40.294033,Petrol Ofisi,False,False
ÇERMIK PETROL OFISI,38.135305,39.456416,Petrol Ofisi,False,False
ÇERMIK YOLU PETROL OFISI,38.262991,39.757852,Petrol Ofisi,False,False
CEYLAN AVM PETROL OFISI,37.927471,40.170375,Petrol Ofisi,False,False
ÇINAR YOLU PETROL OFİSİ,37.905604,40.211348,Petrol Ofisi,False,False
DIYARBAKIR BATI,37.865976,40.0885854,Petrol Ofisi,False,False
DIYARBAKIR DOĞU,37.8144017,40.3202979,Petrol Ofisi,False,False
DIYARBAKIR OTOGAR PETROL OFISI,37.918005,40.131104,Petrol Ofisi,False,False
ERGANI,38.2463467,39.7807834,Petrol Ofisi,False,False
ERGANİ - DIYARBAKIR CADDESI PETROL OFISI,38.260868,39.765112,Petrol Ofisi,False,False
KANTAR PETROL OFISI,37.928613,40.177342,Petrol Ofisi,False,False
KAYAPINAR PETROL OFISI,37.932849,40.1628,Petrol Ofisi,False,False
KAYNARTEPE,37.9204724,40.1984107,Petrol Ofisi,False,False
KURUÇEŞME PETROL OFISI,37.915668,40.204868,Petrol Ofisi,False,False
LICE YOLU PETROL OFISI,38.170263,40.473321,Petrol Ofisi,False,False
NINOVA,37.93532,40.2034926,Petrol Ofisi,False,False
OTOGAR DIYARBAKIR,37.9195904,40.137604,Petrol Ofisi,False,False
SEYRANTEPE,37.9425434,40.2020653,Petrol Ofisi,False,False
SEYRANTEPE PETROL OFISI,37.9347,40.2103,Petrol Ofisi,False,False
SILVAN YOLU PETROL OFISI,37.943544,40.24695,Petrol Ofisi,False,False
SUR - MARDIN YOLU PETROL OFISI,37.8265,40.2899,Petrol Ofisi,False,False
TESISLER GÜNDOĞAN PETROL OFISI,37.933801,40.194961,Petrol Ofisi,False,False
TOPLU KONUTLAR GIRIŞI PETROL OFISI,37.943082,40.201509,Petrol Ofisi,False,False
URFA YOLU - PETROL OFİSİ,37.911745,40.095927,Petrol Ofisi,False,False
URFA YOLU PETROL OFİSİ 2,39.98797,37.91091,Petrol Ofisi,False,False
URFAYOLU,37.9265735,40.1664812,Petrol Ofisi,False,False
ALPU BOZAN MAHALLESI PETROL OFISI,39.79166,31.09743,Petrol Ofisi,False,False
BEYLIKOVA PETROL OFISI,39.682449,31.204132,Petrol Ofisi,False,False
BURSAYOLU,39.8084325,30.4064062,Petrol Ofisi,False,False
ÇIFTELER,39.260277,31.1051964,Petrol Ofisi,False,False
ÇIFTELER 1 PETROL OFISI,39.370095,31.036108,Petrol Ofisi,False,False
ÇIFTELER 2 PETROL OFISI,39.369001,31.036186,Petrol Ofisi,False,False
ÇUKUR HISAR,39.83008,30.3315268,Petrol Ofisi,False,False
DERBENT ÇIFTLIĞI PETROL OFISI,39.628561,30.58158,Petrol Ofisi,False,False
ESKIŞEHIR BURSA YOLU PETROL OFISI,39.824104,30.350563,Petrol Ofisi,False,False
ESKIŞEHIR ORGANIZE,39.7544927,30.5864455,Petrol Ofisi,False,False
ESKIŞEHIR OSB PETROL OFISI,39.747525,30.608661,Petrol Ofisi,False,False
ESKIŞEHIR TEPEBAŞI,39.7266253,30.363041,Petrol Ofisi,False,False
ESTON 1,39.7452604,30.6120814,Petrol Ofisi,False,False
GÜÇLÜ,39.7858876,30.5277248,Petrol Ofisi,False,False
KEPEN,39.3500494,31.4686995,Petrol Ofisi,False,False
KÜKRER,39.6910298,30.1561371,Petrol Ofisi,False,False
KÜMBET,39.6912059,30.1551997,Petrol Ofisi,False,False
MAHMUDIYE PETROL OFISI,39.5848928,30.9006454,Petrol Ofisi,False,False
MIHALLIÇÇIK HASAN ERGEÇEN CADDESI PETROL,39.864421,31.496001,Petrol Ofisi,False,False
MIHALLIÇÇIK YUNUSEMRE BELDESI PETROL OFI,39.700632,31.477986,Petrol Ofisi,False,False
MIHALLIÇÇIK YUNUSEMRE CADDESI PETROL OFI,39.860953,31.493873,Petrol Ofisi,False,False
ONAT,39.8084477,30.406317,Petrol Ofisi,False,False
PORSUK,39.7753637,30.5241963,Petrol Ofisi,False,False
PORSUK ÇAYI PETROL OFISI,39.77626,30.525799,Petrol Ofisi,False,False
SARAR SANAYI,39.7640156,30.5573165,Petrol Ofisi,False,False
SEYITGAZI,39.2887238,30.5282402,Petrol Ofisi,False,False
SEYITGAZI KIRKA PETROL OFISI,39.293033,30.527359,Petrol Ofisi,False,False
SIVRIHISAR ÇEVREYOLU 1 PETROL OFISI,39.500774,31.605895,Petrol Ofisi,False,False
SIVRIHISAR ÇEVREYOLU 2 PETROL OFISI,39.437634,31.559923,Petrol Ofisi,False,False
SIVRIHISAR ÇEVREYOLU 3 PETROL OFISI,39.480324,31.59658,Petrol Ofisi,False,False
SIVRIHISAR YOLU,39.5495473,31.7372798,Petrol Ofisi,False,False
TEPEBAŞI PETROL OFISI,39.78666,30.47527,Petrol Ofisi,False,False
ALTINOLUK 2 PETROL OFISI,38.695761,35.441057,Petrol Ofisi,False,False
ANADOLU - KAYSERI,38.7314941,35.4865262,Petrol Ofisi,False,False
ANBAR PETROL OFISI,38.751702,35.391353,Petrol Ofisi,False,False
BAĞPINARI PETROL OFISI,38.826635,35.641867,Petrol Ofisi,False,False
BAŞAKPINAR 1 PETROL OFISI,38.681003,35.624232,Petrol Ofisi,False,False
BAŞAKPINAR 2 PETROL OFISI,38.675755,35.642575,Petrol Ofisi,False,False
BATTALGAZI BULVARI,38.6874905,35.473416,Petrol Ofisi,False,False
BELSIN PETROL OFISI,38.7375754,35.3982488,Petrol Ofisi,False,False
BEYATLI,38.7242266,35.4516939,Petrol Ofisi,False,False
BEYAZŞEHIR PETROL OFISI,38.780082,35.598267,Petrol Ofisi,False,False
BEYDEĞIRMENI PETROL OFISI,38.810698,35.219521,Petrol Ofisi,False,False
DEVELİ - YAZIBAŞI PETROL OFISI,38.353414,35.579841,Petrol Ofisi,False,False
ERCIYES,38.4712992,35.1594065,Petrol Ofisi,False,False
HACILAR PETROL OFISI,38.659798,35.465672,Petrol Ofisi,False,False
İNCESU PETROL OFISI,38.626715,35.192004,Petrol Ofisi,False,False
KAYSERI ANBAR,38.7571398,35.3789362,Petrol Ofisi,False,False
KAYSERI DOĞU,38.8162101,35.6245235,Petrol Ofisi,False,False
KAYSERI HAVALIMANI,38.7447009,35.4881665,Petrol Ofisi,False,False
KAYSERI ORGANIZE 1,38.6974496,35.352755,Petrol Ofisi,False,False
KAYSERI ORGANIZE 2,38.69698,35.3829,Petrol Ofisi,False,False
KAYSERI UNI,38.6984853,35.5280899,Petrol Ofisi,False,False
KAYSERIMRK,38.7399742,35.514165,Petrol Ofisi,False,False
KIZILDERE,38.671236,36.2568675,Petrol Ofisi,False,False
KOCASİNAN - SIVAS CADDESI PETROL OFISI,38.7325035,35.5253463,Petrol Ofisi,False,False
KOCASİNAN PETROL OFİSİ,38.725934,35.467811,Petrol Ofisi,False,False
ÖRENŞEHIR PETROL OFISI,38.700171,35.251859,Petrol Ofisi,False,False
ORUÇREİS PETROL OFİSİ,38.76286,35.432158,Petrol Ofisi,False,False
PERVANE PETROL OFISI,38.7431813,35.5079288,Petrol Ofisi,False,False
PINARBAŞI PETROL OFISI,38.719518,36.385587,Petrol Ofisi,False,False
SARAYCIK PETROL OFİSİ,38.729582,35.281522,Petrol Ofisi,False,False
SARIOĞLAN PETROL OFISI,39.037508,35.955068,Petrol Ofisi,False,False
ŞEKER FABRIKASI,38.7462325,35.409745,Petrol Ofisi,False,False
SİVAS BULVARI PETROL OFİSİ,38.765848,35.565447,Petrol Ofisi,False,False
SULTANHANI KÖYÜ PETROL OFISI,38.992724,35.912245,Petrol Ofisi,False,False
TAŞÇI KÖYÜ PETROL OFISI,38.214623,35.813814,Petrol Ofisi,False,False
TOMARZA PETROL OFISI,38.458268,35.80271,Petrol Ofisi,False,False
YAHYALI,38.1647836,35.3374158,Petrol Ofisi,False,False
YAHYALI 1 PETROL OFISI,38.116535,35.362257,Petrol Ofisi,False,False
YAHYALI 2 PETROL OFISI,38.073082,35.377982,Petrol Ofisi,False,False
YEMLIHA PETROL OFISI,38.853027,35.198706,Petrol Ofisi,False,False
YENİDOĞAN PETROL OFİSİ,38.742512,35.434647,Petrol Ofisi,False,False
YEŞIL MAHALLE PETROL OFISI,38.762144,35.465363,Petrol Ofisi,False,False
YEŞİLHİSAR PETROL OFİSİ,38.36115,35.09045,Petrol Ofisi,False,False
ALTINOVA BATI PETROL OFİSİ,40.6835537,29.4691195,Petrol Ofisi,False,False
ALTINOVA DOĞU PETROL OFİSİ,40.6821122,29.4655877,Petrol Ofisi,False,False
ALTINOVA PETROL OFISI,40.686218,29.54684,Petrol Ofisi,False,False
ÇIFTLIKKÖY,40.6623783,29.3123962,Petrol Ofisi,False,False
ÇİFTLİKKÖY - TAŞKÖPRÜ PETROL OFISI,40.680534,29.39765,Petrol Ofisi,False,False
ÇIFTLIKKÖY -2,40.6776325,29.3757241,Petrol Ofisi,False,False
ÇIFTLIKKÖY PETROL OFISI,40.66256,29.313891,Petrol Ofisi,False,False
ÇINARCIK 1 PETROL OFISI,40.646774,29.128629,Petrol Ofisi,False,False
KARAMÜRSEL,40.6943013,29.5370967,Petrol Ofisi,False,False
KAYTAZDERE PETROL OFİSİ,40.692841,29.538239,Petrol Ofisi,False,False
KORU ÇINARCIK,40.6478222,29.1614027,Petrol Ofisi,False,False
TERMAL,40.6453106,29.2331611,Petrol Ofisi,False,False
TERMAL PETROL OFISI,40.610141,29.207583,Petrol Ofisi,False,False
YALOVA 1 PETROL OFISI,40.640863,29.279113,Petrol Ofisi,False,False
YALOVA KARAYOLU PETROL OFİSİ,40.591829,29.284375,Petrol Ofisi,False,False
ALTINÖZÜ PETROL OFISI,36.111229,36.268105,Petrol Ofisi,False,False
ANTAKYA - SANAYI PETROL OFISI,36.208693,36.172268,Petrol Ofisi,False,False
ANTAKYA MERKEZ,36.2088774,36.1655815,Petrol Ofisi,False,False
ARSUZ MERKEZ PETROL OFISI,36.400449,35.882868,Petrol Ofisi,False,False
AŞGARBEYLI,36.5855193,36.1796906,Petrol Ofisi,False,False
BELEN PETROL OFISI,36.5104605,36.1736791,Petrol Ofisi,False,False
BELEN PETROL OFİSİ,36.478086,36.25859,Petrol Ofisi,False,False
BÖLÜKBAŞI,36.8462967,36.2221351,Petrol Ofisi,False,False
ÇAYLI,36.8364972,36.208247,Petrol Ofisi,False,False
CILVEGÖZÜ PETROL OFISI,36.2406,36.573306,Petrol Ofisi,False,False
ÇINAR PETROL OFISI,36.4516,35.9477,Petrol Ofisi,False,False
DEFNE - ARMUTLU PETROL OFISI,36.199516,36.153948,Petrol Ofisi,False,False
DEMIRKÖPRÜ PETROL OFISI,36.248631,36.353128,Petrol Ofisi,False,False
DENİZCİLER PETROL OFİSİ,36.635367,36.228388,Petrol Ofisi,False,False
DINÇ,36.5690117,36.1508457,Petrol Ofisi,False,False
DÖRTYOL PETROL OFISI,36.835785,36.227113,Petrol Ofisi,False,False
DÖRTYOL-M,36.7888809,36.2108515,Petrol Ofisi,False,False
ERZIN PETROL OFISI,37.022395,36.139653,Petrol Ofisi,False,False
GÖKMEYDAN PETROL OFISI,36.435924,35.926721,Petrol Ofisi,False,False
GÜZELBIRLIK 2 PETROL OFISI,36.236147,36.174497,Petrol Ofisi,False,False
GÜZELBIRLIK PETROL OFISI,36.276468,36.189627,Petrol Ofisi,False,False
GÜZELBURÇ PETROL OFISI,36.27788,36.190959,Petrol Ofisi,False,False
HANEFI SOYLU PETROL OFISI,36.96177,36.178597,Petrol Ofisi,False,False
HARBIYE,36.1727368,36.1431113,Petrol Ofisi,False,False
HARBIYE PETROL OFISI,36.15993,36.14228,Petrol Ofisi,False,False
HÜRRIYET KÜME PETROL OFISI,36.9749644,36.131663,Petrol Ofisi,False,False
İSALI MEVKII PETROL OFISI,36.66846,36.00696,Petrol Ofisi,False,False
İSKENDERUN YOLU GÜZELBURÇ 2 PETROL OFISI,36.408246,36.264393,Petrol Ofisi,False,False
İSMAILLI HARBIYE PETROL OFISI,36.134698,36.143557,Petrol Ofisi,False,False
İSMET İNÖNÜ PETROL OFISI,36.5597,36.156797,Petrol Ofisi,False,False
KARŞI MAHALLE PETROL OFISI,36.751648,36.214714,Petrol Ofisi,False,False
KIRIKHAN,36.4988882,36.363856,Petrol Ofisi,False,False
KIRIKHAN PETROL OFISI,36.480763,36.356714,Petrol Ofisi,False,False
KUŞALANI PETROL OFISI,36.097563,36.011248,Petrol Ofisi,False,False
KUZEYTEPE PETROL OFISI,36.255335,36.172343,Petrol Ofisi,False,False
MADENBOYU 1 PETROL OFISI,36.255278,36.306389,Petrol Ofisi,False,False
MADENBOYU 2 PETROL OFISI,36.249653,36.344336,Petrol Ofisi,False,False
MADENLI PETROL OFISI,36.460687,35.962906,Petrol Ofisi,False,False
MARAŞBOĞAZI PETROL OFISI,36.392038,36.235588,Petrol Ofisi,False,False
MENDERES MAHALLESİ PETROL OFISI,36.52076,36.377022,Petrol Ofisi,False,False
MUAMMER AKSOY PETROL OFISI,36.584722,36.178056,Petrol Ofisi,False,False
MUSTAFA KEMAL PETROL OFISI,36.569991,36.152821,Petrol Ofisi,False,False
NARLICA,36.2292515,36.1969459,Petrol Ofisi,False,False
ÖTENÇAY PETROL OFISI,36.406594,36.257691,Petrol Ofisi,False,False
PAYAS,36.7738578,36.2156453,Petrol Ofisi,False,False
REYHANLI PETROL OFISI,36.277727,36.572498,Petrol Ofisi,False,False
SAMANDAĞ KAVŞAĞI PETROL OFISI,36.180845,36.119764,Petrol Ofisi,False,False
SAMANDAĞ PETROL OFISI,36.086667,35.969722,Petrol Ofisi,False,False
SARISEKI PETROL OFISI,36.672812,36.212859,Petrol Ofisi,False,False
SEVRE,36.5672924,36.1570008,Petrol Ofisi,False,False
TOPBOĞAZI,36.4442045,36.2836368,Petrol Ofisi,False,False
UĞUR MUMCU PETROL OFISI,36.080904,35.993484,Petrol Ofisi,False,False
UĞUR MUMCU PETROL OFİSİ,36.1939917,36.1418027,Petrol Ofisi,False,False
YAYLICA PETROL OFİSİ,36.1968,36.161228,Petrol Ofisi,False,False
YEŞILPINAR PETROL OFISI,36.13819,36.12176,Petrol Ofisi,False,False
YILDIRIM BEYAZIT MAH.PETROL OFISI,36.770428,36.215649,Petrol Ofisi,False,False
AMASRA YOLU PETROL OFISI,41.634527,32.348635,Petrol Ofisi,False,False
BARTIN MERKEZ,41.6373189,32.325396,Petrol Ofisi,False,False
ÇATMACA PETROL OFISI,41.6204276,32.3218898,Petrol Ofisi,False,False
KOZCAĞIZ BARTIN YOLU PETROL OFISI,41.493089,32.34776,Petrol Ofisi,False,False
KOZCAĞIZ PETROL OFISI,41.483066,32.339043,Petrol Ofisi,False,False
KOZCAĞIZ YAYLA PETROL OFISI,41.468755,32.338881,Petrol Ofisi,False,False
KURUCAŞILE PETROL OFISI,41.844919,32.715892,Petrol Ofisi,False,False
ULUS PETROL OFISI,41.572809,32.626749,Petrol Ofisi,False,False
YALI PETROL OFISI,41.637457,32.33279,Petrol Ofisi,False,False
AMASYA MERKEZ GIRIŞ PETROL OFISI,40.66732,35.84725,Petrol Ofisi,False,False
AMASYA TUGAY PETROL OFISI,40.617254,35.814722,Petrol Ofisi,False,False
ARTIKABAT PETROL OFISI,40.893141,35.192464,Petrol Ofisi,False,False
GÜMÜŞHACIKÖY,40.8707855,35.2269069,Petrol Ofisi,False,False
GÜMÜŞHACIKÖY MERKEZ PETROL OFISI,40.876573,35.217832,Petrol Ofisi,False,False
HELVACI PETROL OFİSİ,40.632899,35.813167,Petrol Ofisi,False,False
KAPIKAYA,40.567975,35.7877176,Petrol Ofisi,False,False
KAYADÜZÜ,40.8764104,35.5810095,Petrol Ofisi,False,False
MERAY KAVŞAĞI PETROL OFISI,40.864694,35.429389,Petrol Ofisi,False,False
MERZIFON,40.8707001,35.5004822,Petrol Ofisi,False,False
MERZIFON KAVŞAK PETROL OFISI,40.868806,35.496976,Petrol Ofisi,False,False
MERZIFON MERKEZ PETROL OFISI,40.86923,35.46493,Petrol Ofisi,False,False
MERZIFON ORGANIZE PETROL OFISI,40.838381,35.459766,Petrol Ofisi,False,False
MERZIFON PETROL OFISI,40.865862,35.492604,Petrol Ofisi,False,False
SULUOVA MERKEZ PETROL OFISI,40.811563,35.65907,Petrol Ofisi,False,False
SULUOVA PETROL OFISI,40.790631,35.675782,Petrol Ofisi,False,False
TAŞOVA PETROL OFISI,40.761253,36.320788,Petrol Ofisi,False,False
ANDIRIN MERKEZ PETROL OFISI,37.572928,36.353637,Petrol Ofisi,False,False
ANDIRIN PETROL OFISI,37.574678,36.350552,Petrol Ofisi,False,False
BINEVLER,37.5891585,36.8798993,Petrol Ofisi,False,False
ÇEVREYOLU AĞCALI MEVKII PETROL OFISI,37.563548,36.881308,Petrol Ofisi,False,False
ÇINARLI MEVKII PETROL OFISI,37.468474,37.073834,Petrol Ofisi,False,False
ELBISTAN,38.2084466,37.1718054,Petrol Ofisi,False,False
ELBISTAN GIRIŞ PETROL OFISI,38.205974,37.178199,Petrol Ofisi,False,False
ELBISTAN TERMIK SANTRALLER YOLU PETROL O,38.219394,37.213644,Petrol Ofisi,False,False
EMNİYET PETROL OFİSİ,37.563114,36.945602,Petrol Ofisi,False,False
GENÇ,38.2074924,37.2203884,Petrol Ofisi,False,False
KAHRAMANMARAŞ SANAYI,37.5648744,36.9518717,Petrol Ofisi,False,False
KAHRAMANMARAŞ YILDIZ,37.5579867,36.9222266,Petrol Ofisi,False,False
KARACASU MEVKII PETROL OFISI,37.529633,36.9880287,Petrol Ofisi,False,False
NARLI GAZIANTEP YÖNÜ PETROL OFISI,37.369452,37.132862,Petrol Ofisi,False,False
ONİKİŞUBAT - BOĞAZIÇI PETROL OFISI,37.570238,36.852061,Petrol Ofisi,False,False
ONİKİŞUBAT - MERKEZ PETROL OFISI,37.569365,36.92302,Petrol Ofisi,False,False
PAKDIL,37.5852908,36.9234718,Petrol Ofisi,False,False
PAZARCIK,37.4844898,37.2881397,Petrol Ofisi,False,False
PAZARCIK 1 PETROL OFISI,37.485949,37.28762,Petrol Ofisi,False,False
PAZARCIK 2 PETROL OFISI,37.508096,37.337457,Petrol Ofisi,False,False
SANAYI MEVKI PETROL OFISI,37.565568,36.95006,Petrol Ofisi,False,False
ŞEYHADIL,37.5718511,36.9420383,Petrol Ofisi,False,False
TEKEREK PETROL OFISI,37.585393,36.855469,Petrol Ofisi,False,False
TÜRKOĞLU,37.3335691,36.8147952,Petrol Ofisi,False,False
TÜRKOĞLU PETROL OFISI,37.382698,36.848584,Petrol Ofisi,False,False
TÜRKOĞLU PETROL OFİSİ,37.383416,36.863596,Petrol Ofisi,False,False
ULUBAHÇE,37.5100829,37.4158906,Petrol Ofisi,False,False
ÜNGÜT MERKEZ PETROL OFISI,37.599708,36.826136,Petrol Ofisi,False,False
YEŞILOBA KÖYÜ PETROL OFISI,37.445842,36.318725,Petrol Ofisi,False,False
ARAPGIR PETROL OFISI,39.023779,38.477003,Petrol Ofisi,False,False
ARGUVAN YOL AYRIMI PETROL OFISI,38.554121,38.245589,Petrol Ofisi,False,False
BATTALGAZI PETROL OFISI,38.424622,38.361866,Petrol Ofisi,False,False
DARENDE PETROL OFISI,38.550465,37.495917,Petrol Ofisi,False,False
DILEK PETROL OFISI,38.440044,38.252333,Petrol Ofisi,False,False
DOĞANŞEHİR PETROL OFİSİ,38.110051,37.91387,Petrol Ofisi,False,False
ERHAC,38.3444779,38.2340551,Petrol Ofisi,False,False
ERKENEK PETROL OFISI,37.924969,40.210979,Petrol Ofisi,False,False
ESENBEY PETROL OFISI,38.481009,37.765808,Petrol Ofisi,False,False
ESKI KÖY GARAJI PETROL OFISI,38.3508766,38.301286,Petrol Ofisi,False,False
FAHRI KAYAHAN BULVARI,38.3389906,38.2660198,Petrol Ofisi,False,False
GÖRGÜ PETROL OFISI,38.307945,38.119588,Petrol Ofisi,False,False
GÜZELYURT PETROL OFISI,38.790031,37.895272,Petrol Ofisi,False,False
HATUNSUYU PETROL OFISI,38.42757,38.311587,Petrol Ofisi,False,False
İKİZCE PETROL OFİSİ,38.329079,38.190773,Petrol Ofisi,False,False
KALE 2 PETROL OFISI,38.3954,38.735988,Petrol Ofisi,False,False
KALE PETROL OFISI,38.387064,38.671601,Petrol Ofisi,False,False
KARAKAVAK PETROL OFISI,38.33841,38.246118,Petrol Ofisi,False,False
KÜRECIK PETROL OFISI,38.3744301,37.892138,Petrol Ofisi,False,False
MALATYA - SANAYI PETROL OFISI,38.3561086,38.3025327,Petrol Ofisi,False,False
ŞEHIRGÖSTEREN PETROL OFISI,38.349712,38.367038,Petrol Ofisi,False,False
SIVAS CADDESI PETROL OFISI,38.354075,38.331012,Petrol Ofisi,False,False
SÜRGÜ PETROL OFISI,38.009513,37.968555,Petrol Ofisi,False,False
SÜTLÜCE PETROL OFISI,38.472794,38.223732,Petrol Ofisi,False,False
TOHMA KÖPRÜSÜ PETROL OFISI,38.50693,38.24104,Petrol Ofisi,False,False
ÜNIVERSITE PETROL OFISI,38.345456,38.409303,Petrol Ofisi,False,False
YEŞİLYURT - OTOGAR PETROL OFISI,38.341587,38.261807,Petrol Ofisi,False,False
ARDAHAN ÇEVRE YOLU PETROL OFISI,41.112241,42.737067,Petrol Ofisi,False,False
ARDAHAN MERKEZ 1 PETROL OFISI,41.107857,42.693209,Petrol Ofisi,False,False
ARDAHAN MERKEZ 2 PETROL OFISI,41.103198,42.683515,Petrol Ofisi,False,False
ÇILDIR PETROL OFISI,41.130275,43.147936,Petrol Ofisi,False,False
POSOF PETROL OFISI,41.508336,42.735079,Petrol Ofisi,False,False
ARDANUÇ PETROL OFISI,41.123653,42.063347,Petrol Ofisi,False,False
ARHAVI PETROL OFISI,41.35734,41.316585,Petrol Ofisi,False,False
ARTVIN 2 PETROL OFISI,41.240581,41.779295,Petrol Ofisi,False,False
ARTVIN MERKEZ PETROL OFISI,41.185122,41.820552,Petrol Ofisi,False,False
BORÇKA PETROL OFISI,41.364527,41.675483,Petrol Ofisi,False,False
HOPA 2 PETROL OFISI,41.387102,41.438683,Petrol Ofisi,False,False
HOPA 3 PETROL OFISI,41.386993,41.442642,Petrol Ofisi,False,False
MURGUL PETROL OFISI,41.305298,41.614863,Petrol Ofisi,False,False
ŞAVŞAT PETROL OFISI,41.253609,42.351636,Petrol Ofisi,False,False
YUSUFELİ PETROL OFİSİ,40.810917,41.5285,Petrol Ofisi,False,False
ARDEŞEN PETROL OFISI,41.1932,40.995473,Petrol Ofisi,False,False
ÇAYELI PETROL OFISI,41.082957,40.709841,Petrol Ofisi,False,False
DEREPAZARI PETROL OFISI,41.0286,40.4392,Petrol Ofisi,False,False
FINDIKLI PETROL OFISI,41.270978,41.140705,Petrol Ofisi,False,False
HAMİDİYE PETROL OFİSİ,41.181774,40.945515,Petrol Ofisi,False,False
İYIDERE PETROL OFISI,41.0010786,40.344385,Petrol Ofisi,False,False
PAZAR PETROL OFISI,41.1755564,40.9215555,Petrol Ofisi,False,False
RIZE,41.0200124,40.5174794,Petrol Ofisi,False,False
RIZE İSPIR YOLU PETROL OFISI,40.962305,40.399523,Petrol Ofisi,False,False
RIZE MERKEZ 1 PETROL OFISI,41.0386449,40.5057672,Petrol Ofisi,False,False
RIZE MERKEZ 2 PETROL OFISI,41.029699,40.551158,Petrol Ofisi,False,False
RIZE MERKEZ 3 PETROL OFISI,41.040325,40.571143,Petrol Ofisi,False,False
RIZE MERKEZ 4 PETROL OFISI,41.0385961,40.50202,Petrol Ofisi,False,False
AŞKALE PETROL OFISI,39.9186296,40.6820773,Petrol Ofisi,False,False
ÇAT YOLU 1 PETROL OFISI,39.8661,41.2126,Petrol Ofisi,False,False
ÇAT YOLU 2 PETROL OFISI,39.8591,41.1946,Petrol Ofisi,False,False
HINIS PETROL OFISI,39.350643,41.711691,Petrol Ofisi,False,False
HORASAN PETROL OFISI,40.031192,42.134929,Petrol Ofisi,False,False
ILICA PETROL OFISI,39.943875,41.112533,Petrol Ofisi,False,False
ILICA YOLU PETROL OFISI,39.93005,41.158909,Petrol Ofisi,False,False
İSPIR,40.4668373,40.9735178,Petrol Ofisi,False,False
İSPIR MERKEZ 1 PETROL OFISI,40.480758,40.991381,Petrol Ofisi,False,False
İSPIR MERKEZ 2 PETROL OFISI,40.476693,40.983101,Petrol Ofisi,False,False
KARAYOLLARI PETROL OFISI,39.897433,41.27396,Petrol Ofisi,False,False
NARMAN PETROL OFISI,40.330239,41.906405,Petrol Ofisi,False,False
NARMAN YOLU PETROL OFISI,40.47465,41.980549,Petrol Ofisi,False,False
OLTU MERKEZ JANDARMA YANI PETROL OFISI,40.543241,41.987307,Petrol Ofisi,False,False
OLTU MERKEZ PETROL OFISI,40.560135,42.005553,Petrol Ofisi,False,False
PALANDÖKEN - YENIŞEHIR PETROL OFISI,39.889154,41.264186,Petrol Ofisi,False,False
PASINLER,39.9890017,41.757165,Petrol Ofisi,False,False
PASINLER - NARMAN KAVŞAĞI PETROL OFISI,39.986641,41.786288,Petrol Ofisi,False,False
PASINLER PETROL OFISI,39.9771391,41.6488284,Petrol Ofisi,False,False
ŞENKAYA PETROL OFISI,40.665693,42.190623,Petrol Ofisi,False,False
TEKMAN PETROL OFISI,39.653889,41.500696,Petrol Ofisi,False,False
TERMİNAL PETROL OFİSİ,39.910756,41.253434,Petrol Ofisi,False,False
UZUNDERE PETROL OFİSİ,40.5424444,41.5562778,Petrol Ofisi,False,False
YAKUTIYE,39.9102938,41.2585696,Petrol Ofisi,False,False
YAKUTIYE PETROL OFISI,39.911741,41.266845,Petrol Ofisi,False,False
YILDIZKENT PETROL OFISI,39.867554,41.243482,Petrol Ofisi,False,False
YONCALIK PETROL OFİSİ,39.902622,41.274799,Petrol Ofisi,False,False
ASSOS,39.4969755,26.3326722,Petrol Ofisi,False,False
AYVACIK PETROL OFISI,39.612262,26.409979,Petrol Ofisi,False,False
BALIKLIÇEŞME PETROL OFISI,40.312907,27.082179,Petrol Ofisi,False,False
BAYRAMİÇ - 2 PETROL OFİSİ,39.821909,26.613179,Petrol Ofisi,False,False
BAYRAMIÇ PETROL OFISI,39.811986,26.612005,Petrol Ofisi,False,False
BIGA,40.2388764,27.2327731,Petrol Ofisi,False,False
BIGA OTOGAR PETROL OFISI,40.242049,27.227814,Petrol Ofisi,False,False
BIGA-ÇAN YOLU PETROL OFISI,40.03799,27.075915,Petrol Ofisi,False,False
BURSA YOLU PETROL OFISI,40.28141,27.444546,Petrol Ofisi,False,False
ÇAN,40.0287075,27.0556523,Petrol Ofisi,False,False
ÇAN YOLU PETROL OFISI,40.20408,27.234023,Petrol Ofisi,False,False
ÇANAKKALE,40.147611,26.4097819,Petrol Ofisi,False,False
ÇANAKKALE YOLU PETROL OFISI,39.796803,26.337949,Petrol Ofisi,False,False
ÇARŞI İSTASYONU PETROL OFISI,40.1476321,26.4054039,Petrol Ofisi,False,False
EVCILER PETROL OFISI,39.782279,26.766981,Petrol Ofisi,False,False
EZINE PETROL OFISI,39.777245,26.348299,Petrol Ofisi,False,False
GELIBOLU,40.5260631,26.7654772,Petrol Ofisi,False,False
GELIBOLU PETROL OFISI,40.438487,26.676238,Petrol Ofisi,False,False
GEYIKLI,39.8044004,26.2068561,Petrol Ofisi,False,False
GEYIKLI PETROL OFISI,39.806754,26.202056,Petrol Ofisi,False,False
GÖKÇEADA PETROL OFISI,40.199453,25.917476,Petrol Ofisi,False,False
İNTEPE PETROL OFISI,40.013698,26.327893,Petrol Ofisi,False,False
İZMIR YOLU PETROL OFISI,39.599065,26.432281,Petrol Ofisi,False,False
KALKIM PETROL OFISI,39.807499,27.225724,Petrol Ofisi,False,False
KARABIGA KAVŞAĞI PETROL OFISI,40.2476646,27.2208512,Petrol Ofisi,False,False
KAVAKKÖY GÜNEY,40.6022703,26.9056259,Petrol Ofisi,False,False
KAVAKKÖY KUZEY,40.6030103,26.9022738,Petrol Ofisi,False,False
KEPEZ PETROL OFISI,40.106023,26.402313,Petrol Ofisi,False,False
KÖSEDERE PETROL OFISI,39.646789,26.16112,Petrol Ofisi,False,False
KÜÇÜKKUYU İZMIR YÖNÜ PETROL OFISI,39.548316,26.6121578,Petrol Ofisi,False,False
KÜÇÜKKUYU PETROL OFISI,39.548186,26.612745,Petrol Ofisi,False,False
LAPSEKI,40.3375497,26.6748306,Petrol Ofisi,False,False
LAPSEKI - ÇANAKKALE YOLU PETROL OFISI,40.321835,26.653708,Petrol Ofisi,False,False
LAPSEKI PETROL OFISI,40.329863,26.662221,Petrol Ofisi,False,False
PAZARKÖY PETROL OFİSİ,39.849496,27.39182,Petrol Ofisi,False,False
TROYA,39.9492046,26.2931212,Petrol Ofisi,False,False
YENICE YOLU PETROL OFISI,40.002493,27.063832,Petrol Ofisi,False,False
ATATÜRK BULVARI / MUSABEYLI PETROL OFISI,36.885222,36.919312,Petrol Ofisi,False,False
KILIS MERKEZ PETROL OFSI,36.71643,37.112345,Petrol Ofisi,False,False
MUSABEYLI PETROL OFISI,36.835787,36.776441,Petrol Ofisi,False,False
NAMIK ÜNLER PAŞA PETROL OFISI,36.724872,37.115737,Petrol Ofisi,False,False
POLATELI PETROL OFISI,36.7667553,37.0615825,Petrol Ofisi,False,False
SAFFER NECIOĞLU PETROL OFISI,36.708836,37.145284,Petrol Ofisi,False,False
ATATÜRK MAHALLESI PETROL OFISI,38.792023,42.77791,Petrol Ofisi,False,False
DIYARBAKIR YOLU PETROL OFISI,38.386866,42.10359,Petrol Ofisi,False,False
HAYDAR PETROL OFISI,38.572981,42.030304,Petrol Ofisi,False,False
RAHVADÜZLÜĞÜ PETROL OFISI,38.488372,42.182656,Petrol Ofisi,False,False
SARIKUM PETROL OFISI,38.61577,42.400559,Petrol Ofisi,False,False
TATVAN,38.5230109,42.2758802,Petrol Ofisi,False,False
TATVAN - CUMHURIYET PETROL OFISI,38.502634,42.281153,Petrol Ofisi,False,False
TATVAN RAHOVA PETROL OFISI,38.522097,42.263389,Petrol Ofisi,False,False
ATKARACALAR PETROL OFİSİ,40.809521,33.084217,Petrol Ofisi,False,False
ÇANKIRI,40.5778818,33.6177911,Petrol Ofisi,False,False
ÇANKIRI ANKARA YOLU PETROL OFISI,40.575203,33.616987,Petrol Ofisi,False,False
ÇERKEŞ PETROL OFISI,40.814167,32.915659,Petrol Ofisi,False,False
ILGAZ PETROL OFISI,40.909059,33.629405,Petrol Ofisi,False,False
KIZILCA PETROL OFISI,40.838309,33.365355,Petrol Ofisi,False,False
KURŞUNLU PETROL OFISI,40.8412896,33.1674497,Petrol Ofisi,False,False
ORTA PETROL OFISI,40.629096,33.10849,Petrol Ofisi,False,False
ZİRAAT PETROL OFİSİ,40.905531,33.646025,Petrol Ofisi,False,False
AYANCIK PETROL OFISI,41.933192,34.586214,Petrol Ofisi,False,False
BOYABAT SANAYI PETROL OFISI,41.49112,34.776776,Petrol Ofisi,False,False
BOYABAT SINOP YOLU PETROL OFISI,41.493353,34.775384,Petrol Ofisi,False,False
DİBEKLİ PETROL OFİSİ,42.030548,35.033865,Petrol Ofisi,False,False
DURAĞAN PETROL OFISI,41.417883,35.008177,Petrol Ofisi,False,False
GERZE MERKEZ 1 PETROL OFISI,41.798837,35.190946,Petrol Ofisi,False,False
GERZE MERKEZ 2 PETROL OFISI,41.797446,35.190681,Petrol Ofisi,False,False
SINOP,42.0005536,35.0913675,Petrol Ofisi,False,False
SINOP HAVALIMANI YOLU PETROL OFISI,42.010433,35.103092,Petrol Ofisi,False,False
SINOP YOLU,41.5420195,34.7802634,Petrol Ofisi,False,False
TÜRKELI PETROL OFISI,41.945635,34.3333613,Petrol Ofisi,False,False
AYDINLAR PETROL OFISI,37.939007,41.960635,Petrol Ofisi,False,False
ERUH PETROL OFISI,37.744985,42.176725,Petrol Ofisi,False,False
KIZILAY PETROL PETROL OFISI,37.920568,41.923372,Petrol Ofisi,False,False
KURTALAN PETROL OFISI,37.926367,41.674272,Petrol Ofisi,False,False
KURTALAN YOLU PETROL OFİSİ,37.952007,41.883743,Petrol Ofisi,False,False
SIIRT,37.9427115,41.9358175,Petrol Ofisi,False,False
AYDINTEPE PETROL OFISI,40.385277,40.134435,Petrol Ofisi,False,False
BAYBURT MERKEZ PETROL OFİSİ,40.239507,40.249948,Petrol Ofisi,False,False
BAYBURT SANAYI GIRIŞI PETROL OFISI,40.220556,40.266111,Petrol Ofisi,False,False
ORUÇBEYLİ PETROL OFİSİ,40.2483419,40.0147369,Petrol Ofisi,False,False
BAĞLAR PETROL OFISI,39.227638,40.475893,Petrol Ofisi,False,False
BINGÖL,38.9022309,40.5270837,Petrol Ofisi,False,False
BINGÖL YOLU PETROL OFISI,38.912711,40.59678,Petrol Ofisi,False,False
GENÇ YOLU PETROL OFISI,38.817166,40.548566,Petrol Ofisi,False,False
KARLIOVA PETROL OFISI,39.300955,41.020507,Petrol Ofisi,False,False
KİĞI - YENIŞEHIR PETROL OFISI,39.304363,40.347057,Petrol Ofisi,False,False
KÜLTÜR PETROL OFISI,38.883158,40.508925,Petrol Ofisi,False,False
SANAYİ SİTESİ PETROL OFİSİ,38.9026332,40.5285606,Petrol Ofisi,False,False
YENI MAHALLE PETROL OFISI,38.965311,41.049781,Petrol Ofisi,False,False
YEŞILYURT PETROL OFISI,39.304872,41.036478,Petrol Ofisi,False,False
BAHŞILI PETROL OFISI,39.815039,33.472825,Petrol Ofisi,False,False
BALIŞEYH PETROL OFISI,39.939149,33.865009,Petrol Ofisi,False,False
DELICE PETROL OFISI,39.9322826,33.9449763,Petrol Ofisi,False,False
IRMAK,39.9325839,33.3988727,Petrol Ofisi,False,False
IRMAK PETROL OFISI,39.924601,33.376689,Petrol Ofisi,False,False
KAFKAS CADDESI PETROL OFISI,39.840188,33.52624,Petrol Ofisi,False,False
KARACAALI,39.8453963,33.549724,Petrol Ofisi,False,False
KESKİN - KAYSERI YOLU PETROL OFISI,39.669367,33.610799,Petrol Ofisi,False,False
KIRIKKALE-M,39.8501982,33.5019044,Petrol Ofisi,False,False
SULAKYURT PETROL OFISI,40.312856,33.667387,Petrol Ofisi,False,False
BANARLI GIRIŞI PETROL OFISI,41.059509,27.332557,Petrol Ofisi,False,False
BEYAZKÖY PETROL OFISI,41.345071,27.713948,Petrol Ofisi,False,False
BÜYÜKYONCALI PETROL OFISI,41.382298,27.926446,Petrol Ofisi,False,False
ÇANAKKALE KÖPRÜSÜ BATI PETROL OFISI,40.810356,27.035712,Petrol Ofisi,False,False
ÇANAKKALE KÖPRÜSÜ DOĞU PETROL OFISI,40.811436,27.037912,Petrol Ofisi,False,False
ÇERKEZKÖY,41.316749,27.9865329,Petrol Ofisi,False,False
ÇERKEZKÖY GÜNEY PETROL OFİSİ,41.2869887,27.7863933,Petrol Ofisi,False,False
ÇERKEZKÖY KIZILPINAR PETROL OFİSİ,41.266844,27.955495,Petrol Ofisi,False,False
ÇERKEZKÖY KUZEY PETROL OFİSİ,41.2914054,27.7794572,Petrol Ofisi,False,False
ÇERKEZKÖY OSB 2 PETROL OFISI,41.2836,27.965,Petrol Ofisi,False,False
ÇERKEZKÖY OSB PETROL OFISI,41.305612,27.99163,Petrol Ofisi,False,False
ÇERKEZKÖY YOLU,41.2596352,28.0363463,Petrol Ofisi,False,False
ÇORLU KAVŞAĞI PETROL OFİSİ,41.0258,27.7251,Petrol Ofisi,False,False
ÇORLU MERKEZ PETROL OFISI,41.154447,27.823229,Petrol Ofisi,False,False
ÇORLU-M,41.1530989,27.7790373,Petrol Ofisi,False,False
DEĞIRMENALTI PETROL OFISI,40.988692,27.577502,Petrol Ofisi,False,False
ERGENE,41.1955306,27.7605234,Petrol Ofisi,False,False
HAVUZLU PETROL OFİSİ,41.1558852,27.8159668,Petrol Ofisi,False,False
HAYRABOLU,41.2351287,27.1275644,Petrol Ofisi,False,False
HAYRABOLU ÇIKIŞI MALKARA PETROL OFISI,40.9103,26.8868,Petrol Ofisi,False,False
HAYRABOLU HISAR MAHALLESI PETROL OFISI,41.20974,27.112489,Petrol Ofisi,False,False
HAYRABOLU KAHYA MAHALLESI PETROL OFISI,41.2096718,27.1154545,Petrol Ofisi,False,False
HAYRABOLU MALKARA YOLU PETROL OFISI,41.160394,27.044893,Petrol Ofisi,False,False
İSTASYON MAHALLESI ATATÜRK CADDESI PETRO,41.272361,28.006963,Petrol Ofisi,False,False
İSTASYON MAHALLESI HIKMET UĞRAŞ CADDESI,41.279274,28.0019437,Petrol Ofisi,False,False
KANDAMIŞ KÖYÜ PETROL OFISI,41.123916,27.240295,Petrol Ofisi,False,False
KAPAKLI PETROL OFISI,41.341283,27.964874,Petrol Ofisi,False,False
KARAEVLI,41.0016467,27.6644109,Petrol Ofisi,False,False
KAVACIK PETROL OFİSİ,41.480762,27.891689,Petrol Ofisi,False,False
KUYUCUSIRTI,40.8684699,27.0236518,Petrol Ofisi,False,False
MALKARA GIRIŞI PETROL OFISI,40.88574,26.915054,Petrol Ofisi,False,False
MALKARA İSTANBUL YÖNÜ PETROL OFISI,40.883665,26.922234,Petrol Ofisi,False,False
MARMARA EREĞLISI İSTANBUL YOLU PETROL OF,40.985839,27.969176,Petrol Ofisi,False,False
MARMARAEREĞLISI MERKEZ,40.9772377,27.9525516,Petrol Ofisi,False,False
METE TESISLERI PETROL OFISI,41.245163,27.692331,Petrol Ofisi,False,False
MURATLI,41.1695667,27.4938464,Petrol Ofisi,False,False
MURATLI PETROL OFISI,41.161303,27.493398,Petrol Ofisi,False,False
NAMIK KEMAL BULVARI PETROL OFISI,41.295172,27.996181,Petrol Ofisi,False,False
PINARCA MAHALLESİ PETROL OFİSİ,41.334939,28.015358,Petrol Ofisi,False,False
ŞAĞLAMTAŞ PETROL OFISI,40.780486,27.106257,Petrol Ofisi,False,False
SAĞLIK MAHALLESİ PETROL OFİSİ,41.187,27.769569,Petrol Ofisi,False,False
SARAY,41.4469437,27.9322516,Petrol Ofisi,False,False
SARAY PETROL OFISI,41.447278,27.932117,Petrol Ofisi,False,False
ŞARKÖY PETROL OFISI,40.6208346,27.0987431,Petrol Ofisi,False,False
SEYMEN,41.1019852,27.9459927,Petrol Ofisi,False,False
SEYMEN PETROL OFISI,41.098243,27.966009,Petrol Ofisi,False,False
SÜLEYMANPAŞA ÇIKIŞI MURATLI YÖNÜ PETROL,41.009958,27.515117,Petrol Ofisi,False,False
SÜLEYMANPAŞA ÇINARLI PETROL OFISI,40.98209,27.491813,Petrol Ofisi,False,False
SÜLEYMANPAŞA LIMAN PETROL OFISI,40.96625,27.502181,Petrol Ofisi,False,False
TEKIRDAĞ,40.9645279,27.4951135,Petrol Ofisi,False,False
TEKIRDAĞ İSTANBUL YOLU PETROL OFISI,40.998684,27.652509,Petrol Ofisi,False,False
TEKIRDAĞ İSTIKAMETI İSTANBUL YOLU PETROL,40.997802,27.644958,Petrol Ofisi,False,False
TEKIRDAĞ MALKARA YOLU PETROL OFISI,40.966792,27.3762738,Petrol Ofisi,False,False
TEKİRDAĞ MERKEZ PETROL OFİSİ,40.976566,27.502427,Petrol Ofisi,False,False
ULAŞ,41.2259107,27.7208068,Petrol Ofisi,False,False
VAKIFLAR OSB PETROL OFISI,41.2750904,27.6243404,Petrol Ofisi,False,False
VAKIFLAR PETROL OFISI,41.263298,27.65615,Petrol Ofisi,False,False
VELIKÖY,41.2643054,27.9435291,Petrol Ofisi,False,False
VELIMEŞE,41.2201678,27.8593132,Petrol Ofisi,False,False
YENIÇIFTLIK PETROL OFISI,41.003535,27.847641,Petrol Ofisi,False,False
BANAZ,38.7322812,29.7420165,Petrol Ofisi,False,False
BANAZ PETROL OFISI,38.737123,29.749153,Petrol Ofisi,False,False
BANAZ-2,38.7312878,29.7418344,Petrol Ofisi,False,False
BEYLERHAN PETROL OFISI,38.725074,29.199116,Petrol Ofisi,False,False
BÖLME MERKEZ PETROL OFISI,38.613337,29.37813,Petrol Ofisi,False,False
EŞME PETROL OFISI,38.270761,29.103641,Petrol Ofisi,False,False
FEVZIÇAKMAK PETROL OFISI,38.662651,29.430546,Petrol Ofisi,False,False
KEMALÖZ PETROL OFISI,38.676217,29.253612,Petrol Ofisi,False,False
ORGANIZE PETROL OFISI,38.672604,29.218853,Petrol Ofisi,False,False
SIVASLI PETROL OFISI,38.5085,29.6753,Petrol Ofisi,False,False
ULUBEY PETROL OFISI,38.436955,29.297133,Petrol Ofisi,False,False
ÜNALAN,38.6766232,29.3883789,Petrol Ofisi,False,False
UŞAK,38.6732197,29.4117426,Petrol Ofisi,False,False
UŞAK - FEVZI ÇAKMAK PETROL OFISI,38.675418,29.441068,Petrol Ofisi,False,False
UŞAK - YENIŞEHIR PETROL OFISI,38.657941,29.033688,Petrol Ofisi,False,False
UŞAK MERKEZ,38.6482316,29.4002011,Petrol Ofisi,False,False
UŞAK MERKEZ PETROL OFİSİ,38.674184,29.42722,Petrol Ofisi,False,False
UŞAK SANAYI,38.6618319,29.4310611,Petrol Ofisi,False,False
UŞAKMER PETROL OFİSİ,38.674806,29.391333,Petrol Ofisi,False,False
BASKIL PETROL OFISI,38.57053,38.827969,Petrol Ofisi,False,False
BAŞYURT PETROL OFISI,38.836721,39.978842,Petrol Ofisi,False,False
ÇAĞLAR PETROL OFISI,38.581243,39.395617,Petrol Ofisi,False,False
CAHIT DOLAKAY CADDESI PETROL OFISI,38.666794,39.229778,Petrol Ofisi,False,False
ÇATAL ÇEŞME PETROL OFISI,38.667488,39.257828,Petrol Ofisi,False,False
ÇAYDAÇIRA PETROL OFISI,38.671294,39.18883,Petrol Ofisi,False,False
DOĞUKENT PETROL OFISI,38.680016,39.256085,Petrol Ofisi,False,False
ELAZIĞ,38.6665749,39.2380989,Petrol Ofisi,False,False
ELMAPINAR PETROL OFISI,38.595475,39.473058,Petrol Ofisi,False,False
GEZIN PETROL OFISI,38.521675,39.51296,Petrol Ofisi,False,False
GÜMÜŞKAVAK,38.6420982,39.257594,Petrol Ofisi,False,False
HANKENDİ PETROL OFİSİ,38.547155,39.039051,Petrol Ofisi,False,False
HARPUT,38.6581195,39.1787535,Petrol Ofisi,False,False
KARAKOÇAN,38.942444,40.0491496,Petrol Ofisi,False,False
KARAKOÇAN PETROL OFISI,38.938,40.054595,Petrol Ofisi,False,False
KEBAN PETROL OFISI,38.783334,38.756996,Petrol Ofisi,False,False
KEBAN YOLU,38.6737664,39.1701223,Petrol Ofisi,False,False
KEKLIKTEPE PETROL OFISI,38.6341,39.2571,Petrol Ofisi,False,False
KIZILAY MAHALLESI PETROL OFISI,38.656103,39.249117,Petrol Ofisi,False,False
KÖPRÜ PETROL OFISI,38.6461,39.725,Petrol Ofisi,False,False
KOVANCILAR PETROL OFISI,38.714106,39.858521,Petrol Ofisi,False,False
KOVANCILAR TEPE PETROL OFISI,38.701383,39.826369,Petrol Ofisi,False,False
LOJMANLAR PETROL OFISI,38.723814,39.879333,Petrol Ofisi,False,False
MADEN PETROL OFISI,38.391895,39.672321,Petrol Ofisi,False,False
MALATYA CADDESI PETROL OFISI,38.669399,39.185425,Petrol Ofisi,False,False
METEOROLOJI PETROL OFISI,38.641827,39.256816,Petrol Ofisi,False,False
PALU YOLU PETROL OFISI,38.712513,39.876721,Petrol Ofisi,False,False
RÜSTEM PAŞA PETROL OFISI,38.6671341,39.2367806,Petrol Ofisi,False,False
SÜRSÜRÜ,38.6655208,39.2030722,Petrol Ofisi,False,False
SÜRSÜRÜ PETROL OFİSİ,38.658092,39.200645,Petrol Ofisi,False,False
TOFAŞ KAVŞAĞI PETROL OFISI,38.658201,39.160465,Petrol Ofisi,False,False
YENI ÇEVREYOLU PETROL OFISI,38.645874,39.174422,Petrol Ofisi,False,False
YENIKÖY PETROL OFISI,38.924931,40.072993,Petrol Ofisi,False,False
BATMAN,37.899109,41.1313236,Petrol Ofisi,False,False
BATMAN ÇEVREYOLU PETROL OFİSİ,37.884583,41.160374,Petrol Ofisi,False,False
BATMAN OTOGAR,37.9073026,41.1097388,Petrol Ofisi,False,False
DIYARBAKIR CADDESI PETROL OFISI,37.907873,41.110129,Petrol Ofisi,False,False
ESENTEPE PETROL OFISI,37.908409,41.133165,Petrol Ofisi,False,False
GÜNEYÇEVREYOLU PETROL OFISI,37.886933,41.047487,Petrol Ofisi,False,False
HASANKEYF PETROL OFİSİ,37.736889,41.408558,Petrol Ofisi,False,False
SASON PETROL OFISI,38.331624,41.415106,Petrol Ofisi,False,False
SIIRT YOLU PETROL OFISI,37.879456,41.168346,Petrol Ofisi,False,False
BAYIRKÖY,40.2918803,30.0320274,Petrol Ofisi,False,False
BILECIK,40.1809235,29.9695258,Petrol Ofisi,False,False
BILECIK ERTUĞRUL GAZI PETROL OFISI,40.1374,29.9861,Petrol Ofisi,False,False
BILECIK MERKEZ PETROL OFISI,40.145632,29.978215,Petrol Ofisi,False,False
BILECIK OSMANELI - 2 PETROL OFISI,40.36879,30.034853,Petrol Ofisi,False,False
BILECIK OSMANELI PETROL OFISI,40.36031,30.009744,Petrol Ofisi,False,False
BILECIK PAZARYERI ÇIKIŞ PETROL OFISI,39.988235,29.946001,Petrol Ofisi,False,False
BILECIK PAZARYERI MERKEZ PETROL OFISI,39.996653,29.908866,Petrol Ofisi,False,False
BILECIK YUKARI ARPALIK PETROL OFISI,40.171948,29.97455,Petrol Ofisi,False,False
BOZÜYÜK ÇEVREYOLU 1 PETROL OFISI,39.915076,30.014953,Petrol Ofisi,False,False
BOZÜYÜK ÇEVREYOLU 2 PETROL OFISI,39.916821,30.015393,Petrol Ofisi,False,False
BOZÜYÜK MERKEZ PETROL OFISI,39.9036062,30.0521814,Petrol Ofisi,False,False
BOZÜYÜK SARAYCIK CADDESI PETROL OFISI,39.892051,30.021958,Petrol Ofisi,False,False
OSMANELİ PETROL OFİSİ,40.322994,30.055251,Petrol Ofisi,False,False
TÜNEL,40.0267137,30.0267507,Petrol Ofisi,False,False
BOZTEPE PETROL OFISI,39.271178,34.270869,Petrol Ofisi,False,False
CUMA MAHALLESI PETROL OFISI,39.358843,33.731604,Petrol Ofisi,False,False
GÜLDIKEN MAHALLESI PETROL OFISI,39.1172618,34.1596435,Petrol Ofisi,False,False
KAMAN PETROL OFISI,39.358918,33.730483,Petrol Ofisi,False,False
KAYSERI YOLU PETROL OFISI,39.134068,34.186742,Petrol Ofisi,False,False
KIRŞEHİR - ANKARA YOLU PETROL OFISI,39.310847,34.090241,Petrol Ofisi,False,False
KIRŞEHİR - BAHÇELIEVLER PETROL OFISI,39.132638,34.18744,Petrol Ofisi,False,False
KIRŞEHIR 2,39.0667944,34.3695654,Petrol Ofisi,False,False
KIRŞEHIR YENI,39.2534335,34.1246363,Petrol Ofisi,False,False
MUCUR PETROL OFISI,39.066886,34.370928,Petrol Ofisi,False,False
BUCAK,37.4173589,30.5467569,Petrol Ofisi,False,False
BUCAK GIRIŞ PETROL OFISI,37.2653932,30.4929946,Petrol Ofisi,False,False
BUCAK MERKEZ - PETROL OFİSİ,37.454292,30.559211,Petrol Ofisi,False,False
BUCAK PETROL OFISI,37.409322,30.542588,Petrol Ofisi,False,False
BURDUR,37.7201648,30.28901,Petrol Ofisi,False,False
BURDUR - HACILAR PETROL OFISI,37.591001,30.104707,Petrol Ofisi,False,False
BURDUR MERKEZ PETROL OFISI,37.726839,30.29357,Petrol Ofisi,False,False
BURDUR-1 PETROL OFISI,37.755694,30.338721,Petrol Ofisi,False,False
BURDUR-2 PETROL OFISI,37.6984,30.3253,Petrol Ofisi,False,False
ÇAVDIR,37.1407738,29.6892902,Petrol Ofisi,False,False
ÇAVDIRYOLU,37.2520156,29.5951802,Petrol Ofisi,False,False
ÇELTİKÇİ PETROL OFİSİ,37.521925,30.512411,Petrol Ofisi,False,False
ÇENDIK PETROL OFISI,37.671982,30.172923,Petrol Ofisi,False,False
SALDA PETROL OFSI,37.513864,29.763293,Petrol Ofisi,False,False
TEFENNI MERKEZ PETROL OFISI,37.11973,29.82588,Petrol Ofisi,False,False
TUGAY PETROL OFSI,37.713838,30.27556,Petrol Ofisi,False,False
YEŞILOVA PETROL OFSI,37.489302,29.594331,Petrol Ofisi,False,False
BULAK PETROL OFISI,37.576079,43.738229,Petrol Ofisi,False,False
ÇEVRE YOLU PETROL OFISI,37.306565,44.569021,Petrol Ofisi,False,False
SÜMBÜL PETROL OFISI,37.569439,43.746139,Petrol Ofisi,False,False
YÜKSEKOVA,37.5626065,44.3092405,Petrol Ofisi,False,False
YÜKSEKOVA - İPEKYOLU PETROL OFISI,37.586515,44.294313,Petrol Ofisi,False,False
BÜYÜKÖZLÜ PETROL OFİSİ,40.226167,35.6745,Petrol Ofisi,False,False
ÇAMIÇI PETROL OFISI,40.573966,36.95144,Petrol Ofisi,False,False
ÇAMLIBEL PETROL OFISI,40.0828,36.474,Petrol Ofisi,False,False
DOĞANCIBAĞLARI PETROL OFISI,40.333579,36.577844,Petrol Ofisi,False,False
ERBAA 1 PETROL OFISI,40.681066,36.586461,Petrol Ofisi,False,False
ERBAA 2 PETROL OFISI,40.682541,36.533256,Petrol Ofisi,False,False
ERBAA 3 PETROL OFISI,40.671294,36.609128,Petrol Ofisi,False,False
ERBAA 4 PETROL OFISI,40.677017,36.590978,Petrol Ofisi,False,False
HANÇER PETROL OFISI,40.291988,35.879372,Petrol Ofisi,False,False
NIKSAR YOLU PETROL OFISI,40.545733,36.913412,Petrol Ofisi,False,False
REŞADİYE MERKEZ PETROL OFISI,40.388469,37.329214,Petrol Ofisi,False,False
REŞADİYE PETROL OFISI,40.365152,37.419431,Petrol Ofisi,False,False
TAŞLIÇIFTLIK,40.3328145,36.4650961,Petrol Ofisi,False,False
TOKAT ÇIKIŞ PETROL OFISI,40.269963,36.545057,Petrol Ofisi,False,False
TOKAT GİRİŞİ PETROL OFİSİ,40.332692,36.5312365,Petrol Ofisi,False,False
TOKAT MERKEZ,40.3341788,36.5376932,Petrol Ofisi,False,False
TOKAT MERKEZ PETROL OFISI,40.334428,36.538685,Petrol Ofisi,False,False
TURHAL HAVAALANI PETROL OFISI,40.300172,36.350257,Petrol Ofisi,False,False
YILDIZTEPE KÖYÜ PETROL OFISI,40.224201,35.933559,Petrol Ofisi,False,False
ZİLE  PETROL OFISI,40.365995,36.04461,Petrol Ofisi,False,False
ZILE PETROL OFISI,40.297611,35.891361,Petrol Ofisi,False,False
CIZRE,37.3214592,42.2206585,Petrol Ofisi,False,False
CIZRE PETROL OFISI,37.32448,42.184964,Petrol Ofisi,False,False
İDIL PETROL OFISI,37.331623,41.876538,Petrol Ofisi,False,False
KARAKAŞ PETROL OFISI,37.3324,42.20147,Petrol Ofisi,False,False
KATRAN PETROL OFISI,37.244816,42.078106,Petrol Ofisi,False,False
SILOPI PETROL OFISI,37.239743,42.479528,Petrol Ofisi,False,False
ŞIRNAK PETROL OFISI,37.514973,42.440537,Petrol Ofisi,False,False
ULUDERE PETROL OFISI,37.431911,42.78002,Petrol Ofisi,False,False
ÇUKUR PETROL OFISI,39.051885,38.916278,Petrol Ofisi,False,False
PÜLÜMÜR PETROL OFİSİ,39.486923,39.895397,Petrol Ofisi,False,False
SOĞUKPINAR PETROL OFISI,38.8616,39.306,Petrol Ofisi,False,False
TUNCELI,39.0378874,39.5057885,Petrol Ofisi,False,False
TUNCELI VALILIK PETROL OFISI,39.532421,39.073067,Petrol Ofisi,False,False
EFLANI PETROL OFISI,41.422904,32.958383,Petrol Ofisi,False,False
İMANLAR MEVKII PETROL OFISI,40.914024,32.582753,Petrol Ofisi,False,False
KARABÜK,41.212573,32.6464988,Petrol Ofisi,False,False
KARABÜK BARTIN YOLU PETROL OFISI,41.447137,32.72486,Petrol Ofisi,False,False
KARABÜK MERKEZ PETROL OFISI,41.209999,32.641314,Petrol Ofisi,False,False
KARABÜK OTOGAR PETROL OFISI,41.1968139,32.6254173,Petrol Ofisi,False,False
MERMER PETROL OFISI,40.964565,32.55636,Petrol Ofisi,False,False
SAFRANBOLU PETROL OFISI,41.2492197,32.683184,Petrol Ofisi,False,False
YENICE PETROL OFISI,41.199402,32.343413,Petrol Ofisi,False,False
ZONGULDAK CADDESI PETROL OFISI,41.19378,32.610149,Petrol Ofisi,False,False
ERMENEK PETROL OFISI,36.633673,32.904148,Petrol Ofisi,False,False
KAMPÜS PETROL OFISI,37.179874,33.244392,Petrol Ofisi,False,False
KARAMAN MAHALLESI PETROL OFISI,37.190135,33.204742,Petrol Ofisi,False,False
KARAMAN ORGANIZE PETROL OFISI,37.19288,33.251211,Petrol Ofisi,False,False
KAZIMKARABEKİR PETROL OFİSİ,37.223428,32.96923,Petrol Ofisi,False,False
PIRI REIS PETROL OFISI,37.192602,33.228335,Petrol Ofisi,False,False
ŞAMKAPI,37.1866809,33.2334308,Petrol Ofisi,False,False
SARIVELİLER PETROL OFİSİ,36.70812,32.629841,Petrol Ofisi,False,False
YEŞILADA MAHALLESI PETROL OFISI,37.173179,33.224332,Petrol Ofisi,False,False
GÜMÜŞHANE,40.4496489,39.4955919,Petrol Ofisi,False,False
KELKİT 1 PETROL OFİSİ,40.141736,39.433144,Petrol Ofisi,False,False
KÜRTÜN PETROL OFİSİ,40.696963,39.094619,Petrol Ofisi,False,False
MESCİTLİ PETROL OFİSİ,40.505849,39.422951,Petrol Ofisi,False,False
ŞİRAN PETROL OFİSİ,40.185933,39.124404,Petrol Ofisi,False,False
YEŞİLKENT PETROL OFİSİ,40.215511,38.990797,Petrol Ofisi,False,False
HAVAALANI YOLU PETROL OFISI,39.951982,43.96945,Petrol Ofisi,False,False
IĞDIR MERKEZ 1 PETROL OFISI,39.919735,44.042756,Petrol Ofisi,False,False
IĞDIR MERKEZ 2 PETROL OFISI,39.91664,44.047383,Petrol Ofisi,False,False
NAHÇIVAN YOLU PETROL OFISI,39.9385939,44.0865749,Petrol Ofisi,False,False
TUZLUCA PETROL OFISI,40.040441,43.663141,Petrol Ofisi,False,False
TURGUT REİS BODRUM.,37.010007,27.267088,Shell,True,False
DATÇA,36.763699,27.723933,Shell,True,False
ACIBADEM H-BODRM,37.05502,27.34875,Shell,False,True
ORTAKENT BODRUM,37.055898,27.350957,Shell,True,False
KONACIK.,37.0491,27.391251,Shell,True,True
BODRUM ÇARŞI,37.037771,27.434645,Shell,True,False
YALIKAVAK.,37.103116,27.314983,Shell,True,False
ACIBADEM TM-BOD,37.04293,27.43235,Shell,False,True
DİDİM.,37.38875,27.250347,Shell,False,False
İÇMELER MARMARİS.,36.80125,28.219085,Shell,True,False
ORTASALMA.,37.179761,27.609531,Shell,False,False
HAVAALANI BODRUM.,37.219454,27.662047,Shell,True,False
MARMARİS ÇIKIŞI.,36.865172,28.274305,Shell,True,False
TAŞHAN.,36.925456,28.2793,Shell,True,False
KORU-MİLAS,37.258579,27.736156,Shell,True,False
AKBÜK,37.389388,27.433409,Shell,True,False
AHMET YESEVİ,37.288701,27.789083,Shell,True,False
MİLAS GİRİŞİ,37.34155,27.734181,Shell,True,False
MİLAS MERKEZ,37.326038,27.778387,Shell,False,False
GÖKOVA.,37.041171,28.381411,Shell,True,False
GÖKOVA ATAKÖY,37.040085,28.385522,Shell,True,False
SARIKEMER DOĞU.,37.563184,27.354399,Shell,True,False
BAYIR.,37.258928,28.221738,Shell,True,False
İNÖNÜ YATAĞAN,37.335803,28.123573,Shell,True,False
YATAĞAN.,37.338662,28.136883,Shell,True,False
AKÇAKONAK,37.691245,27.380841,Shell,True,False
GÜZELÇAMLI,37.717733,27.240807,Shell,True,False
DALYAN.,36.834271,28.643121,Shell,False,False
DALAMAN ÇIKIŞI,36.793755,28.824476,Shell,True,False
GÜLAĞZI.,37.134781,28.372931,Shell,False,False
GÜLAĞZI-AKYAKA YOLU,37.13734,28.369933,Shell,True,False
KÖYCEĞİZ,36.966311,28.711458,Shell,True,False
MUĞLA ÇEVRE YOLU.,37.206011,28.342441,Shell,False,False
TEKŞAH-MUĞLA..,37.252599,28.244979,Shell,True,False
YARAŞ MUĞLA,37.148483,28.506706,Shell,True,False
YAĞCILAR.,37.58179,28.058756,Shell,True,False
ÇİNE.,37.613781,28.058171,Shell,True,False
ÖLÜDENİZ.,36.589511,29.154921,Shell,True,False
FETHİYE MERKEZ.,36.624845,29.131826,Shell,True,False
FETHİYE.,36.646253,29.131447,Shell,True,False
PATARA,36.317164,29.330077,Shell,False,False
FETHİYE ÇEVREYOLU,36.684041,29.112462,Shell,True,False
SEYDİKEMER,36.641044,29.331808,Shell,True,False
ELMALI,36.6993,29.917,Shell,True,False
KALE MERKEZ,37.454951,28.858341,Shell,True,True
FINIKE..,36.318678,30.159192,Shell,True,False
KUMLUCA.,36.358807,30.28414,Shell,True,False
KUMLUCA MERKEZ,36.367532,30.282923,Shell,False,False
KUMLUCA KARŞIYAKA,36.36357,30.29903,Shell,True,False
ÇAVDIR.,37.156471,29.682321,Shell,True,False
TEKİROVA,36.519942,30.52731,Shell,True,False
ÇAMYUVA,36.5861,30.5422,Shell,True,False
KEMER,36.59875,30.544535,Shell,True,True
GÖYNÜK.,36.663513,30.549342,Shell,True,False
İMREHOR.,37.053244,30.234272,Shell,True,False
KORKUTELİ.,37.006268,30.360933,Shell,True,False
KARAMANLI.,37.375151,29.833341,Shell,True,False
ACIPAYAM,37.517025,29.303599,Shell,True,False
CANKURTARAN.,37.682281,29.222891,Shell,True,False
ÇUKURKÖY.,37.684348,29.222296,Shell,True,False
CUMHURİYET DENİZLİ,37.7584,29.1071,Shell,False,False
LİMAN ANTALYA.,36.833422,30.596219,Shell,True,False
KONYAALTI,36.847379,30.608944,Shell,True,False
UNCALI.,36.901129,30.637725,Shell,True,False
AKDENİZ SANAYİ SİTESİ,36.907001,30.6498,Shell,True,False
LARA.,36.867611,30.725301,Shell,True,False
DURALİLER.,36.918206,30.672743,Shell,True,False
ANTALYA,36.855249,30.747299,Shell,True,False
NARENCİYE,36.8809,30.7205,Shell,True,False
SAKARYA BULVARI,36.921256,30.674415,Shell,True,False
SANAYİ GİRİŞİ ANTALYA.,36.908613,30.691442,Shell,False,False
KIRCAMİ.,36.865086,30.741811,Shell,True,False
ATA,36.9102,30.6967,Shell,True,False
FESTİVAL ÇARŞI,36.887079,30.734314,Shell,True,False
KONUKSEVER,36.9127,30.7147,Shell,True,False
YENİKÖY.,37.006464,30.630418,Shell,True,False
DÖŞEMEALTI.,37.012911,30.63233,Shell,True,True
GÜZELOBA.,36.855772,30.795896,Shell,True,False
AŞIK VEYSEL,36.908846,30.738097,Shell,True,False
DEMOKRASİ KAVŞAĞI.,36.898861,30.763171,Shell,True,True
GAZİ BULVARI.,36.902538,30.758666,Shell,True,False
KUNDU TURIZM YOLU,36.858407,30.860959,Shell,True,False
VARSAK.,36.949796,30.708253,Shell,True,False
HAVAALANI ANTALYA,36.889504,30.8205,Shell,True,False
ALTINTAŞ,36.891757,30.82175,Shell,True,True
AYYILDIZ,36.94189,30.733307,Shell,True,False
YENIBULVAR ALTINOVA.,36.933112,30.775249,Shell,True,False
AKSU.,36.94776,30.837999,Shell,True,False
BELEK.,36.869549,31.021563,Shell,True,False
PAMFİLYA,36.8916,31.007,Shell,True,False
SILLYON,36.935516,30.95594,Shell,True,False
DİKMEN ANTALYA.,36.925841,30.997291,Shell,True,False
SERİK ÇIKIŞI,36.9178,31.066638,Shell,True,True
ARTEMİS,36.915292,31.080238,Shell,False,False
TAŞAĞIL MERKEZ.,36.892308,31.236034,Shell,True,False
ÇELTEK.,36.811272,31.37534,Shell,False,False
MANAVGAT.,36.770703,31.489178,Shell,True,False
KARACALAR.,36.729336,31.546743,Shell,True,True
İNCEKUM,36.627744,31.760324,Shell,True,False
KONAKLI,36.581188,31.897028,Shell,True,False
MARİNA ALANYA,36.560251,31.950301,Shell,False,False
ALANYA ÇEVRE YOLU.,36.556651,31.979981,Shell,True,False
ALANYA MERKEZ.,36.545488,32.02561,Shell,True,True
ALAİYE,36.507,32.0755,Shell,True,False
SANAYİ ALANYA,36.542715,32.031218,Shell,True,False
GAZIPASA HAVALİMANI,36.300519,32.284845,Shell,True,False
MERSİN YOLU GAZİPAŞA.,36.279091,32.303201,Shell,True,False
ANAMUR.,36.083469,32.854481,Shell,True,False
BOZYAZI DENİZ,36.138649,33.162881,Shell,True,False
HADİM.,36.990329,32.464637,Shell,True,False
SEYDİŞEHİR KONYA,37.404727,31.870876,Shell,True,False
YEŞİLOVACIK,36.191927,33.612916,Shell,True,False
MUT.,36.642164,33.440904,Shell,False,False
KARAMAN KONYA YOLU,37.186038,33.182523,Shell,True,False
HAMİDİYE KARAMAN.,37.18069,33.226466,Shell,True,False
SİLİFKE MERKEZ,36.375144,33.938767,Shell,True,False
NARLIKUYU,36.442707,34.109959,Shell,True,False
LİMONLU.,36.551628,34.240082,Shell,True,False
ERDEMLİ.,36.603631,34.307101,Shell,True,False
MERSİN TÖMÜK,36.652545,34.382683,Shell,True,False
KARGIPINARI,36.6763,34.4107,Shell,True,False
SOLİ MEZİTLİ.,36.735001,34.516341,Shell,False,False
MEZİTLİ.,36.740914,34.518713,Shell,False,False
MEZİTLİ BULVAR,36.744313,34.522903,Shell,True,True
FINDIKPINARI,36.756251,34.524017,Shell,True,False
34.CADDE MERSIN,36.780232,34.545906,Shell,True,True
GÖÇMENKÖY.,36.776971,34.574039,Shell,True,False
2.ÇEVRE YOLU MERSİN.,36.785152,34.57436,Shell,True,False
FORUM MERSİN,36.785344,34.578317,Shell,True,False
MERSİN 3.ÇEVREYOLU.,36.79982,34.58065,Shell,True,False
13.CADDE MERSIN,36.800398,34.58252,Shell,True,False
TOROSLAR.,36.804701,34.602241,Shell,True,False
MEHMETALİ MERSİN.,36.804921,34.616131,Shell,True,False
AKDENİZ,36.808119,34.62201,Shell,True,False
ESKİ OTOGAR MERSİN,36.812091,34.633858,Shell,True,False
MERSİN ÇIKIŞI,36.845001,34.587932,Shell,True,False
YENİ HAL MERSİN.,36.829594,34.651346,Shell,True,False
KARACAİLYAS,36.840001,34.704429,Shell,True,False
HUZURKENT.,36.881695,34.819853,Shell,False,False
NUSRAT.,36.906997,34.88241,Shell,True,False
TARSUS MERKEZ.,36.91945,34.868401,Shell,True,False
MEZARLIK KAVŞAĞI,36.93264,34.892464,Shell,True,False
BEYDEĞİRMENİ.,36.929504,34.924733,Shell,False,False
SOLAKLI.,36.806716,35.334158,Shell,True,False
YENİCE ATALAR,36.968611,35.041582,Shell,True,False
KÜÇÜKDİKİLİ.,36.994319,35.212437,Shell,True,False
ADANA HAL GİRİŞİ..,36.996691,35.246521,Shell,True,False
ADANA OTOGAR ÖNÜ.,36.996655,35.261418,Shell,True,False
DAMLAMA KUZEY.,37.136688,34.855584,Shell,True,False
DAMLAMA GÜNEY.,37.136235,34.861373,Shell,True,False
BARKAL,36.994239,35.282396,Shell,True,False
OBALAR CADDESİ,36.980766,35.318951,Shell,True,False
SEYHAN.,36.977501,35.339167,Shell,True,False
KANALÜSTÜ.,37.021968,35.254101,Shell,True,False
KİREÇOCAĞI.,37.030182,35.254223,Shell,True,False
TÜRKMENBAŞI.,37.024056,35.278037,Shell,True,False
YÜREĞİR.,36.987511,35.348771,Shell,True,False
GİRNE BULVARI,36.987683,35.352872,Shell,True,False
TOROS CADDESİ,37.005062,35.330528,Shell,True,False
KURTTEPE.,37.049941,35.269562,Shell,True,False
SAMANDAĞ.,36.080647,35.985941,Shell,True,False
ARSUZ.,36.415389,35.896992,Shell,False,False
ÇAMLIBEL,36.993783,35.390781,Shell,True,False
ZİYAPAŞA BULVARI,37.011342,35.330327,Shell,True,False
CEYHAN ÇIKIŞI ADANA.,36.978172,35.462592,Shell,True,False
İLLER BANKASI,37.032575,35.317146,Shell,True,False
KİREMİTHANE.,37.018421,35.391471,Shell,True,False
MAHFESIĞMAZ.,37.035906,35.313556,Shell,True,False
SAMANDAG YOLU.,36.186999,36.122549,Shell,True,False
DEFNE,36.2145,36.1244,Shell,True,False
ANTAKYA,36.208538,36.165533,Shell,True,False
ANTAKYA E 5.,36.245761,36.17466,Shell,True,False
ANTAKYA ÇEVREYOLU.,36.25663,36.173072,Shell,True,False
SERİNYOL.,36.339023,36.208319,Shell,False,False
KARAAĞAÇ HATAY.,36.563423,36.135122,Shell,True,False
BELEN,36.461802,36.278891,Shell,True,False
FRENKCIFTLIGI.,36.578928,36.162215,Shell,True,False
İSKENDERUN,36.582884,36.169918,Shell,True,False
KARADURMUŞLU.,36.488334,36.364614,Shell,True,False
SAYLAK YOLU.,36.613683,36.421295,Shell,True,False
MİSİS.,36.970669,35.592324,Shell,True,False
OCAKLI DÖRTYOL.,36.846972,36.221419,Shell,True,False
ŞEHİTLER BULVARI.,37.013438,35.821531,Shell,True,False
CEYHAN GAR,37.018471,35.816189,Shell,True,False
CEYHAN MERKEZ,37.028561,35.81166,Shell,True,False
ERZİN,36.97285,36.13172,Shell,True,False
AKTEPE.,36.693515,36.477216,Shell,True,False
TOPRAKKALE.,37.059113,36.116432,Shell,False,False
OSMANİYE ŞİRİNEVLER,37.061096,36.220188,Shell,True,False
OSMANİYE MERKEZ,37.076766,36.252426,Shell,True,False
OSMANİYE MEVLANA,37.095295,36.288795,Shell,True,False
İSTİKLAL CADDESİ KİLİS,36.714846,37.100952,Shell,True,False
İMAMOĞLU,37.238911,35.642052,Shell,True,False
KADİRLİ.,37.364605,36.052087,Shell,False,False
NURDAĞI,36.7675,37.2002,Shell,False,False
KİLİS YOLU,36.9474,37.3855,Shell,False,False
GAZİANTEP KARATAŞ.,37.015576,37.360237,Shell,True,False
RASAF YOLU,37.045945,37.324396,Shell,True,False
ÜNİVERSİTE BULVARI-GAZİANTEP,37.055235,37.321347,Shell,True,False
25 ARALIK,37.039089,37.379242,Shell,True,False
İBRAHİMLİ.,37.063033,37.33522,Shell,True,False
SARIGÜLLÜK.,37.067847,37.360423,Shell,False,False
YEŞİLVADİ KONUTLARI,37.03703,37.422512,Shell,True,False
ŞAHİNBEY.,37.041718,37.424652,Shell,True,False
İNCİRLİPINAR.,37.070437,37.372723,Shell,False,False
ŞEHİRGÖSTEREN,37.093933,37.327338,Shell,True,False
KAYAÖNÜ GAZİANTEP,37.079795,37.36675,Shell,True,False
İPEKYOLU,37.075171,37.375618,Shell,True,False
TEKSTİLKENT,37.056198,37.41106,Shell,True,False
GAZİANTEP ÇEVRE YOLU.,37.083796,37.360334,Shell,True,False
ŞEHİT KAMİL.,37.073136,37.395555,Shell,True,False
ŞİRİNEVLER GAZİANTEP,37.068377,37.41466,Shell,True,False
MERVEŞEHİR,37.086698,37.39781,Shell,True,False
BAŞPINAR.,37.137852,37.302122,Shell,True,False
ORGANİZE SANAYİ BAŞPINAR.,37.140071,37.300542,Shell,True,False
YIKILMAZ GAZİANTEP,37.158158,37.283808,Shell,True,False
AKTOPRAK.,37.175019,37.279381,Shell,False,False
KÜSGET SANAYİ SİTESİ.,37.083906,37.425899,Shell,True,False
BELKIS MAHALLESİ,37.097616,37.413594,Shell,True,False
BEYLERBEYİ.,37.102129,37.403129,Shell,True,False
YUNUS EMRE MAHALLESİ NİZİP,36.9968,37.7957,Shell,True,False
NİZİP.,37.010138,37.798574,Shell,False,False
DUTLU,37.009499,37.850232,Shell,True,True
NARLI.,37.383995,37.134831,Shell,True,True
OTOBAN GİRİŞİ ŞANLIURFA,37.19799,38.56103,Shell,True,False
OTOBAN ÇIKIŞI ŞANLIURFA,37.1982,38.56551,Shell,True,False
TÜRKOĞLU K.MARAŞ.,37.390313,36.851257,Shell,True,False
PAZARCIK,37.505751,37.343988,Shell,True,False
AKÇAKALE YOLU ŞANLIURFA,37.028812,38.879961,Shell,True,False
AKABE.,37.142279,38.734538,Shell,True,False
SÜLEYMANŞAH ŞANLIURFA,37.117208,38.81872,Shell,True,False
ŞANLIURFA.,37.160614,38.799358,Shell,True,False
HALİLİYE DOĞU,37.156031,38.823586,Shell,True,False
HALİLİYE BATI,37.157667,38.822679,Shell,True,False
SIRRIN.,37.162833,38.831686,Shell,True,False
KARŞIYAKA MAHALLESİ KARAKÖPRÜ,37.192018,38.795946,Shell,True,False
MEHMETÇİK-ŞANLIURFA,37.207422,38.774054,Shell,True,False
KARAKÖPRÜ ŞANLIURFA,37.211897,38.796921,Shell,True,False
GÖBEKLİTEPE ŞANLIURFA,37.159843,38.962894,Shell,True,False
HAVALİMANI YOLU - KARAKÖPRÜ,37.286694,38.795239,Shell,True,False
YENİ HAYAT,37.733295,38.212357,Shell,True,False
KIŞLA MAHALLESİ-VİRANŞEHİR,37.226594,39.743714,Shell,True,False
VIRANSEHIR MERKEZ,37.228028,39.773862,Shell,True,False
HİLVAN.,37.593022,38.971693,Shell,True,False
ADIYAMAN.,37.763268,38.279771,Shell,True,False
GAP ADIYAMAN.,37.763795,38.274943,Shell,True,False
KIZILTEPE GİRİŞİ,37.19136,40.513634,Shell,True,False
SİVEREK.,37.729528,39.296447,Shell,True,False
KIZILTEPE,37.22361,40.62486,Shell,True,False
NEMRUT,37.79881,38.61207,Shell,True,False
İSTASYON MARDİN,37.292671,40.711543,Shell,True,False
DİYARBAKIR ÇIKIŞI-MARDİN,37.336307,40.694131,Shell,True,False
ESKİ MARDİN,37.319902,40.730771,Shell,True,False
MARDİN.,37.316108,40.754959,Shell,True,False
ÖMERLİ YOLU.,37.337305,40.784975,Shell,True,False
ESKİYOL MAHALLESİ NUSAYBİN,37.102648,41.117856,Shell,True,False
BATI KARAKOÇ,37.809422,40.236221,Shell,True,False
ŞANLIURFA GİRİŞİ DİYARBAKIR,37.889347,40.003635,Shell,True,False
ŞANLIURFA ÇIKIŞI DİYARBAKIR,37.891138,40.007204,Shell,True,False
DİCLE MAHALLESI,37.869566,40.221231,Shell,True,False
DİYARBAKIR.,37.918501,40.139381,Shell,True,False
DIYARBAKIR HAVALIMANI..,37.91709,40.18311,Shell,True,False
SUR DİYARBAKIR,37.910325,40.226539,Shell,True,False
İSTASYON CAD.DİYARBAKIR.,37.911489,40.223503,Shell,True,False
DİYARBAKIR ÇEVRE YOLU.,37.918293,40.200283,Shell,True,False
FIRAT BULVARI.,37.933754,40.156085,Shell,True,False
KARACADAĞ CADDESİ,37.926698,40.189398,Shell,True,False
KAYAPINAR CADDESİ,37.938142,40.171306,Shell,True,False
ZİYA GÖKALP BULVARI.,37.934011,40.210985,Shell,True,False
SEYRANTEPE DIYARBAKIR,37.93594,40.208022,Shell,True,False
75. CADDE,37.94818,40.1584,Shell,False,False
FORUM DİYARBAKIR,37.955742,40.188641,Shell,True,False
ELAZIĞ YOLU DIYARBAKIR.,37.976914,40.159254,Shell,True,False
DİYARBAKIR ELAZIĞ YOLU.,37.979313,40.153109,Shell,True,False
MIDYAT..,37.421225,41.349894,Shell,True,False
BİSMİL.,37.845289,40.702798,Shell,True,False
SİLVAN YOLU DİYARBAKIR,37.9879,40.3722,Shell,False,False
BATMAN.,37.892406,41.12994,Shell,False,False
RAMAN BATMAN,37.881775,41.165596,Shell,True,False
DİYARBAKIR YOLU BATMAN,37.907013,41.118591,Shell,True,False
NUSAYBİN ÇIKIŞI CİZRE,37.312443,42.192009,Shell,False,False
PETROLKENT BATMAN,37.917826,41.142516,Shell,True,False
ŞIRNAK MERKEZ,37.503498,42.41835,Shell,True,False
SİİRT.,37.940897,41.916453,Shell,True,False
KOZLUK,38.168011,41.481395,Shell,True,False
HAKKARİ MERKEZ,37.559254,43.752764,Shell,False,False
TATVAN,38.507123,42.226975,Shell,True,False
AYDINLAR MAH TATVAN,38.512295,42.277619,Shell,True,False
ERGANİ.,38.272217,39.750934,Shell,True,False
MUŞ HAVALİMANI,38.734936,41.555605,Shell,True,False
MUŞ.,38.74918,41.503163,Shell,True,False
HAKKARİ YÜKSEKOVA,37.576392,44.193141,Shell,False,False
VAN İPEKYOLU,38.42987,43.304855,Shell,True,False
VAN HAVAALANI.,38.468751,43.348133,Shell,True,False
EDREMİT ÇIKIŞI VAN,38.483293,43.362062,Shell,True,False
CUMHURİYET VAN,38.482931,43.390639,Shell,False,False
VAN.,38.501463,43.373469,Shell,False,False
İSKELE CADDESİ,38.505968,43.386659,Shell,True,False
TUŞBA,38.520301,43.363578,Shell,True,False
VAN ÜNİVERSİTE,38.555976,43.316557,Shell,True,False
ERCİŞ,39.022092,43.374691,Shell,True,False
AĞRI DOĞUBEYAZIT,39.556822,44.083309,Shell,True,False
AĞRI SANAYİ,39.7138,43.0247,Shell,True,False
AĞRI MERKEZ,39.71871,43.033642,Shell,True,False
AĞRI GİRİŞİ,39.723989,42.982205,Shell,True,False
IĞDIR MERKEZ,39.936323,44.071615,Shell,True,False
KARS HAVALİMANI,40.574684,43.106893,Shell,True,False
KARS SUKAPI,40.602221,43.087664,Shell,True,False
KARS MERKEZ,40.610114,43.09828,Shell,True,False
DAVUTLAR ÇIKIŞI.,37.739361,27.294317,Shell,True,False
SÖKE YENİKENT,37.7617,27.381776,Shell,True,False
SÖKE.,37.750489,27.415597,Shell,False,False
DEMİRKÖPRÜ AYDIN.,37.809451,27.281644,Shell,True,False
DEMİRKÖPRÜ DOĞU.,37.812881,27.279639,Shell,False,False
KUŞADASI MERKEZ,37.819886,27.267124,Shell,True,False
KUŞTUR.,37.8919,27.273349,Shell,False,False
SAZLIKÖY,37.798837,27.470064,Shell,True,False
KOÇARLI.,37.765512,27.708626,Shell,False,False
ORTAKLAR.,37.886902,27.494003,Shell,True,False
ALTINOVA,37.690892,27.991944,Shell,True,False
MERKEZ DENİZLİ.,37.788198,29.087477,Shell,True,False
DOKUZ KAVAKLAR.,37.795711,29.103761,Shell,False,False
ÇAKMAK DENİZLİ.,37.800525,29.022009,Shell,True,False
GÜMÜŞLER.,37.807487,29.069591,Shell,False,False
YENİ SAFAK,37.810156,29.034431,Shell,True,False
DENIZLI PINARKENT..,37.805069,29.212898,Shell,True,False
ANKARA YOLU DENİZLİ,37.812068,29.149222,Shell,True,False
BUCAK,37.430506,30.553108,Shell,True,False
BUCAK DAĞARCIK.,37.514242,30.53398,Shell,True,False
ÇELTİKÇİ BURDUR,37.527619,30.500686,Shell,True,False
BEYŞEHİR KONYA.,37.698681,31.728882,Shell,True,False
BAYINDIR KONYA,37.718106,31.756837,Shell,True,True
KAŞINHAN.,37.692481,32.579811,Shell,True,False
ÇOMAKLI KONYA,37.737895,32.549222,Shell,True,False
BAŞAK,37.855498,32.640666,Shell,True,False
TATLICAK KONYA,37.853853,32.665992,Shell,True,False
MEÇHULASKER.,37.870663,32.477512,Shell,True,False
YAKA.,37.879371,32.431281,Shell,True,False
KULE SİTE,37.890518,32.492006,Shell,True,False
KONYA ÇEVREYOLU DOĞU.,37.896851,32.536921,Shell,False,False
KONYA ÇEVREYOLU BATI.,37.897941,32.537551,Shell,False,False
BEDİR KONYA.,37.900166,32.489625,Shell,True,False
KONYA ANKARA YOLU,37.907495,32.51485,Shell,True,False
KARAPINAR.,37.713484,33.425391,Shell,True,False
DİKİLİTAŞ.,37.921723,32.507896,Shell,True,False
KONYA İSTANBUL YOLU.,37.934099,32.511213,Shell,True,True
KONYA EREĞLİ MERKEZ,37.516831,34.040871,Shell,True,False
ORHANGAZİ EREĞLİ.,37.526557,34.049174,Shell,False,False
POZANTI.,37.433366,34.876309,Shell,True,True
ADANA ÇIKIŞI KOZAN,37.427917,35.789441,Shell,True,False
KOZAN MERKEZ.,37.447126,35.8212,Shell,True,False
KOZAN CEVRE YOLU.,37.464126,35.807008,Shell,True,False
K.MARAŞ SANAYİ.,37.56424,36.951342,Shell,False,False
POLİS LOJMANLARI KAHRAMANMARAŞ.,37.563931,36.936526,Shell,False,False
KAHRAMANMARAŞ.,37.567696,36.927665,Shell,True,False
BİNEVLER KAHRAMANMARAŞ.,37.593139,36.857731,Shell,True,False
GÖLBAŞI ADIYAMAN ÇIKIŞI,37.77846,37.628011,Shell,True,False
GÖLBAŞI ADIYAMAN.,37.784171,37.643191,Shell,False,False
BİNGÖL.,38.906981,40.556009,Shell,True,False
SARAY MAHALLESİ BİNGÖL,38.897293,40.510921,Shell,True,False
ERZURUM PASİNLER,39.990031,41.740012,Shell,True,False
ÜRKMEZ.,38.08018,26.968294,Shell,True,False
ÇEŞME OHT GİŞELER..,38.305601,26.303337,Shell,True,False
ÇEŞME ŞİFNE,38.299181,26.383411,Shell,True,False
İNÖNÜ ÇEŞME.,38.325726,26.322347,Shell,False,False
ÇEŞME DALYAN,38.33919,26.302667,Shell,True,False
GÜLBAHÇE.,38.328178,26.644588,Shell,False,True
URLA KAVŞAĞI,38.3345,26.7678,Shell,True,False
İZMİR ÇIKIŞI SELÇUK.,37.964526,27.373907,Shell,False,False
SANCAKLI.,38.157713,27.156283,Shell,True,False
SANAYİ SİTESİ GERMENCİK.,37.871128,27.614239,Shell,True,False
İNCİRLİOVA,37.851862,27.732332,Shell,True,False
AYDIN ÇIKIŞI,37.808434,27.838698,Shell,True,False
ARIKBASI.,37.847464,27.803633,Shell,True,False
AYDIN MERKEZ,37.844571,27.825337,Shell,False,False
AYDIN OTOGAR.,37.8385,27.841309,Shell,True,False
SELÇUK OHT BATI.,38.070365,27.409942,Shell,True,True
SELÇUK OHT DOĞU.,38.070144,27.412486,Shell,True,True
TEPEKÖY.,38.142279,27.367171,Shell,True,False
İTOB SANAYİ.,38.185483,27.205186,Shell,True,False
SANAYİ SİTESİ AYDIN.,37.843131,27.859331,Shell,True,False
KÖŞK.,37.851064,28.050934,Shell,True,False
YENICE AYDIN,37.84285,28.55781,Shell,True,False
PAMUKÖREN-AYDIN.,37.906108,28.555428,Shell,True,False
SANCAKTAR,37.914131,28.382453,Shell,True,False
ESKİHİSAR,37.87362,28.133366,Shell,True,False
NAZİLLİ.,37.910528,28.321938,Shell,True,False
DALLICA MERKEZ,37.90707,28.29008,Shell,True,False
SULTANHİSAR.,37.885237,28.155039,Shell,True,False
KAKLIK.,37.837544,29.42416,Shell,True,False
CUMHURİYET SARAYKÖY,37.917051,28.934269,Shell,True,False
BOZKURT,37.8277,29.61793,Shell,True,False
BURDUR MERKEZ,37.7202,30.2889,Shell,True,False
İSTİKLAL BURDUR,37.767604,30.361274,Shell,True,False
ASAGI GOKDERE,37.542506,30.768216,Shell,True,False
ISPARTA ÇEVREYOLU.,37.776569,30.570131,Shell,True,False
ISPARTA.,37.775701,30.548521,Shell,True,False
LADİK KONYA YOLU.,38.207961,32.373455,Shell,True,False
LADİK.,38.208771,32.375211,Shell,True,False
SARAYÖNÜ.,38.254761,32.409401,Shell,True,False
KUTLUKÖY,38.302555,33.804717,Shell,True,False
KIZILYER.,37.926331,34.591561,Shell,True,False
NİĞDE.,37.963097,34.66069,Shell,True,False
NİĞDE GAR,37.9656,34.6835,Shell,True,False
YAĞDAN NİĞDE.,37.979279,34.705181,Shell,True,False
KICAK KÖYÜ.,37.569081,35.225261,Shell,True,False
HACIMİRZALI,37.481225,35.829898,Shell,True,False
ELBİSTAN ARSLAN,38.2073,37.2189,Shell,True,False
MALATYA ÜNİVERSİTE,38.348315,38.37481,Shell,True,False
BAHÇEBAŞI,38.349473,38.374795,Shell,True,False
KUYUÖNÜ.,38.330161,38.296327,Shell,True,False
YÜZAKI,38.323243,38.26378,Shell,True,False
MALATYA ISMETIYE.,38.351621,38.311379,Shell,True,False
MELİTA.,38.350561,38.307631,Shell,True,False
MALATYA KARAÖLMEZ TOPRAK,38.346589,38.283895,Shell,True,False
MALATYA SANAYİ GİRİŞİ,38.352227,38.300077,Shell,True,False
MALATYA ÇEVRE YOLU.,38.351344,38.294007,Shell,True,False
HAMAMDERESİ.,39.957865,41.406791,Shell,True,False
YELKİ,38.342451,26.863367,Shell,True,False
ÇEŞME OHT.GÜNEY.,38.349982,26.852192,Shell,True,False
ÇEŞME OHT KUZEY.,38.355397,26.856442,Shell,True,False
GÜZELBAHÇE.,38.378221,26.894913,Shell,True,False
HAVAALANI İZMİR.,38.270551,27.154391,Shell,False,False
ÇİNÇİN.,38.272099,27.23087,Shell,False,False
KARAAĞAÇ BUCA.,38.272607,27.231182,Shell,False,False
LİMONTEPE,38.381506,27.104753,Shell,True,False
İNCİRALTI,38.397512,27.066922,Shell,True,False
GÜZELYALI.,38.39852,27.077819,Shell,False,False
TORBALI KAVŞAK,38.1784,27.3551,Shell,False,False
AYRANCILAR YAZIBAŞI,38.23163,27.296313,Shell,True,False
ORTAKÖY,38.2284,27.3708,Shell,True,False
TİRE GİRİŞİ,38.101691,27.716545,Shell,True,False
TİRE ÇIKIŞI,38.130088,27.675376,Shell,True,False
ÖDEMİŞ.,38.217009,27.975026,Shell,True,False
İZMİR ÇIKIŞI ÖDEMİŞ,38.215949,27.917328,Shell,False,False
ÜÇEYLÜL.,38.220808,27.938465,Shell,True,False
DİNDARLI,38.165563,28.693425,Shell,True,False
SARIGÖL,38.241835,28.683795,Shell,True,False
ALAŞEHİR GİRİŞİ,38.349709,28.529173,Shell,True,False
ULUBEY.,38.43299,29.296762,Shell,True,False
DİNAR.,38.055933,30.145819,Shell,True,False
LAVANTA,37.91269,30.307745,Shell,True,False
GÜLKENT,37.899346,30.339155,Shell,True,False
ÇİVRİL,38.29012,29.733424,Shell,True,False
GÖNEN ISPARTA.,37.877751,30.426865,Shell,True,False
ÇÜNÜR.,37.815103,30.533566,Shell,True,False
SANDIKLI,38.406221,30.227108,Shell,True,False
CUMHURİYET MAH.UŞAK.,38.635383,29.389802,Shell,True,False
ÇANLI KÖPRÜ.,38.642447,29.451185,Shell,True,False
KOZAĞAÇ.,38.379861,31.420841,Shell,True,True
CİHANBEYLİ.,38.638789,32.925767,Shell,True,False
CİHANBEYLİ ÇIKIŞI.,38.680818,32.922848,Shell,True,False
YENİCEOBA KAVŞAK.,38.798781,32.933681,Shell,True,False
HAMİDİYE AKSARAY.,38.330112,33.974566,Shell,True,False
ARATOL.,38.347708,33.956803,Shell,True,False
AKSARAY OSB,38.3165,34.0112,Shell,True,False
LALELİ,38.310209,34.063185,Shell,True,False
AKSARAY MERKEZ.,38.396174,34.0264,Shell,True,False
ŞEREFLİKOÇHİSAR ÇIKIŞI.,38.917291,33.561281,Shell,True,False
AKTAŞ NİĞDE,38.066253,34.781361,Shell,True,False
ACIGÖL,38.541252,34.507945,Shell,True,False
YAHYALI KAYSERİ,38.10859,35.361644,Shell,True,False
NİĞDE YOLU YEŞİLHİSAR.,38.283791,35.105571,Shell,True,False
DEVELİ MERKEZ,38.3819,35.4878,Shell,True,False
DEVELİ ÇIKIŞI,38.41973,35.494249,Shell,True,False
GÖKSUN,38.024196,36.51045,Shell,True,False
ATLAS..,38.208583,36.956694,Shell,True,False
KÖPRÜBAŞI ELBİSTAN,38.204172,37.180578,Shell,True,False
İKİZCE MAHALLESİ,38.324601,38.176969,Shell,True,False
YEŞİLYURT MALATYA.,38.334351,38.225911,Shell,True,False
TOPSÖĞÜT,38.387067,38.224856,Shell,True,False
MALATYA YOLU ELAZIĞ.,38.631319,39.111428,Shell,True,False
ELAZIĞ KOVANCILAR YOLU,38.61845,39.286106,Shell,True,False
ELAZIĞ ÇEVREYOLU,38.646892,39.171951,Shell,True,False
ELAZIĞ MERKEZ.,38.665978,39.223368,Shell,False,False
ELAZIĞ STADYUM,38.669589,39.19704,Shell,True,False
ELAZIĞ KEBAN YOLU.,38.680299,39.152213,Shell,True,False
ERZURUM OLTU,40.535675,41.959623,Shell,False,False
ARDAHAN MERKEZ,41.097917,42.67044,Shell,True,False
FOÇA YOLU,38.656402,26.807694,Shell,True,False
MAVİŞEHİR,38.478179,27.06512,Shell,True,True
BALATÇIK,38.5135,27.0437,Shell,True,False
KARABAĞLAR MERKEZ,38.3878,27.1342,Shell,True,False
BUCA.,38.392443,27.151018,Shell,False,False
SOĞUKKUYU.,38.468231,27.113461,Shell,True,True
ULUKENT ÇIKIŞI,38.55922,27.044262,Shell,True,False
KARŞIYAKA,38.465575,27.136767,Shell,True,False
ISTIKLAL MENEMEN,38.579366,27.06629,Shell,True,False
MENEMEN KAZIMPAŞA.,38.587243,27.072517,Shell,True,False
MENEMEN ÇIKIŞI.,38.644119,27.047142,Shell,True,False
BURUNCUK,38.669195,27.022807,Shell,True,False
ÇİTLENBİK.,38.756338,26.95531,Shell,True,False
ALTINDAĞ.,38.425256,27.183377,Shell,True,False
ÇINARLI.,38.438259,27.170301,Shell,False,False
İRİM.,38.437011,27.181091,Shell,False,False
BORNOVA SAPAK.,38.449191,27.182905,Shell,True,True
KAZIMDİRİK.,38.450611,27.188533,Shell,False,False
IŞIKKENT GİRİŞİ.,38.429596,27.212715,Shell,True,False
IŞIKKENT MERKEZ.,38.432496,27.213309,Shell,True,False
BAYRAKLI GÜNEY,38.480782,27.177434,Shell,True,False
IŞIKKENT BAĞLANTI YOLU,38.424403,27.259483,Shell,True,False
PINARBAŞI,38.438351,27.251289,Shell,True,False
FIRINLI,38.202478,27.607835,Shell,True,False
BAYINDIR HATAY.,38.217409,27.637908,Shell,True,False
KEMALPAŞA.,38.4281,27.4157,Shell,False,False
KEMALPAŞA ÇAMBEL,38.448191,27.517019,Shell,True,False
AMBARKAVAK.,38.450184,27.490453,Shell,True,False
ÇINARLIÇEŞME KUZEY.,38.462376,27.338819,Shell,True,False
NALDÖKEN.,38.453585,27.261452,Shell,True,False
DOĞANLAR,38.450406,27.251127,Shell,True,False
TURGUTLU GİRİŞİ,38.494846,27.638847,Shell,True,False
TURGUTLU.,38.492311,27.664749,Shell,False,False
ÖDEMİŞ MERKEZ.,38.250615,27.993424,Shell,True,False
SALİHLİ.,38.478292,28.089817,Shell,True,False
SARDES,38.496674,28.021436,Shell,True,False
SALİHLİ GİRİŞİ..,38.487008,28.13183,Shell,True,False
AHMETLİ,38.526667,27.939325,Shell,True,False
ÇAĞIRLIK.,38.520983,28.132909,Shell,True,False
KURUÇAY MANİSA.,38.525865,28.128488,Shell,True,False
TURGUTLU MERKEZ,38.496208,27.72864,Shell,True,False
DURASILLI,38.50871,28.241108,Shell,False,False
ALAŞEHİR MANİSA,38.360351,28.532693,Shell,True,True
KULA MERKEZ,38.54107,28.63871,Shell,True,False
KULA.,38.576901,28.752741,Shell,True,False
KAZIM KARABEKİR,38.66848,29.408363,Shell,True,False
UŞAK MERKEZ,38.6766,29.3884,Shell,True,False
UŞAK HAVALİMANI,38.677617,29.445301,Shell,False,False
KIRYURT.,38.680661,29.636421,Shell,True,False
BANAZ,38.705292,29.692918,Shell,True,True
SANDIKLI BATI.,38.475073,30.251307,Shell,True,False
BAŞKOMUTAN,38.630936,30.298433,Shell,True,False
KÜTAHYA GEDİZ,39.00871,29.408043,Shell,True,False
AKÖREN.,38.796056,30.394506,Shell,True,True
AFYON KAVŞAK,38.789504,30.457641,Shell,True,False
AFYON ÇEVREYOLU,38.775132,30.570448,Shell,True,False
AKÇİN KÖYÜ AFYON.,38.773457,30.5887,Shell,False,False
CUMHURİYET AFYON.,38.591211,30.972861,Shell,True,True
İSCEHİSAR.,38.844732,30.744854,Shell,False,False
BOLVADİN.,38.699871,31.048571,Shell,True,False
BOLVADİN ÇEVREYOLU.,38.717604,31.036207,Shell,True,False
KÖROĞLU BELİ,38.921657,30.895911,Shell,True,False
GÖMÜ.,39.055642,31.076288,Shell,True,False
SİVRİHİSAR,39.38775,31.497939,Shell,True,False
KULU.,39.088861,33.070847,Shell,True,False
ŞEREFLİKOÇHİSAR.,38.942193,33.541116,Shell,False,False
KULU KAVŞAK.,39.198522,33.092501,Shell,True,False
TUZGÖLÜ OHT GÜNEY,39.181915,33.338238,Shell,True,True
TUZGÖLÜ OHT KUZEY,39.183967,33.338,Shell,True,True
HAYMANA.,39.436991,32.499671,Shell,False,False
KIRŞEHİR DOĞU.,39.166681,34.152901,Shell,True,False
ÖZBAĞ KIRŞEHİR,39.222998,34.137974,Shell,True,False
GÖLBAŞI YAĞLIPINAR.,39.634411,32.829811,Shell,False,False
NEVŞEHİR ÇEVREYOLU.,38.608459,34.684911,Shell,True,False
GÜLŞEHİR,38.749287,34.62458,Shell,True,False
NEVŞEHİR.,38.644888,34.731848,Shell,True,False
PERİBACALARI,38.61161,34.800293,Shell,True,True
MUCUR,39.0578,34.4031,Shell,True,False
YEŞİLHİSAR.,38.341332,35.090188,Shell,True,False
AVANOS,38.70424,34.842182,Shell,True,False
KIZILIRMAK.,38.776301,35.256917,Shell,False,False
KAYSERİ FSM,38.68918,35.400879,Shell,True,False
KAYSERİ OSB.,38.751971,35.334092,Shell,True,False
ANKARA YOLU KAYSERİ,38.883495,35.144429,Shell,True,False
ARTEPE.,38.754241,35.381475,Shell,True,False
AMBARKÖY.,38.753081,35.386951,Shell,True,True
KEYKUBAT.,38.740472,35.409534,Shell,True,False
ÇİFTLİKLİ TARLA,38.925668,35.074371,Shell,True,False
ŞEHİR HASTANESİ,38.7633,35.4136,Shell,True,False
ERCİYES YOLU.,38.694287,35.495088,Shell,True,False
DEĞİRMENCİLİK,38.725643,35.459272,Shell,True,False
KAYSERİ.,38.723421,35.476171,Shell,False,False
TALAS.,38.694391,35.545618,Shell,True,False
ACIBADEM H-KAYS,38.71571,35.49937,Shell,False,True
KAYSERİ ÇEVRE YOLU.,38.730337,35.480704,Shell,False,False
TALAS YENİDOĞAN,38.702031,35.549799,Shell,True,False
30 AĞUSTOS BULVARI.,38.722899,35.526827,Shell,True,True
KAVAKYAZISI,38.731304,35.516917,Shell,True,False
PERVANE,38.748966,35.503108,Shell,True,False
MİMAR SİNAN KAYSERİ,38.734295,35.576382,Shell,True,False
SIVAS BULVARI,38.759832,35.562384,Shell,True,False
CIRKALAN.,38.791002,35.585626,Shell,True,False
GESİ,38.782216,35.61033,Shell,True,False
GÖMEÇ,38.844815,35.659647,Shell,True,False
PINARBAŞI KAYSERİ,38.7218,36.3872,Shell,True,False
KARAYAR.,38.72209,37.26026,Shell,True,False
GÜRÜN.,38.720931,37.273781,Shell,False,False
TUNCELİ MERKEZ,39.10061,39.546906,Shell,True,False
KARSKAPI.,39.908583,41.288557,Shell,True,False
ERZURUM YAKUTİYE MERKEZ,39.910653,41.253342,Shell,True,False
ERZURUM SANAYİ,39.946238,41.290534,Shell,True,False
AZİZİYE,39.9313,41.1592,Shell,True,False
ÇANDARLI,38.940994,26.945242,Shell,True,False
ALİAĞA ÇIKIŞI,38.84499,27.01461,Shell,False,False
ŞAKRAN GİRİŞİ,38.897972,27.06341,Shell,True,False
YENİ ŞAKRAN.,38.897388,27.064321,Shell,True,False
BAYRAKLI KUZEY,38.480311,27.185162,Shell,False,False
SALİHLER.,39.16627,26.840018,Shell,False,True
AYVALIK  ALTINOVA,39.237471,26.759386,Shell,True,False
AYVALIK GİRİŞİ,39.335376,26.737454,Shell,True,True
ERZENE.,38.482351,27.242257,Shell,True,False
BORNOVA KİPA,38.459198,27.240285,Shell,True,False
4.SANAYİ BORNOVA.,38.458475,27.251692,Shell,True,False
SABUNCUBELİ,38.5085,27.2693,Shell,False,False
ORGANİZE SANAYİ MANİSA.,38.606948,27.362633,Shell,True,False
MERKEZ MANİSA,38.625684,27.440033,Shell,True,False
GEDİZ KÖPRÜSÜ.,38.65719,27.447719,Shell,True,False
MANİSA GİRİŞİ,38.75745,27.63546,Shell,True,False
KAPAKLI,38.863017,27.740225,Shell,True,False
GÖLMARMARA.,38.720931,27.919341,Shell,True,False
AKHİSAR ORGANİZE SANAYİ,38.884312,27.760973,Shell,True,False
AKHİSAR OHT DOĞU,38.929704,27.705602,Shell,True,False
AKHİSAR OHT BATI,38.928287,27.701171,Shell,True,False
GELENBE BATI.,39.192972,27.853112,Shell,True,False
GELENBE DOĞU.,39.193577,27.854372,Shell,False,False
SİMAV MERKEZ,39.08831,28.993001,Shell,True,False
KÜTAHYA BULVAR,39.426659,29.968848,Shell,True,False
KÜTAHYA ÜNİVERSİTE,39.446082,29.952669,Shell,True,False
KÜTAHYA MERKEZ.,39.436137,29.999479,Shell,False,True
TERMİNAL TAVŞANLI.,39.538271,29.492689,Shell,True,False
KÜTAHYA GİRİŞİ,39.458892,30.017238,Shell,True,False
ÇİFTELER.,39.370825,31.036091,Shell,True,False
SEYİTGAZİ,39.684275,30.54227,Shell,True,False
ESKİŞEHİR OSB.,39.737897,30.657853,Shell,False,False
ODUNPAZARI.,39.74759,30.575774,Shell,True,False
ESKİŞEHİR OSB ÇEVREYOLU.,39.746419,30.611698,Shell,True,False
SAZOVA.,39.755253,30.472461,Shell,True,False
MAMUCA.,39.753909,30.586366,Shell,True,False
YILDIZTEPE.,39.756608,30.491525,Shell,False,False
NASREDDİN HOCA,39.536752,31.674229,Shell,False,False
ALPU YOLU,39.761684,30.576771,Shell,True,False
ODUNPAZARI ÇIKIŞI,39.763541,30.557317,Shell,True,False
HALLER ESKİŞEHİR.,39.781642,30.51356,Shell,False,False
ACIBADEM H-ESKIŞ,39.78522,30.49492,Shell,False,True
POLATLI VATAN,39.5731,32.102,Shell,True,False
POLATLI BATI.,39.576471,32.144468,Shell,True,False
POLATLI DOĞU.,39.57692,32.145596,Shell,False,False
TEMELLİ.,39.731039,32.375935,Shell,True,False
GÖLBAŞI OĞULBEY.,39.688989,32.818434,Shell,True,False
HAYMANA YOLU,39.767606,32.76833,Shell,True,False
YURTÇU.,39.829287,32.577929,Shell,True,False
GÖLBAŞI ANKARA.,39.78851,32.805301,Shell,True,False
ALACAATLI,39.842182,32.675264,Shell,True,False
İNCEK BULVARI.,39.829654,32.746444,Shell,True,True
OR AN.,39.851011,32.846411,Shell,True,False
KEKLİKPINARI..,39.857898,32.809804,Shell,True,False
ÇAYYOLU,39.876543,32.687164,Shell,True,False
BİLKENT.,39.885452,32.763713,Shell,True,False
ÜMİTKÖY.,39.894651,32.702691,Shell,True,False
MAMAK NATOYOLU,39.891672,32.927214,Shell,True,False
KAYSERİ ASFALTI YOZGAT,39.168666,35.230072,Shell,True,False
YERKÖY,39.663505,34.501557,Shell,True,False
YOZGAT.,39.694505,34.610424,Shell,True,False
YAĞLI BATI.,39.940643,33.883438,Shell,True,False
YAĞLI DOĞU.,39.941541,33.883611,Shell,True,False
SARIKAYA.,39.494092,35.374495,Shell,False,False
GEMEREK,39.180592,36.083266,Shell,True,False
ŞARKIŞLA SİVAS,39.344977,36.39052,Shell,True,False
AKDAĞMADENİ,39.673081,35.869536,Shell,True,False
OSMAN PAŞA SİVAS.,39.670171,37.007221,Shell,True,False
TAŞLIDERE,39.685831,37.009529,Shell,True,False
ANKARA YOLU SİVAS.,39.722401,36.953141,Shell,True,False
KÜMBET SİVAS,39.736452,36.996439,Shell,False,False
HALFELİK SİVAS,39.74496,37.02815,Shell,True,False
KILAVUZ.,39.748011,37.043199,Shell,True,False
SİVAS TED KOLEJİ,39.772534,37.033771,Shell,True,False
ZARA,39.879108,37.702596,Shell,True,False
REFAHİYE.,39.910302,38.770281,Shell,True,False
ERZİNCAN GİRİŞİ,39.747817,39.468263,Shell,True,False
AŞKALE MERKEZ,39.91895,40.688083,Shell,True,False
AKÇAKIR.,39.570694,26.762442,Shell,True,False
OVACIK.,39.072045,27.068971,Shell,False,True
BERGAMA ÇIKIŞI,39.059441,27.104896,Shell,True,False
EZİNE.,39.828611,26.325221,Shell,True,True
ALTINOLUK,39.578594,26.857309,Shell,True,True
BURHANİYE.,39.48672,26.949833,Shell,True,False
AKÇAY BALIKESİR.,39.588614,26.923235,Shell,True,False
BAYRAMİÇ.,39.811031,26.608031,Shell,False,False
EDREMİT KÖRFEZ,39.596239,26.969322,Shell,True,False
EDREMİT HAVALİMANI,39.54924,27.016461,Shell,True,False
CENNETAYAĞI.,39.584392,27.021584,Shell,True,False
EDREMİT OTOGAR,39.593575,27.013595,Shell,True,False
LAPSEKİ YOLU KEPEZ,40.095032,26.401766,Shell,True,False
İZMİR YOLU KEPEZ.,40.095266,26.400949,Shell,True,False
KEPEZ.,40.109514,26.407258,Shell,True,False
KINIK YAYAKENT,39.102853,27.280683,Shell,True,False
SOMA CEVREYOLU.,39.149335,27.474846,Shell,True,False
SOMA CENKYERİ,39.14857,27.478693,Shell,True,False
SOMA GİRİŞİ,39.189511,27.588242,Shell,True,False
SOMA KURTULUŞ,39.185376,27.623861,Shell,True,False
İVRİNDİ,39.601084,27.524953,Shell,True,False
İZMİR YOLU BALIKESİR.,39.587511,27.908011,Shell,False,False
BALIKESİR MERKEZ,39.619727,27.893287,Shell,True,True
ALTIEYLÜL,39.648483,27.912866,Shell,True,False
BALIKESİR NEF,39.645545,27.865236,Shell,True,False
KARESİ,39.668557,27.916404,Shell,True,False
KÖRFEZYOLU BALIKESİR,39.639686,27.685933,Shell,True,False
SUSURLUK ÇIKIŞI,39.848367,28.148188,Shell,True,False
DEVECİKONAĞI.,39.905915,28.562771,Shell,True,False
ORTA MAHALLE SUSURLUK.,39.915519,28.161789,Shell,False,False
SUSURLUK.,39.929131,28.157121,Shell,True,False
YENİMAHALLE-SUSURLUK.,39.935887,28.160516,Shell,True,False
YENİCE BURSA,40.090652,29.426819,Shell,True,False
İNEGÖL BATIKENT,40.089316,29.492461,Shell,True,True
TELEFERİK,40.173629,29.100626,Shell,True,False
ÇALI,40.185598,28.927005,Shell,True,False
OSMANGAZİ.,40.19137,29.078381,Shell,True,False
DUAÇINARI.,40.191337,29.087034,Shell,False,False
YILDIRIM,40.191244,29.1125,Shell,True,False
DEMİRCİ,40.195598,28.936915,Shell,True,False
ERİKLİ,40.192149,29.13671,Shell,True,False
BEŞEVLER BURSA.,40.201596,28.991019,Shell,True,True
İNÖNÜ.,39.823107,30.145618,Shell,True,False
BOZÜYÜK GİRİŞİ,39.91227,29.995464,Shell,True,False
YENİ MAH.BOZÜYÜK.,39.903885,30.049188,Shell,True,False
BOZÜYÜK.,39.903211,30.058776,Shell,True,False
PAZARYERİ,39.982896,30.000172,Shell,True,False
ESKİŞEHİR BATIKENT.,39.807924,30.405677,Shell,True,True
İNEGÖL ÇEVRE YOLU.,40.084203,29.520683,Shell,True,True
İNEGÖL OSB,40.121244,29.513422,Shell,True,False
KARAÇAM.,40.134383,29.401274,Shell,True,False
KESTEL.,40.181537,29.226533,Shell,True,False
KUMLUK.,40.212276,29.26731,Shell,False,False
TEPEBAŞI.,39.797085,30.449846,Shell,True,False
BEYPAZARI.,40.172721,31.931861,Shell,True,False
BAĞLICA,39.908719,32.648876,Shell,True,False
ORGANİZE SİNCAN.,39.980487,32.570281,Shell,True,False
PLEVNE SİNCAN.,39.975239,32.589209,Shell,True,False
GÜDÜL ANKARA,40.20817,32.245211,Shell,False,False
KONUTKENT.,39.905538,32.698137,Shell,False,False
ELVANKENT.,39.955226,32.628532,Shell,True,False
ŞEKER.,39.965552,32.638524,Shell,False,False
İSTANBUL YOLU-ANKARA.,39.950982,32.701635,Shell,True,False
SÖĞÜTÖZÜ MERKEZ,39.909486,32.793197,Shell,True,False
BATIKENT.,39.956464,32.705019,Shell,True,False
GÖKSU ERYAMAN KAVŞAĞI.,39.987569,32.657049,Shell,True,True
KÜÇÜKESAT.,39.898341,32.878633,Shell,True,False
AHMETLER.,39.919837,32.862631,Shell,True,True
TOYTEPE.,39.945422,32.754025,Shell,True,False
BEŞEVLER ANKARA.,39.932901,32.830388,Shell,True,False
NATOYOLU.,39.915451,32.912091,Shell,True,False
KURTULUŞ ANKARA,39.928422,32.866312,Shell,True,False
ANKAPARK,39.951532,32.792818,Shell,True,False
MACUNKÖY.,39.960817,32.77074,Shell,True,True
BAŞKENT BULVARI,39.9651,32.7489,Shell,True,False
OSTİM İLKYERLEŞİM,39.971076,32.734826,Shell,True,False
OSTİM MERKEZ,39.973279,32.756581,Shell,True,False
KAYAŞ.,39.916381,32.985801,Shell,True,False
ORTAKÖY ANKARA.,39.930217,33.010102,Shell,True,True
KIRIKKALE YAHŞİHAN,39.863644,33.469624,Shell,True,False
AKTAŞ.,39.940022,32.874498,Shell,True,False
YENİDOĞAN ALTINDAĞ,39.942267,32.880679,Shell,True,False
LALABEL,39.942417,33.198929,Shell,True,False
FATİH ANKARA.,39.949818,32.853261,Shell,True,False
İSKİTLER.,39.953392,32.839199,Shell,False,False
SİTELER SAMSUN YOLU,39.957849,32.88116,Shell,True,False
GÜMÜŞDERE.,39.957946,32.855441,Shell,True,False
ETLİK,39.95982,32.847145,Shell,True,False
YENİMAHALLE,39.966237,32.808899,Shell,False,False
KEÇİÖREN.,39.973647,32.865796,Shell,True,False
HASKÖY DOĞU.,39.979072,32.88527,Shell,True,False
HASKÖY BATI.,39.979841,32.886181,Shell,True,False
ELMADAĞ,39.933055,33.335075,Shell,False,False
ANKARA CAD.YOZGAT.,39.817716,34.787657,Shell,True,False
SUNGURLU ÇORUM.,40.155801,34.341745,Shell,False,False
VADİ SUNGURLU.,40.176857,34.443634,Shell,True,False
SORGUN.,39.813202,35.179989,Shell,False,False
AYDINLIKEVLER SORGUN.,39.813804,35.186677,Shell,True,False
TOKAT.,40.329446,36.557943,Shell,False,False
SANAYİ ÇIKIŞI TOKAT.,40.333543,36.537729,Shell,True,False
TOKAT ÇIKIŞI,40.336303,36.595547,Shell,True,False
ZİLE MERKEZ,40.3093,35.9054,Shell,True,False
TURHAL MERKEZ,40.373671,36.096284,Shell,True,False
SUŞEHRİ.,40.172881,38.087451,Shell,True,False
NİKSAR.,40.580407,36.925165,Shell,True,False
GÜMÜŞHANE MERKEZ,40.427618,39.521785,Shell,True,False
GÜMÜŞHANE TORUL,40.543209,39.32498,Shell,True,False
BAYBURT.,40.257861,40.215221,Shell,True,False
İSPİR,40.4668,40.9736,Shell,True,False
BORÇKA.,41.361041,41.675171,Shell,True,False
ÇANAKKALE.,40.149987,26.405646,Shell,False,False
ÇANAKKALE UMURBEY,40.260696,26.58702,Shell,True,True
LAPSEKİ OHT DOĞU,40.274322,26.62477,Shell,True,False
LAPSEKİ OHT BATI,40.276906,26.628751,Shell,True,False
ÇAN.,40.031892,27.060933,Shell,True,False
LAPSEKİ,40.337721,26.674852,Shell,True,False
GELİBOLU.,40.408321,26.644941,Shell,True,False
SÜREKOVASI.,40.443361,26.676831,Shell,True,False
BOLAYIR.,40.524721,26.760031,Shell,True,False
İSTİKLAL BİGA.,40.231123,27.254066,Shell,True,False
BIGA IDRISKORU GIRISI..,40.246576,27.283045,Shell,True,False
GÖNEN BALIKESİR.,40.117413,27.643503,Shell,True,False
ŞİRİNKÖY,40.258064,27.343578,Shell,False,False
BUĞDAYLI.,40.220608,27.764064,Shell,True,False
DENİZKENT,40.296956,27.546502,Shell,True,False
MUSTAFAKEMALPAŞA OHT BATI,40.040187,28.21841,Shell,True,True
MUSTAFAKEMALPAŞA OHT DOĞU,40.042218,28.222632,Shell,True,True
MUSTAFAKEMALPAŞA ÇIKIŞI.,40.053652,28.366215,Shell,True,False
MUSTAFAKEMALPAŞA GİRİŞİ,40.056011,28.364078,Shell,True,False
KARACABEY.,40.182927,28.381101,Shell,True,False
KARACABEY MERKEZ,40.201759,28.351953,Shell,True,False
ÖMERLİ BALIKESİR.,40.292606,28.036698,Shell,True,False
BANDIRMA.,40.327088,28.00112,Shell,True,False
EDİNCİK,40.327919,27.869268,Shell,True,True
ERDEK YOLU,40.34,27.94,Shell,True,False
KAYNAKLAR,40.214232,28.731728,Shell,True,False
KARACAOBA.,40.214708,28.731699,Shell,True,False
GÖÇMENKONUTLARI,40.221737,28.820277,Shell,True,False
BURSA ÜNİVERSİTE,40.214449,28.900587,Shell,False,False
ERTUĞRUL.,40.212871,28.929992,Shell,False,False
ATA BULVARI,40.217996,28.951682,Shell,True,False
ATAEVLER,40.213667,28.964328,Shell,True,False
ACIBADEM H-BURSA,40.21308,28.9764,Shell,False,True
NİLÜFER.,40.212683,28.996505,Shell,False,True
ODUNLUK NİLÜFER,40.212241,28.999862,Shell,True,False
BURSA EMEK,40.259071,28.95235,Shell,True,False
YUNUSELİ,40.240445,29.007956,Shell,True,False
BURSA SANAYİ,40.208835,29.082026,Shell,True,False
SAMANLI CADDESİ,40.205507,29.112965,Shell,True,False
KÜÇÜKBALIKLI GÜNEY,40.222653,29.082793,Shell,True,False
BURSA ÇEVREYOLU,40.217917,29.104583,Shell,True,False
ÇAĞRIŞAN.,40.288617,28.936311,Shell,True,False
YENİYOL.,40.2476,29.063363,Shell,True,False
DEMİRTAŞ,40.256049,29.063287,Shell,False,False
ÇAĞLAYAN BURSA,40.288832,29.007416,Shell,True,False
ŞİRİNEVLER.,40.194069,29.154388,Shell,True,False
DELİÇAY BURSA.,40.194848,29.15856,Shell,False,False
KESTEL BURSA,40.207047,29.212508,Shell,True,False
GÜRSU ZAFER CADDESİ,40.2225,29.181,Shell,True,False
BURSA OTOGAR,40.268571,29.052072,Shell,True,False
OVAAKÇA BURSA,40.303021,29.061318,Shell,True,False
KURŞUNLU BURSA,40.377878,29.076015,Shell,True,False
GEMLİK OHT BATI.,40.388521,29.139024,Shell,True,True
GEMLİK OHT DOĞU.,40.390558,29.142271,Shell,True,True
BİLECİK,40.135672,30.023179,Shell,True,False
YENİŞEHİR BURSA.,40.266127,29.631939,Shell,True,False
DERBENT,40.398552,29.695387,Shell,True,False
İZNİK.,40.442391,29.717481,Shell,True,False
GEYVE,40.521685,30.276166,Shell,True,False
KARAÇAM BOĞAZI,40.640936,30.336317,Shell,True,True
AKYAZI,40.680259,30.607775,Shell,True,False
ABANT KAVŞAĞI.,40.719501,31.464811,Shell,True,False
AKOVA,40.77601,30.65139,Shell,True,False
HENDEK MERKEZ,40.793087,30.744574,Shell,True,False
KAZAN,40.065132,32.613166,Shell,True,False
SARAY ANKARA.,40.029207,32.643086,Shell,True,False
BOLU MERKEZ.,40.726827,31.587446,Shell,True,False
KURUÇAY BOLU.,40.735261,31.630703,Shell,True,True
BEŞKAVAKLAR,40.737245,31.59503,Shell,True,False
YEDİGÖLLER YOLU,40.750414,31.628994,Shell,True,False
OSB ANKARA.,39.985664,32.733553,Shell,True,False
AYAZ ANKARA,39.994454,32.760157,Shell,True,False
İVEDİK OSB.,39.993683,32.768488,Shell,True,False
ANADOLU BULVARI-İVEDİK.,39.997445,32.773506,Shell,True,False
BAĞLUM,40.024916,32.860937,Shell,True,False
YILDIRIMKENT.,40.047425,32.915901,Shell,True,False
PURSAKLAR.,40.05501,32.919386,Shell,True,False
PURSAKLAR SARAY YOLU,40.057247,32.908329,Shell,True,False
HANDERESİ.,40.25851,34.620779,Shell,True,False
ALACA,40.180723,34.833143,Shell,True,False
ÇANKIRI.,40.591881,33.619521,Shell,True,False
ÇORUM ANKARA ÇIKIŞI,40.470519,34.875769,Shell,True,False
ÇORUM ÇEVREYOLU.,40.544446,34.926993,Shell,True,False
ÇORUM PARK.,40.556056,34.967727,Shell,True,False
ULUKAVAK,40.564467,34.946419,Shell,True,False
ÇORUM ÇIKIŞI,40.576388,35.024722,Shell,True,False
AMASYA.,40.607976,35.811786,Shell,True,False
DURUCASU,40.74474,36.113919,Shell,True,False
ERBAA MERKEZ,40.68145,36.550519,Shell,False,False
ERBAA ÇIKIŞI NİKSAR,40.6053,36.8081,Shell,True,False
FATSA KORGAN YOLU,41.0207,37.477,Shell,True,False
FATSA.,41.021778,37.529511,Shell,True,False
ÜNYE KARŞIYAKA,41.114657,37.272452,Shell,True,False
YÜCELER ÜNYE.,41.105876,37.381734,Shell,True,False
TERME GİRİŞİ,41.16966,37.056891,Shell,True,False
ORDU OTOGAR,40.966728,37.90779,Shell,True,False
ALTINORDU,40.976907,37.95015,Shell,True,False
BULANCAK SAHİL.,40.940177,38.183476,Shell,True,False
BULANCAK.,40.938622,38.227268,Shell,True,False
GİRESUN MERKEZ,40.912479,38.399181,Shell,True,False
GİRESUN.,40.910551,38.430824,Shell,True,False
TİREBOLU.,41.010618,38.87305,Shell,True,False
BEŞİKDÜZÜ.,41.072848,39.195936,Shell,True,False
ÇAĞLAYAN.,40.909644,39.718747,Shell,True,False
UZUNKUM.,40.99538,39.670218,Shell,False,False
YILDIZLI.,41.007867,39.621968,Shell,True,False
SÖĞÜTLÜ TRABZON.,41.013159,39.605182,Shell,False,False
YOMRA.,40.958101,39.852801,Shell,True,True
TRABZON HAVALİMANI.,40.993169,39.781091,Shell,True,False
ÇİMENLİ,40.986325,39.81139,Shell,True,False
ARSIN SANAYI,40.960919,39.963904,Shell,True,False
ARAKLI TRABZON,40.92783,40.05044,Shell,True,False
OF.,40.961445,40.293711,Shell,True,False
İYİDERE,40.967902,40.359955,Shell,True,False
LİMANKÖY.,41.074504,40.67336,Shell,True,False
ÇAYELİ..,41.084866,40.721041,Shell,False,False
ÇAMLIHEMŞİN RİZE,41.05832,41.005628,Shell,True,False
HAMİDİYE PAZAR,41.181081,40.949531,Shell,True,False
İPSALA MERKEZ.,40.907685,26.373155,Shell,False,False
KEŞAN.,40.874728,26.63544,Shell,True,False
KEŞAN GİRİŞİ,40.875281,26.654989,Shell,True,False
ŞARKÖY VAKIFLAR.,40.615042,27.109969,Shell,True,False
İNECİK..,40.934552,27.287812,Shell,True,True
NUSRATFAKI.,40.943029,27.311012,Shell,True,True
KUMBAĞ YOLU TEKİRDAĞ,40.932057,27.478193,Shell,True,False
ARMUTLU,40.52241,28.83071,Shell,True,False
YENİÇİFTLİK.,40.995012,27.836098,Shell,True,True
GEMLİK LİMAN,40.393706,29.133674,Shell,False,True
GEMLİK.,40.42295,29.164308,Shell,False,False
UMURBEY.,40.423001,29.214651,Shell,False,False
ORHANGAZİ BURSA.,40.480764,29.30706,Shell,True,False
ILICADERE.,40.706391,29.878969,Shell,False,False
HİSAREYN.,40.705891,29.858552,Shell,False,False
BAŞİSKELE,40.713299,29.919884,Shell,True,False
İZMİT SAHİL,40.725253,29.940631,Shell,True,True
SAPANCA OHT GÜNEY.,40.727402,30.069026,Shell,True,True
SAPANCA OHT KUZEY.,40.727888,30.071534,Shell,True,True
GÖLCÜK,40.716575,29.809278,Shell,True,False
KARTEPE YOLU.,40.730842,30.062642,Shell,True,False
KARTEPE MEYDAN,40.736104,30.032251,Shell,True,False
KULLAR BAŞİSKELE,40.736158,29.964267,Shell,True,False
UZUNTARLA.,40.730438,30.133401,Shell,False,False
KÖSEKÖY TÜVTÜRK,40.738459,29.995871,Shell,True,False
İZMİT OUTLET,40.756071,29.945359,Shell,True,False
KANDIRA KAVŞAĞI.,40.762826,29.957879,Shell,True,False
KANLIBAĞ,40.770088,29.946651,Shell,False,False
ARİFİYE.,40.715147,30.35073,Shell,True,False
SAKARYA GİRİŞİ,40.721597,30.383541,Shell,True,False
SAKARYA CADDESİ,40.75148,30.415467,Shell,True,False
AŞAĞI DEREKÖY,40.74177,30.279894,Shell,False,False
ÜNİVERSİTE YOLU,40.758789,30.365308,Shell,True,False
SERDİVAN.,40.772651,30.364851,Shell,True,False
ADAPAZARI ÇEVRE YOLU.,40.784001,30.434031,Shell,True,False
SERDİVAN YAZLIK,40.786113,30.367606,Shell,True,False
KORUCUK YOLU,40.790845,30.373262,Shell,True,False
KUZEY TERMİNALİ,40.800197,30.405828,Shell,True,False
ALANDÜZÜ OHT GÜNEY,40.843718,30.28247,Shell,True,False
ALANDÜZÜ OHT KUZEY,40.84507,30.287712,Shell,True,False
SÖĞÜTLÜ SAKARYA,40.865726,30.478458,Shell,False,False
DÜZCE D 100.,40.832367,31.181858,Shell,False,False
DÜZCE GİRİŞİ.,40.849226,31.05396,Shell,True,False
KAPICI.,40.849221,31.087237,Shell,True,False
DÜZCE OLİMPİYAT,40.847422,31.14155,Shell,True,False
ŞEREFİYE.,40.845034,31.165679,Shell,True,False
GÜMÜŞOVA.,40.854795,30.990073,Shell,True,False
ÇAVUŞLAR.,40.867249,31.168735,Shell,True,False
DÖRTDİVAN OHT GÜNEY.,40.748874,32.083423,Shell,True,False
DÖRTDİVAN OHT KUZEY.,40.753748,32.075559,Shell,True,False
GEREDE.,40.787119,32.209,Shell,True,False
AKÇAKOCA,41.081382,31.176853,Shell,True,False
KIZILCAHAMAM,40.474083,32.651772,Shell,True,False
ILGAZ KAVŞAĞI,40.90246,33.66194,Shell,True,False
ILGAZ MERKEZ.,40.906576,33.646439,Shell,True,False
TOSYA.,41.018659,34.080881,Shell,True,False
OSMANCIK,40.971181,34.825791,Shell,True,False
KALELİBAĞI.,40.970412,34.841891,Shell,True,False
GÜMÜŞHACIKÖY.,40.88852,35.203863,Shell,True,False
ÇİNİYERİ,41.056119,34.542451,Shell,True,False
MERZİFON MERKEZ,40.862987,35.485554,Shell,True,False
MERZİFON GÖKÇEBAĞ,40.871986,35.524685,Shell,True,False
SULUOVA.,40.846017,35.629848,Shell,True,False
BEKDİĞİN,41.000898,35.809823,Shell,True,False
VEZİRKÖPRÜ.,41.126163,35.487055,Shell,True,False
KAVAK ÇAKALLI,41.175041,36.114033,Shell,True,False
TEKKEKÖY SAMSUN,41.225174,36.437813,Shell,True,False
KUTLUKENT.,41.241998,36.404825,Shell,True,False
KAYADİBİ,41.250364,36.390083,Shell,True,False
DERECİK.,41.291739,36.271835,Shell,True,False
İLKADIM SAMSUN,41.291572,36.285987,Shell,True,False
CUMHURİYET SAMSUN.,41.285108,36.340903,Shell,True,False
SUNGURLU ÇARŞAMBA.,41.203964,36.717424,Shell,True,False
BEYLERCE SAMSUN,41.216616,36.672289,Shell,True,False
ELMALIK TERME.,41.212445,36.967628,Shell,True,False
ATAKENT SAMSUN,41.344537,36.249356,Shell,True,False
ATAKUM SAMSUN,41.359021,36.235198,Shell,True,False
SİNOP ÇIKIŞI SAMSUN,41.442278,36.135726,Shell,True,False
KAVACIK.,41.211294,26.67977,Shell,True,False
SANAYİ SİTESİ EDİRNE.,41.247097,26.685012,Shell,True,False
UZUNKÖPRÜ.,41.265094,26.677148,Shell,True,False
SAZLIDERE.,41.600283,26.667906,Shell,True,False
İNTİKAM TAŞI KAPIKULE.,41.707111,26.392011,Shell,False,False
KAPIKULE.,41.712533,26.370119,Shell,False,False
TEKİRDAĞ.,40.953441,27.479577,Shell,True,False
TEKİRDAĞ MERKEZ.,40.974718,27.492511,Shell,True,False
ESKİCAMİ.,40.993312,27.512214,Shell,True,False
NAMIK KEMAL,40.989859,27.60364,Shell,True,True
YENİÇİFTLİK ÇIKIŞI,41.003405,27.809715,Shell,True,False
MURATLI İSTİKLAL,41.192871,27.513375,Shell,True,False
BÜYÜK KARIŞTIRAN,41.295856,27.536253,Shell,True,False
KOCASİNAN LÜLEBURGAZ,41.404871,27.338769,Shell,True,False
SEYMEN.,41.099211,27.949509,Shell,True,False
ÇORLU İTFAİYE.,41.155683,27.817389,Shell,True,False
SILIVRI CIKISI.,41.094893,27.996881,Shell,False,False
DEĞİRMENKÖY.,41.095698,27.999733,Shell,True,False
GÜMÜŞYAKA.,41.060411,28.084381,Shell,False,False
ÇORLU SAĞLIK MAHALLESİ,41.190114,27.763403,Shell,True,False
MARMARACIK,41.208315,27.740996,Shell,True,False
ULAŞ.,41.214839,27.731909,Shell,True,False
YULAFLI.,41.205171,27.841155,Shell,True,False
VAKIFLAR.,41.272321,27.636721,Shell,False,False
ÇERKEZKÖY OHT KUZEY.,41.287091,27.786537,Shell,True,False
ÇERKEZKÖY OHT GÜNEY.,41.291325,27.779282,Shell,True,False
ÇERKEZKÖY YENİYOL.,41.271231,27.960652,Shell,True,False
SİLİVRİ KUZEY.,41.081931,28.218411,Shell,False,False
SİLİVRİ GÜNEY.,41.081517,28.220858,Shell,True,False
ALİBEY SİLİVRİ.,41.070591,28.278846,Shell,False,False
SELİMPAŞA MERKEZ,41.056366,28.370279,Shell,True,False
KAMİLOBA E5,41.040277,28.428105,Shell,False,False
SİNANOBA.,41.014551,28.546211,Shell,False,False
MİMARSİNAN.,41.017472,28.562253,Shell,True,False
ULUS BÜYÜKÇEKMECE,41.025937,28.55659,Shell,True,False
ÇATALCA MERKEZ,41.135152,28.465794,Shell,True,False
BÜYÜKÇAVUŞLU MERKEZ,41.244051,28.067352,Shell,True,False
BÜYÜKÇAVUŞLU.,41.255869,28.036225,Shell,True,True
ÇERKEZKÖY MERKEZ.,41.289348,27.99101,Shell,True,False
YAKUPLU SANAYİ.,40.989747,28.665182,Shell,True,True
GÜRPINAR MERKEZ MAHALLESİ,41.005894,28.622247,Shell,False,True
AVCILAR,40.988354,28.718694,Shell,True,False
FLORYA.,40.972589,28.789897,Shell,False,True
BEYLİKDÜZÜ YAN YOL.,41.009815,28.654997,Shell,True,False
BEYLİKDÜZÜ MERKEZ,41.016798,28.639259,Shell,True,False
KÜÇÜKÇEKMECE..,40.986948,28.769945,Shell,True,False
ÜÇEVLER,41.01792,28.646057,Shell,True,False
AVCILAR YOLU,41.009517,28.701404,Shell,True,False
ESENYURT SANAYİ,41.013513,28.695341,Shell,True,False
ESENYURT MERKEZ,41.019576,28.677097,Shell,True,False
ŞENLİKKÖY.,40.987901,28.796101,Shell,False,False
HAVALİMANI İSTANBUL.,40.986408,28.819599,Shell,True,False
SEFAKÖY.,40.996416,28.796569,Shell,True,False
ÇAKMAKLI KIRAÇ.,41.037018,28.624729,Shell,True,False
ESENYURT 2. BÖLGE.,41.031951,28.674331,Shell,True,False
KIRAÇ.,41.038041,28.641854,Shell,True,False
ESENYURT KAVŞAK.,41.032181,28.681891,Shell,False,False
HADIMKÖY ALKENT,41.0641,28.622,Shell,True,False
TERMAL YOLU,40.651775,29.243563,Shell,True,False
YALOVA.,40.623692,29.270381,Shell,True,False
BALABAN.,40.641391,29.280569,Shell,True,False
YENİ BURSA YOLU YALOVA.,40.655561,29.283415,Shell,True,False
CIFTLIKKOY KURUCESME..,40.667175,29.332149,Shell,True,False
ÇİFTLİKKÖY.,40.673833,29.346676,Shell,True,False
SİTELER KOCAELİ.,40.686675,29.568982,Shell,True,False
KARAMÜRSEL ÇIKIŞI,40.701307,29.669632,Shell,True,False
GEBZE.,40.789871,29.426511,Shell,True,False
GEBZE MERKEZ,40.803081,29.440174,Shell,True,False
ŞİRİNYALI.,40.779061,29.670741,Shell,True,False
BAYRAMOĞLU.,40.790839,29.36746,Shell,True,False
TAVŞANLI GEBZE,40.809662,29.508751,Shell,True,False
KİRAZPINARI.,40.80937,29.46035,Shell,True,True
GÜZELLER.,40.813308,29.438803,Shell,True,False
MUSTAFAPAŞA.,40.814574,29.417425,Shell,True,False
ATALAR YARIMCA,40.775304,29.724301,Shell,True,False
YENİ BAĞDAT CADDESİ GEBZE.,40.811862,29.373208,Shell,True,False
YARIMCA LİMAN,40.768044,29.757992,Shell,True,False
KÖRFEZ SANAYİ,40.765443,29.777127,Shell,True,False
ŞİFA MAHALLESİ.,40.824175,29.35198,Shell,True,False
GÜZELLER OSB,40.8413,29.4335,Shell,True,False
DERİNCE.,40.75759,29.840501,Shell,False,False
TUZLA ÇIKIŞI.,40.839206,29.295471,Shell,True,False
GOSB TIR PARKI,40.868791,29.417188,Shell,False,False
TUZLA E-5,40.844807,29.30588,Shell,True,False
ŞEKERPINAR.,40.865294,29.379771,Shell,False,False
BALÇIK,40.877375,29.420442,Shell,True,False
AYDINLI MERKEZ,40.871346,29.331513,Shell,True,False
TUZLA DERİ OSB,40.881386,29.346792,Shell,True,False
BEKİRPAŞA.,40.780195,29.972987,Shell,True,False
ÇENESUYU.,40.761624,29.851381,Shell,True,False
MALTA MAHALLESİ,40.791574,29.927841,Shell,True,False
FERİZLİ,40.967249,30.50776,Shell,True,False
KARASU.,41.110243,30.671924,Shell,True,False
DEĞİRMENGAZİ.,41.082581,31.103581,Shell,True,False
ALAPLI.,41.184817,31.385838,Shell,True,False
GÜLÜÇ EREĞLİ,41.247481,31.408849,Shell,False,False
KARADENİZ EREĞLİ.,41.271446,31.434858,Shell,True,False
DEVREK.,41.199625,31.948009,Shell,False,False
ZONGULDAK.,41.429011,31.871351,Shell,True,False
ZONGULDAK SAHİL.,41.451391,31.758125,Shell,False,False
ÇAYCUMA.,41.399711,32.085511,Shell,True,False
ÇAYCUMA KAVŞAĞI,41.399963,32.086426,Shell,True,False
ÇERKEŞ.,40.823536,32.844937,Shell,True,False
KARABÜK.,41.195741,32.624301,Shell,True,False
TEKÇAM.,41.318387,33.773252,Shell,True,False
KASTAMONU.,41.368801,33.769991,Shell,True,False
KASTAMONU GİRİŞİ,41.405138,33.790895,Shell,True,False
TAŞKÖPRÜ ÇIKIŞI KASTAMONU.,41.410159,33.804251,Shell,True,False
SARIÖMER,41.450142,33.792584,Shell,True,False
ORGANİZE SANAYİ KASTAMONU,41.50293,33.755271,Shell,True,False
BOYABAT,41.513757,34.748898,Shell,True,False
ALAÇAM SAMSUN,41.614677,35.629458,Shell,True,False
BOZKURT KASTAMONU,41.960255,34.012512,Shell,True,False
BAFRA MERKEZ,41.556647,35.90531,Shell,True,False
19 MAYIS,41.495107,36.077656,Shell,True,False
DEREKÖY SAMSUN,41.467868,36.125298,Shell,True,False
SİNOP MERKEZ,42.007048,35.08767,Shell,True,False
ÜNİVERSİTE EDİRNE.,41.634898,26.6113,Shell,True,False
KİRİŞHANE EDİRNE.,41.656103,26.585688,Shell,True,False
EDİRNE MERKEZ.,41.658957,26.583902,Shell,False,False
EDİRNE ŞÜKRÜPAŞA,41.65909,26.603288,Shell,True,True
KIRKLARELİ GİRİŞİ.,41.713112,27.211961,Shell,True,True
KAVAKLI YOLU KIRKLARELİ.,41.713181,27.212973,Shell,True,False
PINARHİSAR,41.627856,27.495294,Shell,True,False
SARAY TEKİRDAĞ.,41.432702,27.921732,Shell,True,False
VİZE.,41.567977,27.774756,Shell,True,False
ÖMERLİ HADIMKÖY.,41.090301,28.634201,Shell,True,False
AYNALIÇEŞME.,41.117422,28.62823,Shell,True,False
HADIMKÖY.,41.158253,28.613446,Shell,False,False
HASTANE MAH.HADIMKÖY.,41.15262,28.616998,Shell,True,False
BAHÇEŞEHİR 2. KISIM,41.060205,28.688462,Shell,True,False
BAHÇEŞEHİR DURU,41.09893,28.666803,Shell,True,False
BAHÇEŞEHİR SELIN,41.059916,28.699202,Shell,True,False
BAHÇEŞEHİR GÖLET,41.071778,28.693916,Shell,True,False
HALKALI KAVŞAK.,41.033811,28.768103,Shell,True,False
ACIBADEM H-ATAKNT,41.03527,28.77897,Shell,False,True
HALKALI TOKİ.,41.04438,28.782032,Shell,True,True
ÇAMLIK SEFAKÖY,41.028775,28.790692,Shell,True,False
PAPAZKÖPRÜSÜ.,41.024595,28.806325,Shell,True,False
HALKALI.,41.043278,28.803064,Shell,False,False
ARNAVUTKÖY HARAÇÇI,41.179238,28.703011,Shell,True,False
BAŞAKŞEHİR HÜRRİYET BULVARI,41.095796,28.790938,Shell,True,False
BAŞAKŞEHİR ORGANİZE,41.099374,28.789296,Shell,False,False
BAŞAKŞEHİR 1.ETAP.,41.098418,28.79104,Shell,True,False
İKİTELLİ OSB.,41.069535,28.810883,Shell,True,False
MAHMUTBEY KİRAZLI.,41.044741,28.820691,Shell,True,False
KAYAŞEHİR,41.140264,28.772854,Shell,True,False
BAŞAKŞEHİR.,41.084491,28.810711,Shell,True,True
HAYDARPAŞA E 5.,41.004451,29.030391,Shell,True,False
ACIBADEM,41.003157,29.034028,Shell,True,True
ACIBADEM H-KADIKY,41.00734,29.04295,Shell,False,True
ÜSKÜDAR,41.027547,29.026221,Shell,True,False
FATİH İSTANBUL.,41.016648,28.955048,Shell,False,False
ACIBADEM H-ALTUN,41.01998,29.04555,Shell,False,True
BİLGİLİ H-AKARETLER,41.04336,29.00248,Shell,False,True
KÜÇÜK PİYALE,41.03816,28.968062,Shell,True,True
BAĞDAT CADDESİ,40.975227,29.052393,Shell,False,False
PİYALEPAŞA.,41.04051,28.967347,Shell,True,False
CONRAD HOTEL,41.04699,29.00949,Shell,False,False
IHLAMUR.,41.055981,28.997641,Shell,True,False
BULGURLU.,41.016814,29.076112,Shell,True,False
ZEYTİNBURNU MERKEZ.,41.002221,28.919801,Shell,True,True
BARBAROS İSTANBUL.,41.061408,29.011009,Shell,False,False
ÇENGELKÖY ASYA,41.04893,29.054558,Shell,False,False
MECİDİYEKÖY.,41.065701,29.002253,Shell,False,False
MUSTAFAKEMAL,40.996981,29.088803,Shell,True,False
CEVİZLİBAĞ.,41.016788,28.912789,Shell,True,False
SHELL GENEL MÜDÜRLÜK,41.06936,29.0045,Shell,False,True
ERENKÖY.,40.970811,29.083651,Shell,False,True
ZİNCİRLİKUYU.,41.069861,29.015251,Shell,False,False
KOZYATAĞI E5,40.9776,29.097,Shell,True,False
RAMİ.,41.045239,28.916858,Shell,True,True
BAYRAMPAŞA.,41.039624,28.911271,Shell,False,False
ÇIRPICI.,41.008035,28.896964,Shell,True,True
SİLAHTAR.,41.066261,28.942971,Shell,False,False
ZEYTİNBURNU HİPODROM,40.995113,28.895016,Shell,True,False
DAVUTPAŞA ÜSTYOL.,41.028091,28.900721,Shell,True,False
DAVUTPAŞA ALTYOL.,41.028131,28.899391,Shell,True,False
ACIBADEM TM-ATAŞHR,40.9856,29.10876,Shell,False,True
MERTER KERESTECİLER,41.017246,28.890513,Shell,True,False
OTOGAR İSTANBUL.,41.034059,28.896971,Shell,True,False
BOSTANCI MERKEZ.,40.957475,29.09752,Shell,False,False
KAĞITHANE.,41.084211,28.978321,Shell,True,True
ACIBADEM UNİVERSİTESİ,40.97858,29.11025,Shell,False,True
LEVENT.,41.087632,29.017555,Shell,False,True
KAĞITHANE OSMANPAŞA.,41.085564,28.968503,Shell,True,True
KÜÇÜKSU CADDESİ,41.033079,29.110774,Shell,True,True
ACIBADEM H-GM,40.9939,29.12622,Shell,False,True
ATAŞEHİR DEFNE,40.97808,29.1234,Shell,False,False
GÜNGÖREN.,41.028271,28.878238,Shell,True,True
ACIBADEM H-ATAŞHR,40.99443,29.12716,Shell,False,True
ANADOLU HİSARI.,41.080019,29.070735,Shell,True,False
İSTANBUL CAD.KÜÇÜKKÖY.,41.070025,28.906638,Shell,False,False
EYÜPSULTAN,41.087447,28.935318,Shell,True,False
KÜÇÜKKÖY.,41.07436,28.905024,Shell,True,False
YEŞİLPINAR.,41.082635,28.916714,Shell,False,False
KAĞITHANE  VADİ,41.101537,28.966462,Shell,True,False
MASLAK ISTANBUL,41.115758,29.023235,Shell,False,False
AKFIRAT.,40.940608,29.369858,Shell,True,True
FATİH MAHALLESİ,40.926254,29.350823,Shell,True,False
KURTKÖY VİAPORT,40.9395,29.317226,Shell,True,False
MECİDİYE.,40.960586,29.291561,Shell,True,False
SILE.,41.167241,29.543791,Shell,True,False
SULTANBEYLİ SON DURAK.,40.982714,29.26674,Shell,True,False
SIRAPINAR,41.110003,29.310759,Shell,True,False
REŞADİYE OHT,41.092171,29.287741,Shell,True,False
ŞEYHLİ,40.905448,29.285367,Shell,False,False
SULTANBEYLİ GİRİŞİ,40.9718,29.2486,Shell,True,False
SULTANBEYLİ ÇIKIŞI,40.975085,29.240501,Shell,True,False
ALEMDAR.,41.026891,29.239771,Shell,False,False
KURTKÖY İSTANBUL.,40.89927,29.26867,Shell,True,False
TAŞDELEN.,41.030867,29.23095,Shell,True,True
VELİBABA,40.898691,29.25965,Shell,True,False
SARIGAZİ YOLU.,40.992681,29.223101,Shell,True,False
SAMANDIRA KAYALAR.,40.98062,29.220293,Shell,True,False
YAKACIK CADDESİ SAMANDIRA,40.97766,29.220509,Shell,False,False
KAYNARCA KUZEY,40.880164,29.259386,Shell,True,False
KAYNARCA YANYOL,40.86951,29.268997,Shell,False,False
ORTADAĞ.,40.958551,29.214726,Shell,True,False
KAYNARCA E-5,40.88088,29.255169,Shell,True,True
KAYNARCA MAHALLESİ,40.875269,29.254279,Shell,True,False
PENDIK KAVSAK.,40.886995,29.239895,Shell,True,False
SAMANDIRA YANYOL,40.989453,29.195367,Shell,False,True
ÇEKMEKÖY AKÇEŞME.,41.013997,29.195361,Shell,True,False
SARIGAZİ.,41.007163,29.190308,Shell,True,False
YAKACIK KARTAL.,40.900044,29.219948,Shell,False,False
YANYOL KARTAL.,40.902543,29.217462,Shell,False,False
PENDİK SAHİL,40.875827,29.232984,Shell,False,False
SOĞANLIK YANYOL.,40.911165,29.195272,Shell,True,False
ACIBADEM H-KARTAL,40.8865,29.20698,Shell,False,True
BARTIN GECEN,41.596091,32.322768,Shell,True,False
KURTKÖY BARTIN.,41.55721,32.413852,Shell,True,False
GÖLBUCAĞI.,41.635701,32.324383,Shell,True,False
IŞIKLAR FENERTEPE OHT,41.195906,28.822402,Shell,True,False
ODAYERİ OHT,41.234504,28.887927,Shell,True,False
BOĞAZKÖY GİRİŞİ..,41.136593,28.811278,Shell,False,False
GÖKTÜRK.,41.1768,28.8902,Shell,False,True
YENİMAHALLE SULTANÇİFTLİĞİ.,41.093561,28.863476,Shell,True,False
SULTANÇİFTLİK.,41.091721,28.864476,Shell,False,False
MAHMUTBEY MERKEZ MAH..,41.059964,28.831348,Shell,True,False
ACIBADEM TM-ZEKER,41.20555,29.04187,Shell,False,True
SARIYER MERKEZ,41.173188,29.053981,Shell,True,False
ÇAYIRBAŞI.,41.156013,29.035747,Shell,False,False
ACIBADEM H-MASLAK,41.12748,29.02459,Shell,False,True
BEYKOZ.,41.130613,29.093542,Shell,False,False
YENİKÖY İSTANBUL.,41.117728,29.064415,Shell,False,True
SULTANGAZİ,41.098683,28.900386,Shell,True,False
KAVACIK İSTANBUL,41.094747,29.097528,Shell,False,True
CUMHURİYET MAHALLESİ İSTANBUL.,41.091306,28.884332,Shell,True,False
KIŞLA CAD.ATIŞALANI.,41.054831,28.875871,Shell,True,False
ESENLER.,41.053873,28.866436,Shell,True,False
KARABAYIR.,41.052231,28.858141,Shell,True,False
ÇEKMEKÖY MERKEZ.,41.032291,29.173701,Shell,False,False
ŞİLE YOLU.,41.036898,29.155549,Shell,True,False
ÜMRANİYE TEPEÜSTÜ.,41.020651,29.129638,Shell,True,False
DUDULLU.,40.999028,29.154951,Shell,True,False
ATAŞEHİR GÜMRÜK,40.98106,29.131103,Shell,True,False
33 LOJİSTİK PETROL,36.93788179999999,34.9327346820312,Soil,False,False
A.ÖZTÜRK PETROL,37.234773644665296,39.76272132275392,Soil,False,False
ACAR PETROL,37.51746138795097,42.45179170000006,Soil,False,False
ACUN KARDEŞLER AKARYAKIT,38.2454759,34.132245,Soil,False,False
ADAPET PETROL,40.796706,29.4410326,Soil,False,False
ADNAN ÖZKAN PETROL,39.14546,34.73915,Soil,False,False
AHMET BİLGEN PETROL,36.3790443,34.0085201,Soil,False,False
AHMET KILIÇ PETROL,40.1605422,34.36684939101565,Soil,False,False
AHMET MACİT,39.6545,36.5861,Soil,False,False
AHT PETROL - SOİL,37.42829494494357,42.80079906899116,Soil,False,False
AK NAKLİYAT,39.1673,30.8624,Soil,False,False
AKAY GÖKPINAR-GÖKPINAR PETROL,38.59541900000002,35.75757332275384,Soil,False,False
AKAY PETROL,37.727041202926,40.4168245137696,Soil,False,False
AKDAĞ PETROL,37.19256441442021,40.58669277724607,Soil,False,False
AKKILIÇLAR PETROL,37.89393846766732,41.14753293652348,Soil,False,False
AKMAZ PETROL,38.21232400000002,39.289436968261725,Soil,False,False
AKSEKİ PETROL,40.6179,34.2973,Soil,False,False
AKSU BİMS PETROL,38.44101,34.74321,Soil,False,False
AKSÜY PETROL,36.84998,34.895,Soil,False,False
ALADAĞ YAMANLAR PETROL,37.024724,32.66871,Soil,False,False
ALAİYYE PETROL,38.4349318,41.79251836826165,Soil,False,False
ALAİYYE PETROL,38.634443815552586,41.85275564550784,Soil,False,False
ALANPET PETROL,37.190502,40.562034,Soil,False,False
ALİ TONGUÇ PETROL,40.216037,28.35968664550785,Soil,False,False
ALİOĞLU PETROL,38.39280871394095,34.03385312275395,Soil,False,False
ALİS PETROL,37.97139041785339,37.52147239999999,Soil,False,False
ALKILINÇ PETROL,38.20493845725494,36.96229724550778,Soil,False,False
ALTAYLAR PETROL,37.087236,41.2407459,Soil,False,False
ALTIYILDIZ PETROL,37.763734353287816,30.55610825927738,Soil,False,False
ANGÜL PETROL,38.398387,40.547885,Soil,False,False
ARB AKARYAKIT PETROL,38.39779,40.41495,Soil,False,False
ARSLAN PETROL,37.1024,36.5559,Soil,False,False
ARSLANLI PETROL,36.9328819,39.004046,Soil,False,False
AS AĞA IŞIK PETROL,38.2986,39.7254,Soil,False,False
ASHAN DURAN PETROL,37.414602627064205,41.37342999999999,Soil,False,False
AŞIK İHSAN OĞLU PETROL,39.7060386,35.3688483,Soil,False,False
ASYA GRUP PETROL,39.81986088806499,34.79422360000001,Soil,False,False
ATAŞ AKBUDAK PETROL,37.42537,37.692303582031286,Soil,False,False
ATAŞSALAR PETROL,38.774389000000006,39.20915693652341,Soil,False,False
ATLAMMAĞIN PETROL,37.91780315552172,41.140897,Soil,False,False
AVC PETROL,37.7288571,39.3076511,Soil,False,False
AYDINER PETROL,36.92363546537453,32.49488212275389,Soil,False,False
AYDINLAR PETROL,39.94784,32.7059622,Soil,False,False
AYKAR AKARYAKIT,39.773213,39.420395,Soil,False,False
AYKAR PETROL,39.74653302632703,39.492840613769545,Soil,False,False
AZAD AGA PETROL,37.37347622774804,36.09776632275384,Soil,False,False
BADAYPET PETROL,37.322515,40.740611,Soil,False,False
BAĞCA PETROL,36.335691824056006,33.40084061376956,Soil,False,False
BAHATTİN KANDEMİR - SOIL,38.75998972998843,36.45920547786507,Soil,False,False
BAKLAN PETROL,37.74936199999999,29.049525291015694,Soil,False,False
BARAK PETROL-2,37.04612969584768,37.42321460000001,Soil,False,False
BAYLAR ZAHİRE,40.2667,36.0783,Soil,False,False
BAYRAM EMRE ŞAHİN PETROL,37.06748410424111,35.35665105781254,Soil,False,False
BAYRAM YADİGAR,40.55413066788739,34.92440087657749,Soil,False,False
BAYSAK PETROL -SOİL,40.41496683618877,31.59889113495068,Soil,False,False
BEDİRHANOĞLU AKARYAKIT,38.3379,43.4218,Soil,False,False
BEKTAŞ PETROL,39.913,28.9863,Soil,False,False
BENCE GELENDOST PETROL,38.120560903838886,31.01717725927733,Soil,False,False
BERKE CAN ÇOMAK PETROL,39.09874,28.97809,Soil,False,False
BERZAN İZOL İNŞAAT PETROL,37.2157,38.7749,Soil,False,False
BEŞİKDAĞ PETROL,41.05204835752597,39.231081338623085,Soil,False,False
BEŞPET AKARYAKIT ALTIEYLÜL,39.6099632,27.8721676,Soil,False,False
BEŞPET AKARYAKIT BABAESKİ,41.402913,27.160874,Soil,False,False
BEŞPET AKARYAKIT DÜZCE,40.91404,31.147039,Soil,False,False
BEŞPET AKARYAKIT EDİRNE,41.15276799999999,26.666727,Soil,False,False
BEŞPET AKARYAKIT EYYÜBİYE,37.1674039,38.7955149,Soil,False,False
BEŞPET AKARYAKIT HALİLİYE,37.1623976,38.834759,Soil,False,False
BEŞPET AKARYAKIT KARAKÖPRÜ,37.3214043,38.7786956,Soil,False,False
BEŞPET AKARYAKIT KAYNAŞLI,40.776033,31.303863,Soil,False,False
BEŞPET AKARYAKIT LÜLEBURGAZ,41.35971199999999,27.422708,Soil,True,False
BEŞPET AKARYAKIT SİLİFKE,36.37633,33.925311,Soil,False,False
BEŞPET AKARYAKIT TOROSLAR,37.0356378,34.3754414,Soil,False,False
BEŞPET AKARYAKIT TOSYA,41.0174189,34.0374679,Soil,False,False
BETÜL AÇICI,37.411876,35.918544,Soil,False,False
BEYNER PETROL,38.71897329999999,35.5627516,Soil,False,False
BEYPET PETROL,36.9165612,34.898986750293034,Soil,False,False
BEYPET-2 PETROL,36.8010652,34.6005349,Soil,False,False
BİROL BEY PETROL,39.6852228,28.077838145507823,Soil,False,False
BİROL BEY-2 PETROL,39.6855035,28.156451968261763,Soil,False,False
BİŞAROĞULLARI PETROL,38.132205646918905,41.23706864550786,Soil,False,False
BONUS AKARYAKIT,39.0132,31.1264,Soil,False,False
BURHAN ÇELEBİ,40.5773,42.0373,Soil,False,False
BÜYÜKKURT PETROL,37.5416709,36.7899001,Soil,False,False
ÇAĞ-DAŞ PETROL,37.8061,28.3139,Soil,False,False
ÇAĞDAŞ71 PETROL,39.84301359146615,33.46531700000003,Soil,False,False
ÇAĞLAK PETROL,38.91710042472589,27.851656400000024,Soil,False,False
CAN PETROL,39.295479,28.228081,Soil,False,False
ÇAYELİ ALBAYRAK PETROL,40.94183499335961,37.89104067724611,Soil,False,False
ÇEÇENLER PETROL,38.33664782629753,33.240121436523395,Soil,False,False
ÇELİKHAN 07 PETROL,38.213238,38.026425,Soil,False,False
ÇELİKTAÇ AKARYAKIT,37.5433,34.5252,Soil,False,False
CEMALOĞLU PETROL,40.0658,35.5,Soil,False,False
CERENLER PETROL,38.263376,37.185375,Soil,False,False
ÇETİN KARDEŞLER,38.24236,32.19569,Soil,False,False
ÇETİN PETROL,38.774389000000006,39.20915693652341,Soil,False,False
CEYLİN PETROL,37.935141881616325,41.9513932772461,Soil,False,False
ÇİÇEK BİR PETROL,39.63203163107347,34.45891251376952,Soil,False,False
ÇİFTÇİ PETROL,38.49728129002062,33.05192820419916,Soil,False,False
ÇİLEM AKARYAKIT,37.503129,34.817174,Soil,False,False
CİNDAYI PETROL,37.41953267000738,31.84855932275389,Soil,False,False
CİZRE ÇİMEN PETROL-SOİL,37.3149663592392,42.22888248516339,Soil,False,False
COŞANDAL PETROL,37.17117270000002,39.07141872275383,Soil,False,False
CUMA KIZOĞLU PETROL,37.75168337112066,39.684887322753866,Soil,False,False
CYM YAPI,37.95909,41.84628,Soil,False,False
DAĞ-TUR TURİZM İŞLETMELERİ,37.245564,31.922968,Soil,False,False
DAVUT PETROL,36.8453458,36.17083179999999,Soil,False,False
DEĞİRMEN GRUP PETROL,37.8551,41.1718,Soil,False,False
DEMİREL PETROL,39.88745723511224,44.00483650000001,Soil,False,False
DEMİRTAŞ PETROL,37.0794759,36.2597068,Soil,False,False
DENİZ ÖZER PETROL,37.894025,34.561777,Soil,False,False
DEVSA AKARYAKIT,37.2213985,38.8007622,Soil,False,False
DİCLE PETROL,37.255071794708,42.10983599999997,Soil,False,False
DİLANTUR PETROL,41.21217314825142,36.80188027724603,Soil,False,False
DİLİUZ PETROL,37.4584819103186,37.25786425996091,Soil,False,False
DİNLER PETROL,41.0705828274068,31.180624154394536,Soil,False,False
DMR33 PETROL - SOIL,36.8644,34.7733,Soil,False,False
DOĞANLAR PETROL,36.945244,38.470371,Soil,False,False
DOĞUŞ AKARYAKIT,38.4721,33.9033,Soil,False,False
DÖŞLÜ PETROL,36.8121041,34.64285439101559,Soil,False,False
DOSTLAR LOJİSTİK PETROL,37.36482,40.26616,Soil,False,False
DURU NAKLİYE PETROL,39.93222638858965,33.94535967666013,Soil,False,False
EFDAL PETROL,39.814139587513225,35.190380000000005,Soil,False,False
EKDEM PETROL,39.73081,32.8094,Soil,False,False
ELİF PETROL,37.52153750282631,42.449099899999965,Soil,False,False
EMİN ABDULAH ÇETİN,37.52536,34.564585,Soil,False,False
EMİN ERCANLAR OTOMOTİV PETROL,37.974528235285256,32.51646631155217,Soil,False,False
EMİR ALİ CERAN PETROL,38.20653700000001,37.19410596826174,Soil,False,False
EMRE ÖZER PETROL,38.7532205,35.3847435,Soil,False,False
EMRE ÖZER-İNCİ PETROL,39.065,34.3486,Soil,False,False
ER-AR PETROL,39.719074,43.050591,Soil,False,False
ERAS AKARYAKIT,38.404238,33.981984,Soil,False,False
ERDOĞAN ÇETİNKAL-GÖKHAN PETROL,40.1988,27.6088,Soil,False,False
ERGÜN ÜÇKARDEŞ PETROL,38.109454,39.48262442275393,Soil,False,False
ERPINAR PETROL,37.43527859088362,34.18685500000004,Soil,False,False
ERŞAN AKARYAKIT,39.8291,28.1258,Soil,False,False
ERYURT AKARYAKIT,38.4443965,35.796758,Soil,False,False
ESAPET ENERJİ PETROLCÜLÜK,40.451939,39.737083,Soil,False,False
ESAPET ŞANLIURFA,37.125893,38.8098271,Soil,False,False
ETRA PETROL,36.94743974364233,34.358391541308606,Soil,False,False
ETRA-2 PETROL,36.93494550778942,34.29771800000003,Soil,False,False
EZSA PETROL,39.49942633422396,34.758223000000044,Soil,False,False
FATİH CİHAN AKSU,37.07544,36.06207,Soil,False,False
FEDİL KÖÇER PETROL,38.82462997245637,42.3263173682617,Soil,False,False
FERDİ ÇAKIR PETROL,36.8826365,34.99785858203131,Soil,False,False
FETİH PETROL,41.968479,34.04029461376956,Soil,False,False
FEYYAZ GÜNDOĞAN PETROL,36.863131,39.024276,Soil,False,False
FEZCAN PETROL,37.926913770212806,41.28336802275385,Soil,False,False
FİDANLAR PETROL I - SOIL,39.701377,43.04787,Soil,False,False
FIRAT ASLANKILIÇ,39.65075,43.01256,Soil,False,False
FM ER PETROL,37.8862192,35.10678,Soil,False,False
FUAT DABAN I - SOIL,38.54728,28.63911,Soil,False,False
GAZİ ERGÜN-ERGÜN PETROL,38.67505,31.65274,Soil,True,False
GESAN PETROL,41.03745323318422,39.07992524609381,Soil,False,False
GEZEN PETROL,38.26388484077966,36.22185729101557,Soil,False,False
GÖKPET PETROL,38.602241366588565,35.74062142963862,Soil,False,False
GÖR KARDEŞLER PETROL,41.15102797333083,35.505668000000014,Soil,False,False
GÜCE PETROL,40.89343117462128,38.80763000000002,Soil,False,False
GÜMÜŞ PETROL,38.24047039792313,34.66223154550778,Soil,False,False
GÜMÜŞAY PETROL,38.462701,33.765345,Soil,False,False
GÜNAYLAR PETROL,38.33792058339548,43.184470122753964,Soil,False,False
GÜRBÜZ MEYDAN PETROL,38.3531921,40.3818758,Soil,False,False
Gürbüzoğulları Petrol 1,37.41303262010439,31.84669098678456,Soil,False,False
Gürbüzoğulları Petrol 2,37.3851502199926,32.07123949703316,Soil,False,False
GÜVENOĞLU PETROL,37.25479926559896,42.393860700000005,Soil,False,False
GÜVENOĞULLARI PETROL,38.914734,41.513052,Soil,False,False
HACIÖMEROĞULLARI PETROL,37.055187009891405,40.458664,Soil,False,False
HAKAN ŞAHİN PETROL,39.64161199999999,34.469425,Soil,False,False
HALAFOĞULLARI PETROL,36.71334900000001,38.94844,Soil,False,False
HAS OVAM PETROL,38.68479899492381,41.69077800000002,Soil,False,False
HASAN AKAN PETROL,38.9383101376262,33.00601400000005,Soil,False,False
HASAN ERTAŞ PETROL,37.41596605195789,41.37308667724608,Soil,False,False
HATAY ASEL AKARYAKIT,38.1694998,34.938406,Soil,False,False
HAYAT AKARYAKIT,37.8533,32.6613,Soil,False,False
HİZMET PETROL,36.786051959849885,39.432617645507776,Soil,False,False
HMA PETROL,40.64262149166731,30.54009700000006,Soil,False,False
HMA-2 PETROL,40.65158742610984,30.563619099999983,Soil,False,False
İBRAHİM FEVZİOĞLU PETROL,36.71334900000001,38.94844,Soil,False,False
İDA ÇAN KALE ENERJİ AKARYAKIT ÇANAKKALE,40.0073,26.9567,Soil,False,False
İDA ÇAN KALE ENERJİ AKARYAKIT MERSIN,36.86449,34.77663,Soil,False,False
İĞDELİ PETROL,38.30503100000001,32.86901008203131,Soil,False,False
İKRAM ALPER PETROL,37.409341,41.3737937,Soil,False,False
İMAM KARAHAN,36.81698316403182,37.3304997920654,Soil,False,False
İNVEST KIYMETLİ MADENLER,37.57751424357615,38.962799804815205,Soil,False,False
İSA ZAMUR PETROL,36.84166176017891,38.93960400000003,Soil,False,False
İSMAİL TERECİ PETROL,37.9732924110749,34.677637968261706,Soil,False,False
İSMET ÖZER PETROL,38.67370510000001,35.95871614492194,Soil,False,False
İZZEDDİNOĞULLARI PETROL,36.960449658780696,38.9047585592773,Soil,False,False
KADAS PETROL,37.163931,36.771802,Soil,False,False
KADİR CENGİZ,40.9984,35.7922,Soil,False,False
KAMER PETROL,36.76077990000001,32.185806455078136,Soil,False,False
KAPLAN BARIŞ AKARYAKIT,39.9385,33.4042,Soil,False,False
KARAERLER PETROL,38.24518528852189,32.20958461376949,Soil,False,False
KARAOSMANOĞULLARI PETROL,39.383709519951,33.69931412753908,Soil,False,False
KARAYER PETROL,37.330041,38.22098,Soil,False,False
KARTAL62 PETROL,38.84435000000003,39.27192632275387,Soil,False,False
KEMAL SEÇKİN / SOİL,39.48697980685548,39.895784645507774,Soil,False,False
KENAN GENÇ-SEYİTLER PETROL,38.559973,38.239657,Soil,False,False
KILIÇLI PETROL,36.992045,40.21299500000001,Soil,False,False
KLASPET PETROL,38.135972800000005,39.46305193652347,Soil,False,False
KOCAMANLAR PETROL,38.53370699999999,42.31837081376955,Soil,False,False
KORCAN PETROL,39.84192709217744,35.164152100000024,Soil,False,False
KORKUT PETROL,38.36577551336951,40.07672332275388,Soil,False,False
KÖROĞLU ÇİFTÇİ PETROL,39.085838,42.299365,Soil,False,False
KSC PETROLCÜLÜK ANONİM ŞİRKETİ,38.762737791597175,27.690332773046865,Soil,False,False
LVN AKARYAKIT,39.8397835,33.5088782,Soil,False,False
MAHMUT ZEYREK PETROL,39.855495889562434,37.39026764550783,Soil,False,False
MAHMUTOĞULLARI PETROL,37.164976,38.7943022,Soil,False,False
MECİT ÖZDEMİR PETROL,39.04161301878172,32.641628984130875,Soil,False,False
MEHMET BİLGE PETROL,36.33845744346029,33.40187058203128,Soil,False,False
MEHMET KORKMAZ PETROL,36.96118989827015,36.20484994306639,Soil,False,False
MEHMET ŞAHİN PETROL,39.64134762377368,34.46942509999997,Soil,False,False
MEKAN PETROL,37.248426709189765,42.47198664550774,Soil,False,False
MERDAN PETROL,37.42727443508561,42.883473922753865,Soil,False,False
MERGE PETROL,37.850055,40.668688,Soil,False,False
MESUT ARSLAN ARSLAN MEHMET,40.650022,33.603024,Soil,False,False
MEZİTLER PETROL,39.9561,29.6638,Soil,False,False
MİRES PETROL,38.530941,43.392262,Soil,False,False
MSB GLOBAL AKARYAKIT,36.80099999999999,34.6003,Soil,False,False
MUHAMMET YILMAZ PETROL,38.6694557,39.2486018,Soil,False,False
MUHARREM YALÇIN PETROL,40.397399,35.5263019365234,Soil,False,False
MURATBEY PETROL,37.1085144,38.8257189,Soil,False,False
MURTAZA AYGÜN PETROL,38.35467594518744,34.437148745507784,Soil,False,False
MURZAN PETROL,37.070191774809686,41.21399700000006,Soil,False,False
MUSTAFA ELÇİ PETROL,36.725126,39.113083,Soil,False,False
MUSTAFA GÜL PETROL,36.9165612,34.8952102,Soil,False,False
MUT PET AKARYAKIT,38.271447,34.695375,Soil,False,False
MUTLUKENT PETROL-1,40.8226372,29.416807,Soil,False,False
MUTLUKENT PETROL-2,40.8319192,29.4265651,Soil,False,False
NASUFOĞULLARI PETROL,38.120831,31.01717725927733,Soil,False,False
NB HAN PETROL,38.5484105,43.4013329,Soil,False,False
NECDET ZERDALİ PETROL,38.22829599999999,27.97827522753903,Soil,False,False
NECLA ŞIHOĞULLARI PETROL,41.700454,26.438729,Soil,False,False
NEJDET AKPINAR PETROL,39.9054993,41.2658236,Soil,False,False
NEVZAT YÜCE PETROL,37.796599999999984,37.91647329101556,Soil,False,False
NS PETROL,41.442443,31.796131,Soil,False,False
NUR PETROL,37.543032108453005,36.79264658203124,Soil,False,False
NUR-OL PETROL,36.91877293743755,35.274383291015624,Soil,False,False
NUR-PET PETROL,37.7171,33.4834,Soil,False,False
NURSAN PETROL,37.23668700609489,39.76237800000001,Soil,False,False
NURTEPE PETROL,38.56958729999998,42.04143507304684,Soil,False,False
OĞUZHAN ÖZALTIN PETROL,38.2811,33.0211,Soil,False,False
OKUYUCULAR PETROL,38.731258700000005,39.18993046826176,Soil,False,False
OLGUNBEY PETROL,37.6043439923482,38.19105993652352,Soil,False,False
OLTU PETROL,40.82523219974925,42.13774821074219,Soil,False,False
ÖMER ÖZKAN PETROL,37.20160214337879,39.29051436826171,Soil,False,False
ÖMEROĞULLARI PETROL,38.58683991566076,34.14444332275389,Soil,False,False
ÖMSE AKARYAKIT,36.9057,31.1937,Soil,False,False
ÖMSE PETROL,37.02458132143565,31.18036912499997,Soil,False,False
ORUÇ HAN PETROL,37.850055,40.668688,Soil,False,False
ORUÇLAR PETROL,38.24659251506595,33.44883809999999,Soil,False,False
OSMAN DOĞANTÜRK PETROL,36.9660464,38.4350372,Soil,False,False
OSYA PETROL,37.203126,37.34203673652337,Soil,False,False
OYA ALTAY,39.6323366,43.3801017,Soil,False,False
OYA ALTAY,39.6533842,43.3562699,Soil,False,False
OYSALKIZILAY PETROL,37.92381,41.93035,Soil,False,False
ÖZ AKARYAKIT,38.208737,30.742392,Soil,False,False
ÖZ BİLİCAN PETROL,39.0965599,42.26808918650818,Soil,False,False
ÖZ ELEZOĞLU PETROL,41.00243780112149,39.716763300000025,Soil,False,False
ÖZ KARANFİL PETROL,38.845927,35.87949925927728,Soil,False,False
ÖZ KARANFİL-2 PETROL,38.82806784419248,35.64489858203126,Soil,False,False
ÖZ MAHMUDİYE SORMAZ AKARYAKIT,39.18914900407411,30.8292256853264,Soil,False,False
ÖZ TEPE ÇELEBİ PETROL,38.1482034,40.99574503652343,Soil,False,False
ÖZÇELİK PETROL,38.25395627492255,40.78048165952452,Soil,False,False
ÖZDEMİRLER PETROL,37.07605325017968,35.46998338203127,Soil,False,False
ÖZELLER PETROL,38.06332090329305,30.16527964912109,Soil,False,False
ÖZGÜMÜŞLER PETROL,36.257004631365696,36.185796966168255,Soil,False,False
ÖZKANMED PETROL,37.23450030335396,39.76375129101564,Soil,False,False
ÖZKİLİSLİLER PETROL,37.30220163376671,32.72195245927742,Soil,False,False
ÖZMEN GLOBAL PETROL,36.7631365,34.5505053,Soil,False,False
ÖZSARAÇOĞLU PETROL,40.50678764555409,34.58803788833848,Soil,False,False
ÖZTAÇPET PETROL NAKLİYE LİMİTED ŞİRKETİ I SOİL,38.8831,35.1425,Soil,False,False
PEKTAŞ PETROL,38.03784479744485,41.70643932275391,Soil,False,False
PERTEK-2 PETROL,38.86750268968287,39.32490932275391,Soil,False,False
PERVARİ PETROL,37.9330227894224,42.5457482544922,Soil,False,False
RAFET YILDIRIM PETROL,39.7237821,43.0545034,Soil,False,False
RECEP DEMİR-DEMİROĞLU TİCARET,40.25882,28.19387,Soil,False,False
REFİ TAVİLOĞLU ORTAKLIĞI,40.3992,27.7955,Soil,False,False
S.S. TURHAL PETROL,40.266031300000016,36.076788345507794,Soil,False,False
SADIK PETROL,40.3807278,36.0924471,Soil,False,False
SAFİYE MADAK PETROL,39.92112769647877,44.02482740000005,Soil,False,False
ŞAHİN ALTUNBULAK PETROL,39.1846788,36.0758157,Soil,False,False
SALMAN PETROL,40.82745198215802,37.01216190000002,Soil,False,False
SARAÇÇEŞME PETROL,36.9548161071706,40.14537744550785,Soil,False,False
SARIOĞLU,41.1685,35.4348,Soil,False,False
SARPET PETROL,36.82836194965247,34.63965655927734,Soil,False,False
SARUHANLI PETROL,38.751021125996246,27.601675746032697,Soil,False,False
SEÇER PETROL,37.9089222,28.4575204,Soil,False,False
ŞEFİK MEŞE PETROL,39.01849444268483,31.791410306884814,Soil,False,False
ŞEFKAT PETROL,37.2277396341784,39.76804867724604,Soil,False,False
ŞENSA PETROL,38.14095497929459,41.01452371376956,Soil,False,False
SERGÜL PETROL,36.93645318283672,34.90274235927734,Soil,False,False
ŞERİFE ESER PETROL,40.8113249,32.891471422753966,Soil,False,False
SERKAN KARAHAN PETROL,39.8211209,40.034000313769525,Soil,False,False
SEVDAKAR SABER,39.6721,35.5288,Soil,False,False
SEVİNDİR PETROL,40.30554480000001,35.896711377246106,Soil,False,False
SEVİNDİR PETROL,40.3106582,35.9141247,Soil,False,False
SEVSA PETROL,37.92678292580907,41.68556734550782,Soil,False,False
SİLOPİ SEFA PETROL,37.24815341738834,42.47129999999993,Soil,False,False
SİMYA PETROL,37.78327958117399,37.642411591015616,Soil,False,False
ŞIRNAK 5NOLU MOTORLU TAŞIYICI PETROL,37.4708864,42.3567048,Soil,False,False
SO PETROL,38.4934,37.5818,Soil,False,False
SONER KARDEŞLER PETROL,38.20503315620208,32.38193572275395,Soil,False,False
SÖNMEZ KARDEŞLER PETROL,40.154595,32.66410312753908,Soil,False,False
SOSA PETROL,37.78825561906071,38.61763170898439,Soil,False,False
ŞURTEKS PETROL,37.15734846138345,39.06723929101565,Soil,False,False
TAMER PETROL,39.63681442236626,34.466881899999976,Soil,False,False
TAYFANLAR PETROL,38.3684,41.8156,Soil,False,False
TEKİN PETROL,38.4903,29.6836,Soil,False,False
TEMELLER PETROL,41.16840266709104,31.500711000000024,Soil,False,False
TİREBOLU KARPET PETROL,40.974140000000034,38.887804740722686,Soil,False,False
TOPÇUOĞULLARI PETROL,40.97941110000001,37.89020957724608,Soil,False,False
TOZOĞLU PETROL,38.89744859906766,31.99546464550781,Soil,False,False
TURER PETROL,41.056908,28.996403,Soil,False,False
TURGUT AK PETROL,40.8295307745373,31.04529974238278,Soil,False,False
UÇAR PETROL,36.85360743549397,40.04739800000005,Soil,False,False
ÜÇYOL PETROL,37.72277920469461,40.41554383652351,Soil,False,False
UGUR ASLAN BEY PETROL,37.1674039,38.7955149,Soil,False,False
UĞUR PETROL,38.41731602667798,34.36203709999995,Soil,False,False
ULUYURT PETROL,40.49162,32.476536,Soil,False,False
URAL AKARYAKIT PETROL,36.790293,38.954516,Soil,False,False
VELİOĞLU PETROL,37.19966309999592,40.24321776171882,Soil,False,False
VEYSİOĞULLARI PETROL,38.1937,39.8436,Soil,False,False
YAKACIK AKARYAKIT,37.873058,32.499695,Soil,False,False
YAKACIK PETROL,37.88385,32.49861,Soil,False,False
YAKUP BALLİ,39.1,42.2741,Soil,False,False
YANIKOĞULLARI PETROL-1,40.8524517,34.8259924,Soil,False,False
YANIKOĞULLARI PETROL-2,40.7756319,34.8868627,Soil,False,False
YARICI PETROL,37.577102,30.03405,Soil,False,False
YASİN DAŞ PETROL,37.1346358,38.7994376,Soil,False,False
YAZGAN PETROL,37.89402499999999,34.56212032275391,Soil,False,False
YAZPET-2 PETROL,38.020381999999984,36.49624229101562,Soil,False,False
YENİ GÜVEN PETROL,37.61123493051582,40.49621052275393,Soil,False,False
YERKÖY DENİZ PETROL,39.64134762377368,34.46942509999997,Soil,False,False
YESAR PETROL,39.8076,35.1996,Soil,False,False
YEŞİLTEPE PETROL,38.43327689682442,33.729763122753866,Soil,False,False
YİĞİT PETROL,40.552307800000015,41.99992089101556,Soil,False,False
YIKILMAZ PETROL,39.19899854063512,35.23545119999994,Soil,False,False
YILDIZ ARTI PETROL,37.183333000000005,37.43436296826167,Soil,False,False
YILKAR PETROL,40.72302152897051,39.08732725449215,Soil,False,False
YILMAZLAR PETROL,36.81233673199652,35.560676936523464,Soil,False,False
YILMAZOĞLU PETROL,39.354024,39.185618645507816,Soil,False,False
YÜCEL PETROL,37.065679,37.35543512753907,Soil,False,False
ZADE KARDEŞLER PETROL,40.83673475025257,35.647658936523385,Soil,False,False
ZAZAOĞLU PETROL,40.51984909999998,34.76157624550774,Soil,False,False
ZEKİ HANSU PETROL,39.71933807884682,43.05127764550775,Soil,False,False
ZEYNEL ABİDİN PETROL,37.035829665984345,38.9831445455078,Soil,False,False
ZEYNELABİDİN PETROL,37.0217865,39.0053539,Soil,False,False
TotalEnergies FINDIKLI,41.280752,41.153746,TotalEnergies,False,False
TotalEnergies İNCİRLİK,36.974639,35.490972,TotalEnergies,False,False
TotalEnergies GÜVERCİNLİK,36.88045,31.25607,TotalEnergies,False,False
TotalEnergies ABANT,40.71846,31.4708,TotalEnergies,False,False
TotalEnergies KIBYRA,37.28832,29.55473,TotalEnergies,False,False
TotalEnergies ŞEHİTLER,40.1324,29.4096,TotalEnergies,False,False
TotalEnergies ORHANİYE,40.0981,29.5156,TotalEnergies,False,False
TotalEnergies KONAKLI MH.,40.630711,35.21921,TotalEnergies,False,False
TotalEnergies ERZİNCAN MERKEZ,39.7923,39.3886,TotalEnergies,False,False
TotalEnergies EMNİYET,39.744426,39.508463,TotalEnergies,False,False
TotalEnergies ÜZÜMLÜ,39.6057,39.8385,TotalEnergies,False,False
TotalEnergies PORSUK,39.7595,30.5692,TotalEnergies,False,False
TotalEnergies HAKKARİ,37.576079,43.738229,TotalEnergies,False,False
TotalEnergies KARABURUN,38.63703,26.51325,TotalEnergies,False,False
TotalEnergies PINARBAŞI,38.43928,27.25537,TotalEnergies,False,False
TotalEnergies BOĞAZKÖPRÜ-2,38.764888,35.298901,TotalEnergies,False,False
TotalEnergies KAYSERİ OSB-1,38.697042,35.382881,TotalEnergies,False,False
TotalEnergies BÜYÜKKARIŞTIRAN,41.286225,27.559142,TotalEnergies,False,False
TotalEnergies BABAESKİ,41.446672,27.052855,TotalEnergies,False,False
TotalEnergies SULTANHİSAR,37.88533,28.15518,TotalEnergies,False,False
TotalEnergies DARICA,40.780422,29.407665,TotalEnergies,False,False
TotalEnergies MAŞTİ,38.34126,38.25828,TotalEnergies,False,False
TotalEnergies DOĞANŞEHİR,38.09578,37.88023,TotalEnergies,False,False
TotalEnergies TEPEBAŞI,38.21831,37.19719,TotalEnergies,False,False
TotalEnergies TERME MERKEZ,41.2132,36.9535,TotalEnergies,False,False
TotalEnergies EMİREFENDİ,41.556846,35.907118,TotalEnergies,False,False
TotalEnergies AKÇAY,41.146034,37.13425,TotalEnergies,False,False
TotalEnergies KİRAZLIK BAYRAK,41.234506,36.415821,TotalEnergies,False,False
TotalEnergies KARAKÖPRÜ,37.22794,38.81252,TotalEnergies,False,False
TotalEnergies NOHUTOVA,38.680664,29.636503,TotalEnergies,False,False
TotalEnergies KAYSERİ YOLU,39.8203,33.48,TotalEnergies,False,False
TotalEnergies KİLİS OSB,36.720737,37.217453,TotalEnergies,False,False
TotalEnergies ELMALI,36.6945,29.9183,TotalEnergies,False,False
TotalEnergies TAŞOVA,40.7532,36.3321,TotalEnergies,False,False
TotalEnergies SUSURLUK BATI,39.922894,28.131784,TotalEnergies,False,False
TotalEnergies HAVRAN,39.5574,27.1196,TotalEnergies,False,False
TotalEnergies İZMİR YOLU,39.2357,26.761,TotalEnergies,False,False
TotalEnergies ODUNLUK,40.2058,28.9962,TotalEnergies,False,False
TotalEnergies İNEGÖL MERKEZ,40.0789,29.5215,TotalEnergies,False,False
TotalEnergies KEPEZ,40.092096,26.389105,TotalEnergies,False,False
TotalEnergies BAĞLARBAŞI,37.0414,37.3289,TotalEnergies,False,False
TotalEnergies LALEBAHÇE,37.8446,32.4564,TotalEnergies,False,False
TotalEnergies MERAM,37.8139,32.4333,TotalEnergies,False,False
TotalEnergies GÜNEŞLİ,41.030975,28.814469,TotalEnergies,False,False
TotalEnergies DİKİLİ SALİHLER,39.167269,26.840018,TotalEnergies,False,False
TotalEnergies IŞIKKENT,38.431361,27.223254,TotalEnergies,False,False
TotalEnergies ORTAKLAR,37.8913,27.4861,TotalEnergies,False,False
TotalEnergies ÜÇKUYU,38.6948,35.1207,TotalEnergies,False,False
TotalEnergies DALAMAN,36.8084,28.8154,TotalEnergies,False,False
TotalEnergies GÜLLÜK MERKEZ,37.2423,27.6071,TotalEnergies,False,False
TotalEnergies ORTACA,36.8466,28.71,TotalEnergies,False,False
TotalEnergies ERBAA İPEKYOLU,40.681485,36.544054,TotalEnergies,False,False
TotalEnergies MALATYA,38.3511982839831,38.304990610947,TotalEnergies,False,False
TotalEnergies ÜNYE TÜNEL,41.126747,37.221807,TotalEnergies,False,False
TotalEnergies İMRANLI,39.8711171943069,38.1377179762549,TotalEnergies,False,False
TotalEnergies TUZLA HAL,40.8554,29.3682,TotalEnergies,False,False
TotalEnergies İNEGÖL - 1,40.089726,29.5124847,TotalEnergies,False,False
TotalEnergies MARDİN,37.321777,40.724812,TotalEnergies,False,False
TotalEnergies FİDANGÖR,40.9688,37.89746,TotalEnergies,False,False
TotalEnergies ARGAVLI,37.8198,27.4881,TotalEnergies,False,False
TotalEnergies ADNAN MENDERES BULVARI,39.816727,34.787196,TotalEnergies,False,False
TotalEnergies DİDİM KAVŞAĞI,37.503333,27.336667,TotalEnergies,False,False
TotalEnergies MERSİN YOLU,37.159901,33.213901,TotalEnergies,False,False
TotalEnergies CİZRE,37.361301,42.232501,TotalEnergies,False,False
TotalEnergies EREĞLİ,41.243596,31.405516,TotalEnergies,False,False
TotalEnergies OSB,38.291653,34.014053,TotalEnergies,False,False
TotalEnergies KEMERBURGAZ,41.1694,28.9051,TotalEnergies,True,False
TotalEnergies EDREMİT,38.422609,43.2411435,TotalEnergies,False,False
TotalEnergies KARS,40.615556,43.111436,TotalEnergies,False,False
TotalEnergies SUSURLUK,39.84471,28.14499,TotalEnergies,False,False
TotalEnergies TURGUTREİS,37.009172,27.26583,TotalEnergies,False,False
TotalEnergies SARIÇAM,37.033053,35.411675,TotalEnergies,False,False
TotalEnergies BARAJYOLU,41.007988,29.180977,TotalEnergies,False,False
TotalEnergies BARBAROS,40.766432,29.773106,TotalEnergies,False,False
TotalEnergies PARK PLAZA,40.268876,28.948543,TotalEnergies,False,False
TotalEnergies GÜLŞEHİR,38.741,34.6584,TotalEnergies,False,False
TotalEnergies KUZEYKENT,41.41909,33.79431,TotalEnergies,False,False
TotalEnergies M.KEMAL PAŞA,40.032937,28.377028,TotalEnergies,False,False
TotalEnergies MECİTÖZÜ,40.525237,35.296138,TotalEnergies,False,False
TotalEnergies KOZLU,41.43806,31.74667,TotalEnergies,False,False
TotalEnergies EDİRNE,41.666194,26.573972,TotalEnergies,False,False
TotalEnergies KEŞAP,40.926535,38.5537,TotalEnergies,False,False
TotalEnergies SAKARYA STADYUM,40.776505,30.420872,TotalEnergies,False,False
TotalEnergies İZMİT,40.7477,29.9573,TotalEnergies,False,False
TotalEnergies GÜZELBAHÇE,38.330796,26.862707,TotalEnergies,False,False
TotalEnergies ERCİYES,38.6359501429399,35.516873912936,TotalEnergies,False,False
TotalEnergies BAŞMAKÇI-1,37.6531,34.7012,TotalEnergies,False,False
TotalEnergies KÖRFEZ-1,40.7584,29.7973,TotalEnergies,False,False
TotalEnergies BODRUM,37.056184,27.370156,TotalEnergies,False,False
TotalEnergies YAKACIK,40.910525,29.216155,TotalEnergies,False,False
TotalEnergies YAHYAKAPTAN,40.760358,29.972974,TotalEnergies,False,False
TotalEnergies KÜTAHYA-1,39.3792,30.0481,TotalEnergies,False,False
TotalEnergies ANKARA YOLU,40.494823,34.90368,TotalEnergies,False,False
TotalEnergies DRAGOS,40.914469,29.140796,TotalEnergies,False,False
TotalEnergies ERZURUM,39.921005,41.195054,TotalEnergies,False,False
TotalEnergies KONYA-1,37.916106,32.506198,TotalEnergies,False,False
TotalEnergies SÜTÇÜLER,36.936926,30.719829,TotalEnergies,False,False
TotalEnergies AKBABA,41.148595,29.113247,TotalEnergies,False,False
TotalEnergies PAMUKÇU,39.4955,27.9034,TotalEnergies,False,False
TotalEnergies ESENYURT,41.000094,28.695073,TotalEnergies,False,False
TotalEnergies HİLVAN,37.5755,38.9453,TotalEnergies,False,False
TotalEnergies MACUNKÖY,39.945456,32.760295,TotalEnergies,False,False
TotalEnergies NİKSAR,40.581203,36.927589,TotalEnergies,False,False
TotalEnergies ÇARŞAMBA,41.2043,36.7216,TotalEnergies,False,False
TotalEnergies İNCESU,38.611027,35.18687,TotalEnergies,False,False
TotalEnergies TSK Mehmetçik Vakfı Kurtköy-1,40.9205639,29.3503216,TotalEnergies,False,False
TotalEnergies TSK Mehmetçik Vakfı Kurtköy-2,40.9183583,29.3514558,TotalEnergies,False,False
TotalEnergies TSK Mehmetçik Vakfı Kurtköy-3,40.91718,29.3542775,TotalEnergies,False,False
TotalEnergies KAHTA,37.78597,38.62138,TotalEnergies,False,False
TotalEnergies TİRE MERKEZ,38.092901,27.729539,TotalEnergies,False,False
TotalEnergies ARNAVUTKÖY,41.117434,28.629169,TotalEnergies,False,False
TotalEnergies BÜYÜKDALYAN,36.2847,36.193,TotalEnergies,False,False
TotalEnergies OF,40.943672,40.263332,TotalEnergies,False,False
TotalEnergies ÇAMALTI,39.139572,27.670597,TotalEnergies,False,False
TotalEnergies ORHANLI,40.899897,29.350779,TotalEnergies,False,False
TotalEnergies MEZİTLER,40.013197,29.651107,TotalEnergies,False,False
TotalEnergies ÜMRANİYE,41.031028,29.107662,TotalEnergies,False,False
TotalEnergies ORDU,40.983435,37.886569,TotalEnergies,False,False
TotalEnergies SERİNYOL,36.3578,36.2186,TotalEnergies,False,False
TotalEnergies AYVALIK,39.330325,26.698467,TotalEnergies,False,False
TotalEnergies ALİAĞA,38.691872,27.002013,TotalEnergies,False,False
TotalEnergies TERMİNAL SAKARYA,40.729166,30.37675,TotalEnergies,False,False
TotalEnergies ŞİLE,41.1558,29.6044,TotalEnergies,False,False
TotalEnergies ZİNCİRLİKUYU,39.8015845,30.4330155,TotalEnergies,False,False
TotalEnergies KÜÇÜKKÖY,41.087005,28.889345,TotalEnergies,False,False
TotalEnergies ORHANGAZİ-DOĞU,40.5275,29.3433,TotalEnergies,True,False
TotalEnergies YENİKÖY,37.011883,30.599992,TotalEnergies,False,False
TotalEnergies SEFAKÖY,41.008084,28.794911,TotalEnergies,False,False
TotalEnergies ERBAA,40.6822,36.5652,TotalEnergies,False,False
TotalEnergies ERİKLİ,40.193627,29.150075,TotalEnergies,False,False
TotalEnergies AYBASTI,40.687823,37.399412,TotalEnergies,False,False
TotalEnergies ALAÇAM,41.60799,35.6744,TotalEnergies,False,False
TotalEnergies BİNGÖL,38.9461227684168,40.6429546832998,TotalEnergies,False,False
TotalEnergies ÇAN,40.028269,27.05473,TotalEnergies,False,False
TotalEnergies KURTALAN,37.9519,41.7105,TotalEnergies,False,False
TotalEnergies KARTEPE,40.7478,30.0603,TotalEnergies,False,False
TotalEnergies OSMANİYE BULVAR,37.078285,36.256975,TotalEnergies,False,False
TotalEnergies ESENYURT MERKEZ,41.042324,28.676442,TotalEnergies,False,False
TotalEnergies ERENKÖY,39.9955163604814,26.3117026984899,TotalEnergies,False,False
TotalEnergies SARAYKÖY-2,37.923644,28.929101,TotalEnergies,False,False
TotalEnergies BİSMİL,37.844805,40.694305,TotalEnergies,False,False
TotalEnergies ÇORUM MERKEZ,40.550504930858,34.9300074779246,TotalEnergies,False,False
TotalEnergies KAYABEY,39.6673,27.8703,TotalEnergies,False,False
TotalEnergies GEMEREK,39.1917,36.0838,TotalEnergies,False,False
TotalEnergies DEFNE,36.19256,36.13182,TotalEnergies,False,False
TotalEnergies -,39.7651,36.0443,TotalEnergies,False,False
TotalEnergies YENİ SANAYİ,39.671404,27.924489,TotalEnergies,False,False
TotalEnergies YAKUPLU,40.989494,28.657348,TotalEnergies,False,False
TotalEnergies TARSUS KOOP.,36.9293549396487,34.9246188118264,TotalEnergies,False,False
TotalEnergies AYDIN,37.856861,27.825649,TotalEnergies,False,False
TotalEnergies ALTINOVA YOLU,36.937,30.7997,TotalEnergies,False,False
TotalEnergies KALEİÇİ,41.158029,28.454292,TotalEnergies,False,False
TotalEnergies BATMAN,37.889271,41.154831,TotalEnergies,False,False
TotalEnergies KULA,38.539972,28.640236,TotalEnergies,False,False
TotalEnergies KİLİS,36.767376,37.061573,TotalEnergies,False,False
TotalEnergies GÖKÇEYURT 1,39.945896,33.039326,TotalEnergies,False,False
TotalEnergies EDREMİT YOLU,39.657748,27.848625,TotalEnergies,False,False
TotalEnergies ERDEMLİ,36.6426,34.3554,TotalEnergies,False,False
TotalEnergies İPSALA,40.89794,26.3859,TotalEnergies,False,False
TotalEnergies EFELER,37.84522,27.896811,TotalEnergies,False,False
TotalEnergies KILIÇARSLAN,40.733655,31.569655,TotalEnergies,False,False
TotalEnergies PİRİREİS,36.787548,34.610624,TotalEnergies,False,False
TotalEnergies SİLİFKE,36.38166,33.941983,TotalEnergies,False,False
TotalEnergies BAKIRLI,37.800855,29.075673,TotalEnergies,False,False
TotalEnergies GÜRLEK,37.8109,29.2528,TotalEnergies,False,False
TotalEnergies ACIBADEM,41.002994,29.036238,TotalEnergies,False,False
TotalEnergies BANDIRMA,40.326696,28.000307,TotalEnergies,False,False
TotalEnergies ÇALI,40.178183,28.924459,TotalEnergies,False,False
TotalEnergies SARIKAYA,39.496313,35.371674,TotalEnergies,False,False
TotalEnergies KANDIRA,41.043186,30.125468,TotalEnergies,False,False
TotalEnergies ADAPAZARI,40.749586,30.508371,TotalEnergies,False,False
TotalEnergies SÜLEYMANPAŞA,40.94588,27.44095,TotalEnergies,False,False
TotalEnergies SİVAS YOLU,39.190059,36.084963,TotalEnergies,False,False
TotalEnergies ALİ DAĞI,38.6856,35.5421,TotalEnergies,False,False
TotalEnergies NURDAĞI,37.1757534132931,36.742336477176,TotalEnergies,False,False
TotalEnergies HAVALANI,38.7592293276995,35.4818762603244,TotalEnergies,False,False
TotalEnergies ÇAMDİBİ,38.4254148514843,27.18280333964,TotalEnergies,False,False
TotalEnergies İSKENDERUN,36.6047,36.1996,TotalEnergies,False,False
TotalEnergies TÜRKOĞLU,37.39504,36.869819,TotalEnergies,False,False
TotalEnergies ÇEKMEKÖY,41.044951,29.177177,TotalEnergies,False,False
TotalEnergies ARTUKLU,37.32798,40.75654,TotalEnergies,False,False
TotalEnergies KARAPINAR,37.713436,33.384666,TotalEnergies,False,False
TotalEnergies ASPENDOS BLV.,36.887595,30.735921,TotalEnergies,False,False
TotalEnergies SELÇUKLU,37.8866,32.46019,TotalEnergies,False,False
TotalEnergies KAMPÜS YOLU,39.570556,27.962778,TotalEnergies,False,False
TotalEnergies BAYRAK,41.081749,36.074056,TotalEnergies,False,False
TotalEnergies TUŞBA,38.544066,43.32769,TotalEnergies,False,False
TotalEnergies KAYALIOĞLU,38.8933,27.7796,TotalEnergies,False,False
TotalEnergies YAKAKENT,41.629792,35.538338,TotalEnergies,False,False
TotalEnergies MAVİKENT,36.998104,37.3818449,TotalEnergies,False,False
TotalEnergies ADA,40.9131985556534,38.4430817425659,TotalEnergies,False,False
TotalEnergies ATAYURT,36.3804,34.0302,TotalEnergies,False,False
TotalEnergies GÖKÇEBAĞ,40.873101,35.546497,TotalEnergies,False,False
TotalEnergies METROPOLİS,38.1853617209013,27.3531310258345,TotalEnergies,False,False
TotalEnergies CUMHURİYET,37.9374514251843,32.5013318589855,TotalEnergies,False,False
TotalEnergies AHMETLİ,38.5156,27.9555,TotalEnergies,False,False
TotalEnergies -,40.946972,33.212638,TotalEnergies,False,False
TotalEnergies ADIYAMAN YOLU,37.7106,38.133,TotalEnergies,False,False
TotalEnergies MUCUR,39.032728,34.583784,TotalEnergies,False,False
TotalEnergies İSTİKLAL,40.031071,27.060771,TotalEnergies,False,False
TotalEnergies FERİZLİ,40.9846,30.5435,TotalEnergies,False,False
TotalEnergies ERZURUM - 2,39.92129,41.2795,TotalEnergies,False,False
TotalEnergies KIRŞEHİR,39.143638,34.156295,TotalEnergies,False,False
TotalEnergies UŞAK,38.669907,29.413402,TotalEnergies,False,False
TotalEnergies AOSB,38.475951,27.036634,TotalEnergies,False,False
TotalEnergies ARDAHAN,40.787401,42.601901,TotalEnergies,False,False
TotalEnergies REŞADİYE,40.3875,37.3296,TotalEnergies,False,False
TotalEnergies TUNCELİ,39.0805,39.5377,TotalEnergies,False,False
TotalEnergies MURATLI GÜNEY,40.272,28.6028,TotalEnergies,False,False
TotalEnergies ÇUKURKUYU,39.780434,39.432249,TotalEnergies,False,False
TotalEnergies SAADETDERE,41.011527,28.698141,TotalEnergies,False,False
TotalEnergies KADRİYE,36.8916,31.007,TotalEnergies,False,False
TotalEnergies ŞEREFLİKOÇHİSAR,38.975002,33.496975,TotalEnergies,False,False
TotalEnergies AYRANCILAR ,38.2328,27.2932,TotalEnergies,False,False
TotalEnergies BATMAN OSB,37.8973,41.2201,TotalEnergies,False,False
TotalEnergies ÖREN,39.506,26.970674,TotalEnergies,False,False
TotalEnergies BUCAK,37.327886,30.495222,TotalEnergies,False,False
TotalEnergies ANTALYA,36.8981623790665,30.709216394932,TotalEnergies,False,False
TotalEnergies KDZ.EREĞLİ,41.26765,31.459532,TotalEnergies,False,False
TotalEnergies -,39.974837,39.491423,TotalEnergies,False,False
TotalEnergies BAYINDIR,38.208211,27.62433,TotalEnergies,False,False
TotalEnergies STADYUM,38.7393,35.4269,TotalEnergies,False,False
TotalEnergies ESKİŞEHİR,39.770662,30.484378,TotalEnergies,False,False
TotalEnergies FATİH BULVARI 2,40.964075,29.284419,TotalEnergies,False,False
TotalEnergies GÖLYAKA,40.77317,31.00065,TotalEnergies,False,False
TotalEnergies BAĞCILAR-2,41.027025,28.856882,TotalEnergies,False,False
TotalEnergies BELDİBİ,36.723748,30.557814,TotalEnergies,False,False
TotalEnergies AKSARAY,38.38152,34.02879,TotalEnergies,False,False
TotalEnergies GÖZNE,36.993056,34.570278,TotalEnergies,False,False
TotalEnergies KANAL KÖPRÜ,37.0113,35.3061,TotalEnergies,False,False
TotalEnergies SOLİ,36.739037,34.517259,TotalEnergies,False,False
TotalEnergies VAKFIKEBİR,41.0495,39.2845,TotalEnergies,False,False
TotalEnergies KÖŞKLÜÇEŞME,40.795563,29.407946,TotalEnergies,False,False
TotalEnergies SANCAKTEPE,41.01043,29.21041,TotalEnergies,False,False
TotalEnergies SÖĞÜTÖZÜ,39.90934,32.79135,TotalEnergies,False,False
TotalEnergies TEPEÖREN,40.9035,29.3946,TotalEnergies,False,False
TotalEnergies BEYŞEHİR,37.6823,31.7234,TotalEnergies,False,False
TotalEnergies ERZİNCAN,39.7487,39.466524,TotalEnergies,False,False
TotalEnergies KOZYATAĞI,40.983475,29.092004,TotalEnergies,False,False
TotalEnergies MİMAROBA,41.010488,28.531756,TotalEnergies,False,False
TotalEnergies YENI HAVALIMANI,41.251637,28.738714,TotalEnergies,False,False
TotalEnergies KIZILCAHAMAM-1,40.2401,32.5036,TotalEnergies,False,False
TotalEnergies KIZILCAHAMAM-2,40.2422,32.5023,TotalEnergies,False,False
TotalEnergies KONYA YOLU,39.907478,32.814266,TotalEnergies,False,False
TotalEnergies KMO İZMİT OSB 2,40.795483,30.079338,TotalEnergies,False,False
TotalEnergies KMO İZMİT OSB 1,40.794945,30.075003,TotalEnergies,False,False
TotalEnergies HALKALI,41.032239,28.800198,TotalEnergies,False,False
TotalEnergies MURATPAŞA,36.9126,30.71351,TotalEnergies,False,False
TotalEnergies YEŞİLYURT,38.3289,38.1936,TotalEnergies,False,False
TotalEnergies SUBAYEVLERİ,39.964549,32.871139,TotalEnergies,False,False
TotalEnergies TUZLA,40.835837,29.3239,TotalEnergies,False,False
TotalEnergies KIRŞEHİR,39.154899,34.165821,TotalEnergies,False,False
TotalEnergies NARLIDERE,38.3928245902671,27.0227130118367,TotalEnergies,False,False
TotalEnergies KİRAZLITEPE,41.036529,29.065373,TotalEnergies,False,False
TotalEnergies BEŞEVLER,39.93246,32.82897,TotalEnergies,False,False
TotalEnergies HALİLİYE,37.154454,38.809401,TotalEnergies,False,False
TotalEnergies HÜRRİYET,38.332354,34.05024,TotalEnergies,False,False
TotalEnergies ANTAKYA,36.2096381426341,36.1737465757691,TotalEnergies,False,False
TotalEnergies BORNOVA,38.4543,27.2596,TotalEnergies,False,False
TotalEnergies EĞİRDİR,37.8544,30.85328,TotalEnergies,False,False
TotalEnergies MALKARA,40.8842,26.8927,TotalEnergies,False,False
TotalEnergies EŞME,38.4118,28.9992,TotalEnergies,False,False
TotalEnergies İSKİLİP,40.7123,34.4844,TotalEnergies,False,False
TotalEnergies -,40.043183,34.224117,TotalEnergies,False,False
TotalEnergies ISPARTA,37.773,30.5541,TotalEnergies,False,False
TotalEnergies HAVALİMANI,38.5957430796936,39.2546661483428,TotalEnergies,False,False
TotalEnergies AKSU,36.9491,30.8296,TotalEnergies,False,False
TotalEnergies DEMİRKÖY,41.822087,27.762033,TotalEnergies,False,False
TotalEnergies SARAYÖNÜ,38.256911,32.409911,TotalEnergies,False,False
TotalEnergies IĞDIR,39.9217319912571,44.0714181482336,TotalEnergies,False,False
TotalEnergies ALANYA SARAY,36.547212,31.9927511,TotalEnergies,False,False
TotalEnergies TAŞKÖPRÜ,41.520048,34.217869,TotalEnergies,False,False
TotalEnergies KESTEL,36.5209011599289,32.0577698555984,TotalEnergies,False,False
TotalEnergies ODABAŞI,36.2334431153884,36.1653475054544,TotalEnergies,False,False
TotalEnergies BİTLİS,38.38796,42.11819,TotalEnergies,False,False
TotalEnergies DOĞUBAYAZIT,39.5521623,44.0672234,TotalEnergies,False,False
TotalEnergies BARAJ YOLU,41.1919,36.706,TotalEnergies,False,False
TotalEnergies KAZDAĞI,39.5758,27.0398,TotalEnergies,False,False
TotalEnergies YAKUTİYE,39.903741,41.290487,TotalEnergies,False,False
TotalEnergies BAKIRKÖY,40.991005,28.870735,TotalEnergies,False,False
TotalEnergies LÜLEBURGAZ-2,41.405307,27.323554,TotalEnergies,True,False
TotalEnergies EREĞLİ,37.505885,34.051799,TotalEnergies,False,False
TotalEnergies HACI OBASI,36.7282,31.5885,TotalEnergies,False,False
TotalEnergies ESENBOĞA YOLU,40.068015,32.92808,TotalEnergies,False,False
TotalEnergies DİCLEKENT,37.9574,40.1726,TotalEnergies,False,False
TotalEnergies FSM BULVARI,39.9546,32.6937,TotalEnergies,False,False
TotalEnergies MANİSA-2,38.615915,27.467043,TotalEnergies,False,False
TotalEnergies İNCİRLİ,40.997071,28.87159,TotalEnergies,False,False
TotalEnergies EFENDİ MH,38.9874,27.8608,TotalEnergies,False,False
TotalEnergies TAŞKÖPRÜ,40.682832,29.403788,TotalEnergies,False,False
TotalEnergies OTOGAR,40.536599,34.92361,TotalEnergies,False,False
TotalEnergies KARABÜK,41.19874,32.62762,TotalEnergies,False,False
TotalEnergies DERİNCE,40.7769,29.8218,TotalEnergies,False,False
TotalEnergies YEŞİLYURT,38.808,35.6065,TotalEnergies,False,False
TotalEnergies ACIKUYU,37.712643,34.294987,TotalEnergies,False,False
TotalEnergies DİDİM,37.3939,27.2463,TotalEnergies,False,False
TotalEnergies ALTUNİZADE 1,41.023077,29.043074,TotalEnergies,False,False
TotalEnergies DOLAPDERE,41.039708,28.977893,TotalEnergies,False,False
TotalEnergies BOZÜYÜK,39.889837,30.111392,TotalEnergies,False,False
TotalEnergies KÖYCEĞİZ,36.966798,28.712073,TotalEnergies,False,False
TotalEnergies ÇORLU - 1,41.152811,27.828607,TotalEnergies,False,False
TotalEnergies İMAM EFENDİ,38.657337,39.192759,TotalEnergies,False,False
TotalEnergies ÇORLU-2,41.1492,27.8458,TotalEnergies,False,False
TotalEnergies MURATLI KUZEY,40.2737,28.5985,TotalEnergies,False,False
TotalEnergies TSK MEHMETÇİK VAKFI BAŞAKŞEHİR-2 ,41.1111224853366,28.79627511274,TotalEnergies,False,False
TotalEnergies SARAYKÖY-1,37.927236,28.926775,TotalEnergies,False,False
TotalEnergies BEYPAZARI,40.1574,31.9144,TotalEnergies,False,False
TotalEnergies SAHİLKENT,36.315488,30.225724,TotalEnergies,False,False
TotalEnergies SİNOP,42.0155,35.1097,TotalEnergies,False,False
TotalEnergies KUŞÇUBURUN,38.223279,27.312647,TotalEnergies,False,False
TotalEnergies KIZILAĞAÇ,36.740665,31.531954,TotalEnergies,False,False
TotalEnergies -,39.307796,32.317219,TotalEnergies,False,False
TotalEnergies TOSYA,41.01204,34.04407,TotalEnergies,False,False
TotalEnergies ACARKENT,41.121625,29.146219,TotalEnergies,False,False
TotalEnergies KARACABEY,40.2182,28.352395,TotalEnergies,False,False
TotalEnergies AKYAZI,40.6343,30.6289,TotalEnergies,False,False
TotalEnergies ŞANLIURFA,37.16282,38.82593,TotalEnergies,False,False
TotalEnergies CUMHURİYET,40.95169,40.27715,TotalEnergies,False,False
TotalEnergies VADİŞEHİR,39.7415,30.5318,TotalEnergies,False,False
TotalEnergies BEYKENT,37.142293842861,37.3912059446402,TotalEnergies,False,False
TotalEnergies HANÖNÜ,41.6302,34.5528,TotalEnergies,False,False
TotalEnergies BEŞYÜZ EVLER,41.076030686566,28.8806884522298,TotalEnergies,False,False
TotalEnergies KAVAK,41.057785,35.969956,TotalEnergies,False,False
TotalEnergies KALAMAKİ,36.277628,29.36113,TotalEnergies,False,False
TotalEnergies SULTANBEYLİ-2,40.95119,29.29722,TotalEnergies,False,False
TotalEnergies ÇAYIROVA-2,40.827291,29.395614,TotalEnergies,False,False
TotalEnergies TORBALI,38.183056,27.353284,TotalEnergies,False,False
TotalEnergies KUŞHANE,41.218306,36.661861,TotalEnergies,False,False
TotalEnergies PENDİK-2,40.8905,29.23575278,TotalEnergies,False,False
TotalEnergies KUYULUK,36.753511,34.518522,TotalEnergies,False,False
TotalEnergies ACIKLI,41.214206,36.770616,TotalEnergies,False,False
TotalEnergies YAHŞİHAN,39.935082,33.40108,TotalEnergies,False,False
TotalEnergies DÜZCE,40.809647,31.225911,TotalEnergies,False,False
TotalEnergies MURATLI,41.189144,27.510979,TotalEnergies,False,False
TotalEnergies TEKİRDAĞ MURATLI,41.222698,27.549535,TotalEnergies,False,False
TotalEnergies ALAŞEHİR,38.358835,28.538239,TotalEnergies,False,False
TotalEnergies GÜLTEPE,37.9127,41.1333,TotalEnergies,False,False
TotalEnergies HAVSA,41.565256,26.768214,TotalEnergies,False,False
TotalEnergies EDİRNE 2,41.620278,26.631944,TotalEnergies,False,False
TotalEnergies GÜMÜŞYAKA,41.043622,28.035882,TotalEnergies,False,False
TotalEnergies ÜNİVERSİTE MH,41.219856,32.654325,TotalEnergies,False,False
TotalEnergies ABİDİNPAŞA MH.,39.925557,32.897972,TotalEnergies,False,False
TotalEnergies ATAKUM,41.367115,36.228939,TotalEnergies,False,False
TotalEnergies NAZİLLİ YEŞİL MAH.,37.9193,28.344722,TotalEnergies,False,False
TotalEnergies DERECİK,41.2906,36.274355,TotalEnergies,False,False
TotalEnergies YÜRÜCEKLER,39.9591,28.8844,TotalEnergies,False,False
TotalEnergies FATİH,41.028618,28.936859,TotalEnergies,False,False
TotalEnergies KAYAPINAR,37.9522,40.1669,TotalEnergies,False,False
TotalEnergies AVANOS,38.713769,34.844388,TotalEnergies,False,False
TotalEnergies TÜYAP,41.024227,28.623912,TotalEnergies,False,False
TotalEnergies DEMRE,36.2378,29.9793,TotalEnergies,False,False
TotalEnergies POZCU,36.781789,34.589202,TotalEnergies,False,False
TotalEnergies KONAKLI,36.5871,31.8732,TotalEnergies,False,False
TotalEnergies ŞARKIŞLA,39.3497,36.4186,TotalEnergies,False,False
TotalEnergies AFYONKARAHİSAR,38.7867,30.5068,TotalEnergies,False,False
TotalEnergies ALTINOLUK,38.702763,35.446827,TotalEnergies,False,False
TotalEnergies ANADOLU HİSARI,41.081133,29.07713,TotalEnergies,False,False
TotalEnergies KARABİGA,40.397097,27.303719,TotalEnergies,False,False
TotalEnergies BAFRA,41.56552,35.88387,TotalEnergies,False,False
TotalEnergies DEVEGEÇİDİ,37.9264,40.2375,TotalEnergies,False,False
TotalEnergies PAMUKOVA,40.4894,30.0721,TotalEnergies,False,False
TotalEnergies ERENLER,40.7481,30.4145,TotalEnergies,False,False
TotalEnergies ADRASAN,36.335774,30.434256,TotalEnergies,False,False
TotalEnergies FETHİYE,36.64353,29.1245,TotalEnergies,False,False
TotalEnergies DEDEDAĞ,41.54979,35.926082,TotalEnergies,False,False
TotalEnergies ÇİĞLİ-1,38.4933,27.0519,TotalEnergies,False,False
TotalEnergies BAĞLAR,37.918503,40.216137,TotalEnergies,False,False
TotalEnergies HAVALİMANI KAVŞAĞI-2,41.2448857319697,28.7013379164608,TotalEnergies,False,False
TotalEnergies TAVAS,37.567378,29.063634,TotalEnergies,False,False
TotalEnergies DEVELİ,38.375087,35.464646,TotalEnergies,False,False
TotalEnergies -,39.995934,32.282303,TotalEnergies,False,False
TotalEnergies KEMALPAŞA,38.418962,27.4365695,TotalEnergies,False,False
TotalEnergies TAVŞANLI,39.544942,29.496139,TotalEnergies,False,False
TotalEnergies DÖRTKOL,41.572818,32.323171,TotalEnergies,False,False
TotalEnergies SEYDİŞEHİR,37.488420464969,31.8742040036467,TotalEnergies,False,False
TotalEnergies TSK MEHMETÇİK VAKFI -MASLAK,41.1073287707287,29.0152146271603,TotalEnergies,False,False
TotalEnergies AYDINLI YOLU,40.881055,29.345187,TotalEnergies,False,False
TotalEnergies TURHAL,40.375037,36.096353,TotalEnergies,False,False
TotalEnergies OSMANCIK,41.0048,34.6243,TotalEnergies,False,False
TotalEnergies SEYRAN,40.2243,28.4562,TotalEnergies,False,False
TotalEnergies AKÖREN,38.767801,30.367901,TotalEnergies,False,False
TotalEnergies ŞARKİKARAAĞAÇ,38.081896,31.381981,TotalEnergies,False,False
TotalEnergies KIRCAMİ,36.875013,30.732944,TotalEnergies,False,False
TotalEnergies ÜNİVERSİTE,40.334333,36.469972,TotalEnergies,False,False
TotalEnergies KARESİ,39.7521608095323,27.9998474949843,TotalEnergies,False,False
TotalEnergies TERME,41.143002,37.148026,TotalEnergies,False,False
TotalEnergies GÜMÜŞHACIKÖY,40.934001,35.147301,TotalEnergies,False,False
TotalEnergies HARMANDALI,38.5273,27.0464,TotalEnergies,False,False
TotalEnergies ÖDEMİŞ,38.2229,27.94553,TotalEnergies,False,False
TotalEnergies GEDİZ,38.971,29.3849,TotalEnergies,False,False
TotalEnergies KUMKAPI,41.001814,28.972435,TotalEnergies,False,False
TotalEnergies DATÇA,36.75137,27.663326,TotalEnergies,False,False
TotalEnergies YATAĞAN,37.341616,28.157922,TotalEnergies,False,False
TotalEnergies MUĞLA,37.2084,28.3678,TotalEnergies,False,False
TotalEnergies ÇEŞME,38.3158,26.304,TotalEnergies,False,False
TotalEnergies SANAYİ,40.52396,34.94518,TotalEnergies,False,False
TotalEnergies ÇORUM,40.5415,34.946,TotalEnergies,False,False
TotalEnergies MURADİYE OSB,38.6345,27.3521,TotalEnergies,False,False
TotalEnergies BEYTEPE,39.847637,32.711288,TotalEnergies,False,False
TotalEnergies ÜMİTKÖY,39.864906,32.711479,TotalEnergies,False,False
TotalEnergies LİBADİYE,41.014493,29.075852,TotalEnergies,False,False
TotalEnergies ŞEHİTKAMİL,37.102789,37.394347,TotalEnergies,False,False
TotalEnergies GAZİANTEP,37.072884,37.367894,TotalEnergies,True,False
TotalEnergies ISPARTA ÇIKIŞI,37.798761,30.540164,TotalEnergies,False,False
TotalEnergies ULUKENT,38.564166,27.048055,TotalEnergies,False,False
TotalEnergies IRMAK,39.931026,33.398503,TotalEnergies,False,False
TotalEnergies ANITKAYA,38.952111,30.335811,TotalEnergies,False,False
TotalEnergies ORMANKÖY,40.7742,30.5973,TotalEnergies,False,False
TotalEnergies YENİYURT,40.33255,36.534794,TotalEnergies,False,False
TotalEnergies ZONGULDAK,41.436401,31.851549,TotalEnergies,False,False
TotalEnergies ERTUĞRUL,40.212715,28.931646,TotalEnergies,False,False
TotalEnergies OTOGAR,36.9960491167547,35.2660160711945,TotalEnergies,False,False
TotalEnergies ZEYTİNLİ,36.9894355373843,35.1488875101788,TotalEnergies,False,False
TotalEnergies ÇAYCUMA,41.5332691942039,32.0795883018891,TotalEnergies,False,False
TotalEnergies KÖPRÜKÖY,39.9660934679676,41.8666664491433,TotalEnergies,False,False
TotalEnergies FUAT MOREL,36.8169576393959,34.5684786382548,TotalEnergies,False,False
TotalEnergies BEYOBAŞI,36.9125382143366,28.7441755565695,TotalEnergies,False,False
TotalEnergies MUŞ,38.741634,41.531329,TotalEnergies,False,False
TotalEnergies TELLİKAVAK,39.2792598878231,26.7044915485141,TotalEnergies,False,False
TotalEnergies TEKİRDAĞ HAYRABOLU,41.1274,27.0121,TotalEnergies,False,False
TotalEnergies KARAAĞAÇLI,38.6925,27.506,TotalEnergies,False,False
TotalEnergies İNEGÖL-2,40.049708,29.590053,TotalEnergies,False,False
TotalEnergies VARSAK,36.979722,30.715,TotalEnergies,False,False
TotalEnergies TAŞAĞIL,36.890686,31.250784,TotalEnergies,False,False
TotalEnergies TAVŞANÇALI,38.941105,32.999298,TotalEnergies,False,False
TotalEnergies TEKİRDAĞ,40.971912,27.506225,TotalEnergies,False,False
TotalEnergies NEVŞEHİR,38.6124,34.694,TotalEnergies,False,False
TotalEnergies GÖLCÜK,40.715194,29.8305,TotalEnergies,False,False
TotalEnergies SEYHAN,37.0107,35.2752,TotalEnergies,False,False
TotalEnergies SUSUZ,38.801233,30.628838,TotalEnergies,False,False
TotalEnergies TURGUT ÖZAL BLV.,39.940351,32.924744,TotalEnergies,False,False
TotalEnergies POLATLI,39.583164,32.161386,TotalEnergies,False,False
TotalEnergies KÖŞK,37.854875,28.025989,TotalEnergies,False,False
TotalEnergies KEPEZBAŞI,36.952781,30.62391,TotalEnergies,False,False
TotalEnergies PAZARKAPI,41.0088643674957,39.7188065847031,TotalEnergies,False,False
TotalEnergies MOLOZ,41.0094,39.7189,TotalEnergies,False,False
TotalEnergies GÖRELE,41.0350688716989,38.982567098136,TotalEnergies,False,False
TotalEnergies MİMARSİNAN,41.01725,28.557398,TotalEnergies,False,False
TotalEnergies AMASYA,40.690236,35.822057,TotalEnergies,False,False
TotalEnergies YEŞİLTEPE,40.7359119738554,30.3871731117972,TotalEnergies,False,False
TotalEnergies ZONGULDAK KİLİMLİ,41.491887,31.837531,TotalEnergies,False,False
TotalEnergies BELEK,36.9008,31.0713,TotalEnergies,False,False
TotalEnergies AKÇAKOCA,41.0762519112957,31.1798087797924,TotalEnergies,False,False
TotalEnergies ŞEHİTKAMİL-2,37.102527,37.390902,TotalEnergies,False,False
TotalEnergies KAHRAMANMARAŞ,37.5617,36.9238,TotalEnergies,False,False
TotalEnergies KORUKÖY,37.2517210496241,27.7268676622112,TotalEnergies,False,False
TotalEnergies ALAÇATI,38.2886,26.3811,TotalEnergies,False,False
TotalEnergies ALARA,36.6727,31.6393,TotalEnergies,False,False
TotalEnergies ELEŞKİRT,39.7957,42.6905,TotalEnergies,False,False
TotalEnergies BATMAN YOLU,37.8897,41.2066,TotalEnergies,False,False
TotalEnergies ARNAVUTKÖY MERKEZ,41.1813922531949,28.7447282690545,TotalEnergies,False,False
TotalEnergies KELEBEKLER VADİSİ,37.932709,32.471325,TotalEnergies,False,False
TotalEnergies GAP HAVALİMANI,37.370277,38.838055,TotalEnergies,False,False
TotalEnergies ŞAFAK,37.886201,41.137401,TotalEnergies,False,False
TotalEnergies MENEMEN MERKEZ,38.613995,27.072044,TotalEnergies,False,False
TotalEnergies CANİK,41.276124,36.356102,TotalEnergies,False,False
TotalEnergies SÖKE,37.6343,27.3706,TotalEnergies,False,False
TotalEnergies SARAY-2,41.3936,27.9256,TotalEnergies,False,False
TotalEnergies BURHANİYE,39.5135,26.9779,TotalEnergies,False,False
TotalEnergies MERMERLİ  MAH.,38.6173,27.0634,TotalEnergies,False,False
TotalEnergies ÇİVRİL,38.2857,29.7291,TotalEnergies,False,False
TotalEnergies HADIMKÖY,41.155892,28.635509,TotalEnergies,False,False
TotalEnergies BAYRAMPAŞA,41.061012,28.89224,TotalEnergies,False,False
TotalEnergies TEKELİ,38.18627,27.19399,TotalEnergies,False,False
TotalEnergies LAODIKEA,37.807001,29.108901,TotalEnergies,False,False
TotalEnergies MERMER,38.1057,40.4444,TotalEnergies,False,False
TotalEnergies FATİH BULVARI,40.969426,29.257157,TotalEnergies,False,False
TotalEnergies ESKİŞEHİR YOLU,39.47991,30.03505,TotalEnergies,False,False
TotalEnergies UZUNÇİFTLİK,40.75108,30.0421,TotalEnergies,False,False
TotalEnergies ŞEKERPINAR,40.8712455,29.3823579,TotalEnergies,False,False
TotalEnergies BALGAT,39.894612,32.816576,TotalEnergies,False,False
TotalEnergies ANKARA YOLU,38.4555,33.9242,TotalEnergies,False,False
TotalEnergies KÜTAHYA-2,39.379407,30.049083,TotalEnergies,False,False
TotalEnergies ŞİRİNYALI,40.77927,29.666578,TotalEnergies,False,False
TotalEnergies TEKKEKÖY,41.2246,36.4563,TotalEnergies,False,False
TotalEnergies GİRESUN,40.909184,38.369124,TotalEnergies,False,False
TotalEnergies MİMARSİNAN,40.807981,29.378145,TotalEnergies,False,False
TotalEnergies FEVZİ ÇAKMAK,39.79040569,30.54129018,TotalEnergies,False,False
TotalEnergies ERCİŞ,39.047958,43.347088,TotalEnergies,False,False
TotalEnergies BOYALICA,40.484084,29.550417,TotalEnergies,False,False
TotalEnergies BULDAN,38.0404,28.8679,TotalEnergies,False,False
TotalEnergies ALTINORDU,40.97158,37.91534,TotalEnergies,False,False
TotalEnergies ADLIYE,38.446279,27.173789,TotalEnergies,False,False
TotalEnergies MANİSA DEMİRCİ,39.030343,28.642698,TotalEnergies,False,False
TotalEnergies GÜZELLER,40.823587,29.4326,TotalEnergies,False,False
TotalEnergies ÇANKIRI,40.5653,33.6126,TotalEnergies,False,False
TotalEnergies AFYON DİNAR,38.067341,30.16873,TotalEnergies,False,False
TotalEnergies BİNGÖL YOLU,38.076961,40.444861,TotalEnergies,False,False
TotalEnergies KONYAALTI,36.882851,30.626259,TotalEnergies,False,False
TotalEnergies ERDEK,40.398708,27.801566,TotalEnergies,False,False
TotalEnergies YENİ SANAYİ,40.968,27.4878,TotalEnergies,False,False
TotalEnergies FATSA,41.034303,37.495835,TotalEnergies,False,False
TotalEnergies GÜRPINAR,40.995937,28.606213,TotalEnergies,False,False
TotalEnergies SULUOVA,40.840015,35.639739,TotalEnergies,False,False
TotalEnergies KULLAR,40.7282,29.976494,TotalEnergies,False,False
TotalEnergies ALİKAHYA,40.775647,29.976337,TotalEnergies,False,False
TotalEnergies ISPARTA MERKEZ,37.7768,30.5584,TotalEnergies,False,False
TotalEnergies MADENLER,41.01366,29.1909,TotalEnergies,False,False
TotalEnergies BARÇA,40.85841,38.44398,TotalEnergies,False,False
TotalEnergies -,41.520698,36.084734,TotalEnergies,False,False
TotalEnergies BELDİBİ,40.2173,28.566,TotalEnergies,False,False
TotalEnergies GÜMÜŞLER,37.809082,29.069007,TotalEnergies,False,False
TotalEnergies KUŞADASI,37.822312,27.264525,TotalEnergies,False,False
TotalEnergies TURGUTLU,38.4966,27.6855,TotalEnergies,False,False
TotalEnergies MİNİBÜS YOLU,40.9043,29.1636,TotalEnergies,False,False
TotalEnergies GAZİEMİR,38.330716,27.135918,TotalEnergies,True,False
TotalEnergies CAFERBEY,38.479444,28.07919,TotalEnergies,False,False
TotalEnergies AYVACIK,39.61708,26.4081,TotalEnergies,False,False
TotalEnergies KÖPRÜBAŞI,37.877504,28.327964,TotalEnergies,False,False
TotalEnergies ULUCAK,38.463,27.3599,TotalEnergies,False,False
TotalEnergies ALAADDİN BLV,37.876744,32.494015,TotalEnergies,False,False
TotalEnergies FİNİKE,36.3282,30.16134,TotalEnergies,False,False
TotalEnergies ÜÇYOL,40.771892,29.949647,TotalEnergies,False,False
TotalEnergies VEZİRKÖPRÜ,41.133638,35.476166,TotalEnergies,False,False
TotalEnergies DOSB,40.801495,29.526594,TotalEnergies,False,False
TotalEnergies İSHAKLI,41.132702,29.28268,TotalEnergies,False,False
TotalEnergies BOZARMUT,37.30164,28.176136,TotalEnergies,False,False
TotalEnergies AKHİSAR,38.9134,27.8272,TotalEnergies,False,False
TotalEnergies KEŞAN,40.8503,26.62205,TotalEnergies,False,False
TotalEnergies MECİDİYE,40.643781,26.542271,TotalEnergies,False,False
TotalEnergies ŞEHZADELER,38.623408,27.431476,TotalEnergies,False,False
TotalEnergies ATA SANAYİ,37.973873,34.69693,TotalEnergies,False,False
TotalEnergies TAŞKÖPRÜ,40.84887,31.09085,TotalEnergies,False,False
TotalEnergies BAŞPINAR,37.1408,37.2989,TotalEnergies,False,False
TotalEnergies YENİ İZMİR CAD.,39.6306,27.882,TotalEnergies,False,False
TotalEnergies SANAYİ,39.763718,30.558649,TotalEnergies,False,False
TotalEnergies OTOGAR,38.5951,34.6747,TotalEnergies,False,False
TotalEnergies DİKİLİ,39.081431,26.897558,TotalEnergies,False,False
TotalEnergies ANAMUR,36.052414,32.816778,TotalEnergies,False,False
TotalEnergies KALE,37.457039,28.862514,TotalEnergies,False,False
TotalEnergies SAFRANBOLU,41.23838,32.675196,TotalEnergies,False,False
TotalEnergies KESTEL,40.208936,29.222658,TotalEnergies,False,False
TotalEnergies SEYDİKEMER,36.639986,29.337692,TotalEnergies,False,False
TotalEnergies SAPANCA,40.690695,30.221861,TotalEnergies,False,False
TotalEnergies VAN,38.501563,43.373576,TotalEnergies,False,False
TotalEnergies BAĞDAT CADDESİ,40.7674,29.9494,TotalEnergies,False,False
TotalEnergies BOLU,40.7287,31.5511,TotalEnergies,False,False
TotalEnergies SARAY,41.4371,27.9017,TotalEnergies,False,False
TotalEnergies MANİSA KIRKAĞAÇ,39.1011,27.6917,TotalEnergies,False,False
TotalEnergies İÇMELER,38.318285,26.710386,TotalEnergies,False,False
TotalEnergies SORGUN-2,39.8126,35.1454,TotalEnergies,False,False
TotalEnergies YEŞİLIRMAK,41.2027541902266,36.7295688454333,TotalEnergies,False,False
TotalEnergies NİĞDE,37.991154,34.727646,TotalEnergies,False,False
TotalEnergies KUTLU MH.,39.9169156459787,32.8998714566133,TotalEnergies,False,False
TotalEnergies KOZAN MERKEZ,37.461706,35.824617,TotalEnergies,False,False
TotalEnergies SARIMSAKLI,39.2638013866271,26.7081449070265,TotalEnergies,False,False
TotalEnergies KOSAR,37.191165,40.563687,TotalEnergies,False,False
TotalEnergies SERİK,36.917,31.0737,TotalEnergies,False,False
TotalEnergies SİNCAN-1,39.98419,32.56322,TotalEnergies,False,False
TotalEnergies BOYABAT,41.4446284920449,34.8090443513545,TotalEnergies,False,False
TotalEnergies URFA YOLU,37.9133985824578,40.1049829327682,TotalEnergies,False,False
TotalEnergies GÖLBAŞI,37.771921663,37.6112112,TotalEnergies,False,False
TotalEnergies ŞEKER,38.7583,35.4094,TotalEnergies,False,False
TotalEnergies YENİSAHRA,40.987597,29.087043,TotalEnergies,False,False
TotalEnergies KIRÇİÇEĞİ,36.948549,30.73905,TotalEnergies,False,False
TotalEnergies KAYNAŞLI,40.775915,31.306794,TotalEnergies,False,False
TotalEnergies ÇANAKKALE,40.127316,26.410494,TotalEnergies,False,False
TotalEnergies URLA,38.327626,26.748198,TotalEnergies,False,False
TotalEnergies NUSAYBİN,37.0912,41.2037,TotalEnergies,False,False
TotalEnergies YENİŞEHİR,40.934785,29.329015,TotalEnergies,False,False
TotalEnergies KEŞAN-2,40.874277,26.689083,TotalEnergies,False,False
TotalEnergies KARAMAN ERMENEK,36.6227,32.9187,TotalEnergies,False,False
TotalEnergies SİVAS CADDESİ,38.762344,35.564304,TotalEnergies,False,False
TotalEnergies BOĞAZKÖY,41.1528,28.7875,TotalEnergies,False,False
TotalEnergies DEVREK-2,41.2196,31.9527,TotalEnergies,False,False
TotalEnergies HAVALİMANI,36.349232,36.211578,TotalEnergies,False,False
TotalEnergies MERİNOS,40.199081,29.046583,TotalEnergies,False,False
TotalEnergies ALİBEYKÖY,41.069318,28.933134,TotalEnergies,False,False
TotalEnergies ATAKENT,41.061312,28.776703,TotalEnergies,False,False
TotalEnergies BOSTANCI,40.96614,29.104878,TotalEnergies,False,False
TotalEnergies NİLÜFER,40.211822,28.993848,TotalEnergies,False,False
TotalEnergies KOCASİNAN,38.777659,35.575113,TotalEnergies,False,False
TotalEnergies AKŞEHİR,38.338703,31.525121,TotalEnergies,False,False
TotalEnergies MERZİFON,40.8576,35.4582,TotalEnergies,False,False
TotalEnergies FSM BULVARI-2,39.983005,32.658205,TotalEnergies,False,False
TotalEnergies ETİMESGUT,39.900295,32.686955,TotalEnergies,False,False
TotalEnergies VİRANŞEHİR,37.225946380719,39.7358991015307,TotalEnergies,False,False
TotalEnergies KARAMAN MERKEZ,37.18203,33.23444,TotalEnergies,False,False
TotalEnergies GELİNDAĞI,41.518132,33.762725,TotalEnergies,False,False
TotalEnergies YUSUFELİ,40.8108718162546,41.5247246922851,TotalEnergies,False,False
TotalEnergies KÖPRÜBAŞI ,41.565838,35.884892,TotalEnergies,False,False
TotalEnergies ALEMDAĞ,41.0521,29.2397,TotalEnergies,False,False
TotalEnergies AKOLUK,40.9216,39.72484,TotalEnergies,False,False
TotalEnergies ESKİKALE ,39.748412,37.018725,TotalEnergies,False,False
TotalEnergies SALİHLİ,38.4818,28.0681,TotalEnergies,False,False
TotalEnergies KAPAKLI,38.962091,27.822421,TotalEnergies,False,False
TotalEnergies TARSUS,36.91792,34.91114,TotalEnergies,False,False
TotalEnergies ÇENGELKÖY,41.0513,29.0644,TotalEnergies,False,False
TotalEnergies GÜLÜMBE,40.198064,29.974745,TotalEnergies,False,False
TotalEnergies ALKENT,41.07922,28.62486,TotalEnergies,False,False
TotalEnergies ÇEVREYOLU,38.355222,38.327941,TotalEnergies,False,False
TotalEnergies ÖMERLİ,41.087222,29.347777,TotalEnergies,False,False
TotalEnergies TEKİRDAĞ ÇEVREYOLU,40.9992,27.5155,TotalEnergies,False,False
TotalEnergies BOZKIR-1,38.7951,34.0928,TotalEnergies,False,False
TotalEnergies BAĞLICA,39.897489,32.648514,TotalEnergies,False,False
TotalEnergies YÖRSAN,39.906333,28.166167,TotalEnergies,False,False
TotalEnergies SİVAS,39.727301,37.014061,TotalEnergies,False,False
TotalEnergies YÜREĞİR,36.9849,35.3652,TotalEnergies,False,False
TotalEnergies SELİMİYE,37.3887,27.6622,TotalEnergies,False,False
TotalEnergies AHMETÇE,39.583315,26.497515,TotalEnergies,False,False
TotalEnergies HAMZABEYLİ,41.8263575144769,26.7178623829253,TotalEnergies,False,False
TotalEnergies KALICI KONUTLAR,40.8602,31.2107,TotalEnergies,False,False
TotalEnergies TEM BULVARI,41.2815,27.9966,TotalEnergies,False,False
TotalEnergies MERKEZ,37.5143,34.0455,TotalEnergies,False,False
TotalEnergies GÜLTEPE,41.07505,28.99986,TotalEnergies,False,False
TotalEnergies ÜMRANİYE-2,41.0222057333069,29.112802353224,TotalEnergies,False,False
TotalEnergies ÇINARCIK,40.652383,29.176383,TotalEnergies,False,False
TotalEnergies HENDEK YANI,41.6328799633043,32.3414639979915,TotalEnergies,False,False
TotalEnergies DAVULTEPE,36.716282,34.480448,TotalEnergies,False,False
TotalEnergies ÇAMLICA,41.46371,34.79133,TotalEnergies,False,False
TotalEnergies ANKARA CD,40.781394,30.409532,TotalEnergies,False,False
TotalEnergies GAZİEMİR-2,38.3605,27.1366,TotalEnergies,True,False
TotalEnergies TUNALI,39.788658,30.518392,TotalEnergies,False,False
TotalEnergies BAŞMAKÇI-2,37.6542,34.6998,TotalEnergies,False,False
TotalEnergies ÇEVREYOLU,37.5273,34.0602,TotalEnergies,False,False
TotalEnergies SAMSUN,41.31138,36.30001,TotalEnergies,False,False
TotalEnergies BOR YOLU,37.940261,34.614161,TotalEnergies,False,False
TotalEnergies BOZKIR-2,38.7976,34.0931,TotalEnergies,False,False
TotalEnergies ÜNYE,41.1453,37.2555,TotalEnergies,False,False
TotalEnergies MAMAK,39.894921,32.926435,TotalEnergies,False,False
TotalEnergies MALAZGİRT,39.147821,42.537614,TotalEnergies,False,False
TotalEnergies ÇİNE,37.599503,28.05994,TotalEnergies,False,False
TotalEnergies AKSU MERKEZ,36.946932,30.853778,TotalEnergies,False,False
TotalEnergies ÇAYCUMA - 1,41.409908,32.090109,TotalEnergies,False,False
TotalEnergies EYYÜBİYE,37.0991111858554,38.7965284588531,TotalEnergies,False,False
TotalEnergies KEMALPAŞA,38.461916,27.378396,TotalEnergies,False,False
TotalEnergies İSKİTLER,39.9568,32.8455,TotalEnergies,False,False
TotalEnergies ÇEVREYOLU,37.4439240578649,35.7966820725253,TotalEnergies,False,False
TotalEnergies AMASYA MERKEZ,40.5998,35.8075,TotalEnergies,False,False
TotalEnergies YENİŞEHİR,40.255811,29.647111,TotalEnergies,False,False
TotalEnergies ELBİSTAN,38.206734,37.204371,TotalEnergies,False,False
TotalEnergies BAĞCILAR,41.046863,28.834681,TotalEnergies,False,False
TotalEnergies MERSİN,36.7968426142737,34.6003764535555,TotalEnergies,False,False
TotalEnergies ALTINEKİN,38.309424,32.857304,TotalEnergies,False,False
TotalEnergies HAMİTBEY,40.2172,28.7552,TotalEnergies,False,False
TotalEnergies ÇATALCA,41.132799,28.470239,TotalEnergies,False,False
TotalEnergies KAVLAK,39.5212159973379,36.8724207874939,TotalEnergies,False,False
TotalEnergies MAHABAT,37.9234219874861,40.1493722190877,TotalEnergies,False,False
TotalEnergies HASBAHÇE,36.553873,32.007908,TotalEnergies,False,False
TotalEnergies GÜNEYSU,40.992271,40.604174,TotalEnergies,False,False
TotalEnergies GÖKSUN,38.0259,36.4983,TotalEnergies,False,False
TotalEnergies İNCEBURUN,42.0245,35.1391,TotalEnergies,False,False
TotalEnergies KABASAKAL,37.0573,35.2269,TotalEnergies,False,False
TotalEnergies ÖZALP,38.66061,43.99627,TotalEnergies,False,False
TotalEnergies AHLAT,38.757927,42.522264,TotalEnergies,False,False
TotalEnergies ÇAYIROVA,40.841735,29.405268,TotalEnergies,False,False
TotalEnergies BAŞİSKELE,40.706119,29.875038,TotalEnergies,False,False
TotalEnergies KARATAY,37.887267,32.524812,TotalEnergies,False,False
TotalEnergies KURTKÖY,40.907918,29.293301,TotalEnergies,False,False
TotalEnergies LÜLEBURGAZ,41.401427,27.37092,TotalEnergies,True,False
TotalEnergies ÇORLU ÇIKIŞI,41.222009,27.861345,TotalEnergies,False,False
TotalEnergies SİNANPAŞA,38.7973,30.0513,TotalEnergies,False,False
TotalEnergies KOCAALİ,41.07178,30.85858,TotalEnergies,False,False
TotalEnergies ÇİĞLİ,38.484881,27.072978,TotalEnergies,False,False
TotalEnergies GEYVE,40.5853646418593,30.3277461531194,TotalEnergies,False,False
TotalEnergies ARDAHAN,41.11176,42.6998,TotalEnergies,False,False
TotalEnergies MENTEŞE,37.1523744340747,28.4994991392115,TotalEnergies,False,False
TotalEnergies ANTALYA OSB,37.0875,30.620556,TotalEnergies,False,False
TotalEnergies SARNIÇ,37.1799,28.3719,TotalEnergies,False,False
TotalEnergies ÜNİVERSİTE YOLU ,37.951586,40.31884,TotalEnergies,False,False
TotalEnergies AKÇAKİRAZ,38.6228266718609,39.2563807582987,TotalEnergies,False,False
TotalEnergies GÜNEY ÇEVREYOLU,38.6365,39.1346,TotalEnergies,False,False
TotalEnergies ERZİN,37.0003,36.1362,TotalEnergies,False,False
TotalEnergies KAĞITHANE,41.0945,28.99309,TotalEnergies,False,False
TotalEnergies KÜTAHYA GİRİŞİ,39.5446,30.0561,TotalEnergies,False,False
TotalEnergies DEĞİRMEN,39.5621,29.4613,TotalEnergies,False,False
TotalEnergies ATATÜRK BULVARI,37.763764,38.301619,TotalEnergies,False,False
TotalEnergies AKBELEN,36.8308,34.5913,TotalEnergies,False,False
TotalEnergies TEŞVİKİYE,40.5139879478757,30.2444157550927,TotalEnergies,False,False
TotalEnergies YILDIZTEPE,39.757672,30.514599,TotalEnergies,False,False
TotalEnergies ORHANGAZİ-1,40.5051280245899,29.3162541454508,TotalEnergies,True,False
TotalEnergies MENDERES CD,39.426173,29.971543,TotalEnergies,False,False
TotalEnergies LİKYA YOLU,36.57215,29.345298,TotalEnergies,False,False
TotalEnergies ANTALYA YOLU,37.385071,29.417133,TotalEnergies,False,False
TotalEnergies GÜLLÜK,37.2404,27.6357,TotalEnergies,False,False
TotalEnergies LAPSEKİ,40.338894,26.693661,TotalEnergies,False,False
TotalEnergies KUMCULAR,40.981826,28.682616,TotalEnergies,False,False
TotalEnergies ÇAYÜSTÜ,39.3778,27.9564,TotalEnergies,False,False
TotalEnergies MAŞUKİYE,40.716614,30.120607,TotalEnergies,False,False
TotalEnergies GELENBE,39.1909,27.8536,TotalEnergies,False,False
TotalEnergies MAZIDAĞI,37.543355,40.549199,TotalEnergies,False,False
TotalEnergies MEZİTLİ,36.755077,34.539555,TotalEnergies,False,False
TotalEnergies BURDUR YEŞİLOVA,37.5238,29.8992,TotalEnergies,False,False
TotalEnergies ŞARKÖY,40.6158,27.1196,TotalEnergies,False,False
TotalEnergies ŞAKİRPAŞA,36.9937,35.3032,TotalEnergies,False,False
TotalEnergies DEVREK,41.198,31.945,TotalEnergies,False,False
TotalEnergies KOZAN,37.46,35.810347,TotalEnergies,False,False
TotalEnergies OSTİM,39.97476,32.75859,TotalEnergies,False,False
TotalEnergies MARMARİS,36.858836,28.264791,TotalEnergies,False,False
TotalEnergies GÖNEN,40.142448,27.677565,TotalEnergies,False,False
TotalEnergies GÜRÜN,38.7557,37.0448,TotalEnergies,False,False
TotalEnergies MANYAS,40.058036,27.968956,TotalEnergies,False,False
TotalEnergies MANYAS -2,40.058036,27.968956,TotalEnergies,False,False
TotalEnergies İPEKYOLU,38.4924,43.3701,TotalEnergies,False,False
TotalEnergies TATVAN,38.4844,42.2997,TotalEnergies,False,False
TotalEnergies UZUNKÖPRÜ,41.170828,26.863353,TotalEnergies,False,False
TotalEnergies DİKİLİ BAHÇELİ,39.191165,26.812696,TotalEnergies,False,False
TotalEnergies YALOVA,40.659468,29.300288,TotalEnergies,False,False
TotalEnergies GÜNEYKENT,37.898065,30.37644,TotalEnergies,False,False
TotalEnergies İNÖNÜ MH,41.4209087778783,33.8021835279134,TotalEnergies,False,False
TotalEnergies SİDE,36.788845,31.41313,TotalEnergies,False,False
TotalEnergies GÖLTÜRKBÜKÜ,37.101654,27.397509,TotalEnergies,False,False
TotalEnergies GÜLVEREN,39.942934,32.888601,TotalEnergies,False,False
TotalEnergies KÖŞKKÖY,37.3566,27.6952,TotalEnergies,False,False
TotalEnergies KEMİKLER,37.2038,27.6421,TotalEnergies,False,False
TotalEnergies İVRİNDİ,39.600598,27.488486,TotalEnergies,False,False
TotalEnergies ANTALYA HAL KAVŞAĞI,36.909668738978,30.7409090301602,TotalEnergies,False,False
TotalEnergies SİVEREK,37.7127021,39.280608,TotalEnergies,False,False
TotalEnergies ANTALYA ÇEVREYOLU,36.9048,30.7542,TotalEnergies,False,False
TotalEnergies HAVAALANI YOLU,36.9926510891293,37.4479692679715,TotalEnergies,False,False
TotalEnergies SAMANDIRA,40.9498928,29.2156402,TotalEnergies,False,False
TotalEnergies AKDENİZ SANAYİ,36.9175,30.639722,TotalEnergies,False,False
TotalEnergies TOSYA,40.965835,33.976663,TotalEnergies,False,False
TotalEnergies KARAMAN,37.1923,33.2104,TotalEnergies,False,False
TotalEnergies SELÇUKLU,37.910238,32.499855,TotalEnergies,False,False
TotalEnergies YEŞİLTEPE,38.36297,38.283374,TotalEnergies,False,False
TotalEnergies KULU,39.1097,33.0859,TotalEnergies,False,False
TotalEnergies ODUNPAZARI,39.763852,30.566611,TotalEnergies,False,False
TotalEnergies GÖCEK,36.7602,28.8815,TotalEnergies,False,False
TotalEnergies HARAMİDERE,41.004263,28.684168,TotalEnergies,False,False
TotalEnergies ISPARTAKULE 2,41.057866,28.713153,TotalEnergies,False,False
TotalEnergies MUCUR 1,39.06422,34.39151,TotalEnergies,False,False
TotalEnergies MALTEPE,40.939753,29.133362,TotalEnergies,False,False
TotalEnergies ORHANGAZİ-BATI,40.5276,29.3418,TotalEnergies,True,False
TotalEnergies KISIKLI,41.023902,29.081563,TotalEnergies,False,False
TotalEnergies HAVALİMANI KAVŞAĞI-1,41.24525,28.701698,TotalEnergies,False,False
TotalEnergies OSMANİYE,37.062739,36.223339,TotalEnergies,False,False
TotalEnergies TERMİNAL,40.273585,29.054601,TotalEnergies,False,False
TotalEnergies GAZİPAŞA,36.251438,32.338023,TotalEnergies,True,False
TotalEnergies OĞUZELİ,36.976417,37.494404,TotalEnergies,False,False
TotalEnergies KIZILTEPE,37.206443,40.608589,TotalEnergies,False,False
TotalEnergies GÖLMARMARA,38.678233,27.9461575,TotalEnergies,False,False
TotalEnergies DİYADİN,39.5506,43.6642,TotalEnergies,False,False
TotalEnergies KARŞIYAKA,40.0023,32.7793,TotalEnergies,False,False
TotalEnergies ISPARTA HAVALİMANI,37.8976450862754,30.3784323056462,TotalEnergies,False,False
TotalEnergies CEYLANPINAR,36.87213,40.041321,TotalEnergies,False,False
TotalEnergies HACIBEKTAŞ,38.98881,34.52011,TotalEnergies,False,False
TotalEnergies TEKİRDAĞ KUMBAĞ,40.89503,27.4561,TotalEnergies,False,False
TotalEnergies YAZ YURDU,36.2306,32.3762,TotalEnergies,False,False
TotalEnergies DİGOR YOLU,40.586639,43.129357,TotalEnergies,False,False
TotalEnergies YAVUZ SELİM MH,41.033376,28.85137,TotalEnergies,False,False
TotalEnergies TERCAN,39.741121,40.268914,TotalEnergies,False,False
TotalEnergies MİDYAT,37.3954208322091,41.3958627430166,TotalEnergies,False,False
TotalEnergies BURUK TOKİ,37.0578050848666,35.4847503724459,TotalEnergies,False,False
TotalEnergies YENİŞEHİR,36.7903,34.5642,TotalEnergies,False,False
TotalEnergies NAZİLLİ,37.908783,28.315602,TotalEnergies,False,False
TotalEnergies KINIKLI,37.7458,29.1082,TotalEnergies,False,False
TotalEnergies SULTANBEYLİ,40.969778,29.266099,TotalEnergies,False,False
TotalEnergies KARAMAN ÇAKIRBAĞ,37.19351,33.1507,TotalEnergies,False,False
TotalEnergies GÖKÇEBEY,41.353336,32.089752,TotalEnergies,False,False
TotalEnergies YERKÖY,39.66397,34.49995,TotalEnergies,False,False
TotalEnergies KARAEVLİ,41.0019,27.6643,TotalEnergies,False,False
TotalEnergies BOĞAZKÖPRÜ-1,38.7662,35.2952,TotalEnergies,False,False
TotalEnergies HİMMETDEDE,38.9076,35.0952,TotalEnergies,False,False
TotalEnergies ÖRENŞEHİR,38.7005,35.2516,TotalEnergies,False,False
TotalEnergies ANBAR,38.7571,35.3787,TotalEnergies,False,False
TotalEnergies BAŞAKŞEHİR,41.098418,28.791051,TotalEnergies,False,False
TotalEnergies TUGAY,37.0936,37.3426,TotalEnergies,False,False
TotalEnergies SARIAĞAÇ,36.2756,32.3081,TotalEnergies,False,False
TotalEnergies SARUHANLI,38.737835,27.595318,TotalEnergies,False,False
TotalEnergies SİVAS OTOGAR,39.733329031889,37.0202955027799,TotalEnergies,False,False
TotalEnergies GÖKÇEYAZI,39.63756,27.67374,TotalEnergies,False,False
ABDULKADİR EROĞLU PETROL,37.7341,38.2354,Türkiye Petrolleri,False,False
ADA ARİF PETROL,40.7409,30.4277,Türkiye Petrolleri,False,False
ADEM ÖZDEMİR PETROL,38.33327,28.56159,Türkiye Petrolleri,False,False
Adnan Erdoğmuş,39.5040131,34.75717,Türkiye Petrolleri,False,False
ALPTAN PETROL,38.7779,30.4983,Türkiye Petrolleri,False,False
ALTERNATİF PETROL,40.3369,34.4198,Türkiye Petrolleri,False,False
ARSLAN PETROL,36.2587,36.5896,Türkiye Petrolleri,False,False
ARZUM PETROL,39.5757,31.9515,Türkiye Petrolleri,False,False
ASERSAN PETROL İZMİR,38.45873,27.2479153,Türkiye Petrolleri,False,False
ATARLAR PETROL KONYA,37.98308,32.7228546,Türkiye Petrolleri,False,False
AYIŞIĞI PETROL,36.62969,36.1986771,Türkiye Petrolleri,False,False
AZR POWER ENERJİ VE TİCARET LİMİTED ŞİRKETİ,40.3084,35.9014,Türkiye Petrolleri,False,False
Basil Petrol Ürünleri Nakliye Otobüs İşletmesi İnşaat Malz,40.77587,29.7208672,Türkiye Petrolleri,False,False
BG PETROL,39.7535,37.0559,Türkiye Petrolleri,False,False
BİR YAKIT PETROL,39.9587,32.688,Türkiye Petrolleri,False,False
BOĞAZ PETROL,41.17146,27.80061,Türkiye Petrolleri,False,False
CCK PETROL,37.1806374,36.7499123,Türkiye Petrolleri,False,False
CEMİL İNCİ PETROL,37.4238739,37.6480179,Türkiye Petrolleri,False,False
CENNET PETROL,36.9473839,37.515873,Türkiye Petrolleri,False,False
CEVAHİR ENERJİ AKARYAKIT,40.76746,29.95932,Türkiye Petrolleri,False,False
CİHAT PETROL,39.533,29.4748173,Türkiye Petrolleri,False,False
ÇINAR AKARYAKIT OTOMOTİV,40.8861122,29.23611,Türkiye Petrolleri,False,False
EGESU PETROL,40.68081,36.5716,Türkiye Petrolleri,False,False
EMAK PETROL,38.2694,29.3509,Türkiye Petrolleri,False,False
EMİN PETROL ÇORUM,40.6134,35.1269,Türkiye Petrolleri,False,False
ENVOY PETROL KIRIKKALE,39.7005,33.5878,Türkiye Petrolleri,False,False
EOS Petrol Ür. Nak. Gıda Soğuk Hava Deposu Turizm San. ve,37.8879433,30.72069,Türkiye Petrolleri,False,False
ER OTOMOTİV PETROL,39.7281532,37.01441,Türkiye Petrolleri,False,False
ER TAŞ PETROL,39.0044,43.3132,Türkiye Petrolleri,False,False
EREĞLİ EROĞLU PETROL,41.1757,31.5083,Türkiye Petrolleri,False,False
ETRA PETROL,36.9098,34.3827,Türkiye Petrolleri,False,False
FEYSA ULUSLARARASI NAKLİYAT,37.18518,40.598175,Türkiye Petrolleri,False,False
GARANTİ PETROL,40.8742447,26.6389027,Türkiye Petrolleri,False,False
GESAN PETROL ANTALYA,36.9171143,31.06643,Türkiye Petrolleri,False,False
Gökçeler Akaryakıt Turizm İnş. Tavukçuluk Day. Tük. Mal. S,40.9260826,32.1808357,Türkiye Petrolleri,False,False
GÜLERCAM PETROL,41.36863,27.4102917,Türkiye Petrolleri,False,False
GÜLYAZI PETROL,37.3773,42.9823875,Türkiye Petrolleri,False,False
H.S.K PETROL,36.9861259,37.4595833,Türkiye Petrolleri,False,False
İÇEL PETROL,36.8169975,34.8108826,Türkiye Petrolleri,False,False
İKRAM PETROL,40.52988,34.92188,Türkiye Petrolleri,False,False
İNAL PETROL,40.57093,34.9630432,Türkiye Petrolleri,False,False
İSTANBUL ENERJİ,41.1131859,29.0555611,Türkiye Petrolleri,False,False
Kökten Petrol Ürünleri Nakliye Zirai Ticaret Limited Şirke,39.0225754,31.7819347,Türkiye Petrolleri,False,False
KURSAN PETROL,39.59889,27.0,Türkiye Petrolleri,False,False
MAYDALAR PETROL,38.36173,33.9917679,Türkiye Petrolleri,False,False
Mehmet DEMİR,37.16341,36.83544,Türkiye Petrolleri,False,False
Mehmet Yatır,39.4769363,30.9899368,Türkiye Petrolleri,False,False
MELİSA PETROL,37.87038,27.2746849,Türkiye Petrolleri,False,False
MEVLANA PETROL,37.7493,30.4592,Türkiye Petrolleri,False,False
MİM PETROL BURDUR,37.4294243,30.46544,Türkiye Petrolleri,False,False
MRL PETROL MERSİN,36.8219452,34.61222,Türkiye Petrolleri,False,False
MUZAFFER AVCI PETROL,38.0026245,32.78462,Türkiye Petrolleri,False,False
NEMTRANS LOJİSTİK HİZMETLERİ VE PETROL ÜRÜNLERİ,40.4094429,29.1275,Türkiye Petrolleri,False,False
NİDA PETROL,39.9730072,43.92893,Türkiye Petrolleri,False,False
NOUN PETROL,40.12063,32.9983,Türkiye Petrolleri,False,False
Nurettin GÜNAYDIN,38.8674431,34.4597244,Türkiye Petrolleri,False,False
ÖZ ULAŞLI PETROL,37.124,36.2039,Türkiye Petrolleri,False,False
ÖZGÜR NAKLİYAT PETROL,37.5527,34.1031075,Türkiye Petrolleri,False,False
Özlem Akaryakıt Ürünleri Tarım Nakliye Hayvancılık İnşaat,39.53553,35.3266335,Türkiye Petrolleri,False,False
ÖZSA PETROL,41.1304,35.4796,Türkiye Petrolleri,False,False
ÖZTÜRK PETROL HONAZ,37.7609177,29.2752876,Türkiye Petrolleri,False,False
RAMANLILAR PETROL,37.8849449,41.13981,Türkiye Petrolleri,False,False
SAF PETROLCÜLÜK,38.7639,30.2988,Türkiye Petrolleri,False,False
SAMSUN 55 PETROL TOKAT,40.2812,36.2871,Türkiye Petrolleri,False,False
SBÇ PETROL,37.025,37.9273,Türkiye Petrolleri,False,False
SEÇ PETROL OSMANİYE,37.12164,36.3275871,Türkiye Petrolleri,False,False
Sorgun Köyü Tarımsal Kalkınma Kooperatifi,39.882,29.3202419,Türkiye Petrolleri,False,False
STAR  PETROL,36.63149,29.1498165,Türkiye Petrolleri,False,False
ŞAPÇI PETROL,40.9061737,26.3752632,Türkiye Petrolleri,False,False
Tabakoğulları Evreşe Petrol Ür. Tic. Ltd. Şti.,40.662693,26.8790836,Türkiye Petrolleri,False,False
TERMESSOS PETROL,37.035202,30.4493752,Türkiye Petrolleri,False,False
TK DEMİR PETROL,40.5298,36.9032,Türkiye Petrolleri,False,False
TOPÇAM PETROL KAVAK,41.0761,36.069,Türkiye Petrolleri,False,False
TP ADANA DOCO,37.00683,35.36094,Türkiye Petrolleri,False,False
TP ARNAVUTKÖY DOCO,41.1892853,28.7428513,Türkiye Petrolleri,False,False
TP ATAKUM DOCO,41.3108025,36.27577,Türkiye Petrolleri,False,False
TP ATAŞEHİR DOCO,40.9791527,29.1047764,Türkiye Petrolleri,False,False
TP BODRUM DOCO,37.0509,27.4476,Türkiye Petrolleri,False,False
TP ÇANKAYA DOCO,39.8979,32.8431,Türkiye Petrolleri,False,False
TP ÇAYYOLU DOCO,39.8926659,32.6743736,Türkiye Petrolleri,False,False
TP DİKMEN DOCO,39.8837,32.8394,Türkiye Petrolleri,False,False
TP DOCO MAMAK,39.9356651,32.8946571,Türkiye Petrolleri,False,False
TP DOLAPDERE DOCO,41.0385,28.9733,Türkiye Petrolleri,False,False
TP ETİMESGUT 2 DOCO,39.9532,32.6367,Türkiye Petrolleri,False,False
TP FATSA DOCO,41.0616,37.4735,Türkiye Petrolleri,False,False
TP KAYSERİ DOCO 1,38.757782,35.5587959,Türkiye Petrolleri,False,False
TP KAYSERİ DOCO 2,38.7137,35.5618,Türkiye Petrolleri,False,False
TP KAYSERİ DOCO 3,38.70769,35.57308,Türkiye Petrolleri,False,False
TP MİLAS DOCO,37.1679,27.5942,Türkiye Petrolleri,False,False
TP MURATPAŞA DOCO,36.8599,30.7924,Türkiye Petrolleri,False,False
TP OSMANGAZİ DOCO,40.2344,29.0624,Türkiye Petrolleri,True,False
TP OSTİM DOCO,39.9775276,32.76393,Türkiye Petrolleri,False,False
TP SİLİVRİ  DOCO,41.07181,28.27659,Türkiye Petrolleri,False,False
TP SİNCAN DOCO,39.9492,32.602,Türkiye Petrolleri,False,False
TP SİNOP DOCO,42.0245,35.1394,Türkiye Petrolleri,False,False
TP ŞAHİNBEY DOCO,37.02659,37.32269,Türkiye Petrolleri,False,False
TUĞBA ALTUN PETROL,39.8058548,36.15054,Türkiye Petrolleri,False,False
TUĞRA PETROL AMASYA,40.87684,35.58972,Türkiye Petrolleri,False,False
UĞUR BAYRAM PETROL,37.2322121,39.79249,Türkiye Petrolleri,False,False
ULUKAN PETROL,40.9046,40.10758,Türkiye Petrolleri,False,False
Umurbey Belediyesi Bahriye Hayvancılık Gıda Tar. Taş. Pet.,40.23735,26.6028328,Türkiye Petrolleri,False,False
UMUT PETROL,41.2008,36.9708,Türkiye Petrolleri,False,False
ÜLKÜ PETROL,40.0187263,32.3288269,Türkiye Petrolleri,False,False
YASEMİN AYAZ PETROL,36.9137268,30.7163963,Türkiye Petrolleri,False,False
YEŞİLKAYA PETROL,38.5528,39.2507,Türkiye Petrolleri,False,False
Yeşiltepe Petrol,39.80472,30.4875,Türkiye Petrolleri,False,False
Yılmaz MERDAN,39.61672,34.0963974,Türkiye Petrolleri,False,False
